Rank,TeamId,TeamName,LastSubmissionDate,Score,SubmissionCount,TeamMemberUserNames
1,16514272,"Dominic Peel","2026-07-26 12:41:05",1153.8,2,dompeel
2,16380946,flg,"2026-07-27 16:13:32",1152.1,2,ferdinandlimburg
3,16463316,LiamK,"2026-07-26 21:41:40",1150.7,2,lpkirwin
4,16408505,JZ,"2026-07-27 06:47:27",1150.4,2,zhoujiachen
5,16411724,"me and the lads","2026-07-28 14:59:06",1147.0,2,"alexdruzenko,rushia,saivedagiri,shricharanks,vvpal21"
6,16391123,Iliamna,"2026-07-27 02:22:40",1147.0,2,"decotoj,zack873"
7,16375647,"James Cox","2026-07-24 15:18:14",1143.5,2,zoroark190
8,16531269,"Dries @ Tufa Labs","2026-07-26 13:51:57",1141.2,2,driessmit1
9,16381823,"Yushin Ito","2026-07-17 02:27:09",1139.8,2,yushin505
10,16386872,titako0000,"2026-07-28 10:44:31",1135.0,2,titako0000
11,16464757,wwwwwwwwwwwwwwwwwwwwwwwwwwwwww,"2026-07-28 08:29:09",1132.8,2,wwwwwwwwwwwwwwwwwwww
12,16374395,Majkel1337,"2026-07-27 22:55:57",1129.4,2,majkel1337
13,16461850,"Matheus, Dieter, Eduardo","2026-07-26 21:57:51",1128.6,4,"arc144,christofhenkel,tomirol"
14,16464168,"Pokémon Day Care","2026-07-28 15:32:11",1127.7,2,markorupnik
15,16386246,懒惰的金枪鱼,"2026-07-28 05:25:18",1123.9,2,"jiaclv,jinruixu11,lain12123,psycheeee"
16,16438680,想要成为kaggle大师,"2026-07-28 14:15:05",1122.3,2,pseree
17,16400014,__Taichicchi__,"2026-07-26 14:29:58",1120.9,2,hutch1221
18,16448747,Luca,"2026-07-28 15:29:52",1118.9,2,yijiey
19,16561141,"A. R. SEKKAT","2026-07-26 08:11:51",1114.9,2,arsekkat
20,16487924,lmaffei,"2026-07-25 16:33:23",1112.9,2,lmaffei
21,16454068,"Where is my orbit","2026-07-24 20:33:58",1109.5,2,mikaelkerimov
22,16390101,Pokopia,"2026-07-28 14:15:04",1105.5,2,"dfgtde,timothyzhang123,xiumu33,yilinge,yuyizhu"
23,16371653,213tubo,"2026-07-28 16:19:46",1103.5,2,"oimoio,tubotubo,zaburo"
24,16505594,"Pokemon Fan","2026-07-27 14:58:45",1100.7,2,"hengck23,yiheng"
25,16376653,"szlachetny snieg","2026-07-28 00:24:20",1098.6,2,takayukiimoto
26,16395176,"Zhenyu Zhang","2026-07-28 07:45:34",1098.3,2,"horizen12,yaoyuchen0925"
27,16371703,やる気元気ミワハルキ,"2026-07-28 11:18:58",1095.3,2,"cnumber,confirm,harukimiwa,masayoshi64,tomo0608"
28,16425135,Rmy,"2026-07-27 17:57:29",1093.7,2,mekory
29,16372782,"Pokemon Siuuuu","2026-07-25 14:09:52",1091.5,2,"jihuaye,junyouli11,lucasliu06,ruoyihanwang,toolazyhhh123"
30,16411029,"ANDPAD kaggler team","2026-07-28 12:43:09",1088.6,2,"rick0000,shikitorarr"
31,16462035,"Azat Akhtyamov","2026-07-27 02:58:59",1088.2,2,azakhtyamov
32,16397524,jiatu.l,"2026-07-28 15:09:15",1086.4,2,jiatul
33,16426595,"Xiangyu Liu","2026-07-26 12:55:39",1086.2,2,xiangyuliu007
34,16372765,レジギガス大好き,"2026-07-28 16:30:27",1084.1,2,moritake04
35,16531877,"Vadim Vasilenko","2026-07-26 21:43:58",1083.0,2,vadimvasilenko
36,16514878,"Hancang Mi","2026-07-28 08:16:56",1078.5,2,hancangmi
37,16450476,Thai,"2026-07-28 09:22:13",1077.9,2,hnthai
38,16375320,カントー地方マスター(KantoRegionMaster),"2026-07-25 13:39:35",1076.4,2,"jjinho,ttyn4519"
39,16401597,Benarg,"2026-07-27 16:36:34",1075.9,2,benarg
40,16372029,Jack,"2026-07-28 17:01:12",1075.4,2,jackvd
41,16516416,"Dragon Ball Z","2026-07-27 05:58:33",1074.4,2,"hemanthraju311,praveensahukari,vatsalkshah"
42,16381127,"Boss's Orders Are All You Need","2026-07-28 12:12:14",1074.1,2,"almondman0707,charmq,kazukikumegawa,ymgpalaqs"
43,16422150,junlee789,"2026-07-24 00:54:45",1072.1,2,pablolee789
44,16388364,miya,"2026-07-25 22:41:09",1071.4,2,miyamuratakeki
45,16371829,"e-toppo + kurupical","2026-07-28 13:27:06",1070.2,2,"kurupical,masatomatsui"
46,16372567,nmdcddwzml,"2026-07-28 14:19:33",1065.0,2,mujian63
47,16446951,NIWATORI,"2026-07-28 12:48:31",1063.7,2,niwatori
48,16483241,"☕ Psyduck Needs Coffee","2026-07-27 12:09:54",1062.5,2,xincuimath
49,16443927,"Suyash Verma","2026-07-28 13:10:49",1061.4,2,"rajveersrajput080,suyashdiamond1"
50,16385372,kashiwashira,"2026-07-28 10:45:51",1060.1,2,kashiwashira
51,16381624,LumenLiquidity,"2026-07-28 13:29:01",1053.6,2,"giovannibaldon,pasqualemadd4loni"
52,16404352,Oshbocker,"2026-07-26 00:42:12",1051.8,2,oshbocker
53,16448642,대답해드리는게인지상정,"2026-07-28 10:08:23",1050.2,2,megayak
54,16372608,cm391,"2026-07-27 16:00:02",1049.4,2,mccocoful
55,16374074,"Octavi Grau","2026-07-28 14:37:42",1048.8,2,octaviograu
56,16371606,Pokér-man,"2026-07-27 17:36:19",1046.6,2,wscmisx
57,16375635,ktr,"2026-07-26 02:10:39",1046.0,2,kcotton21
58,16382207,Lunariz,"2026-07-28 14:36:15",1045.5,2,lunariz
59,16371479,ヌメルゴンex,"2026-07-28 00:13:18",1044.9,2,"dehokanta,yakumaru72,zakopur0"
60,16371427,bono,"2026-07-26 03:49:47",1044.8,2,kjoonha
61,16445525,齐乐,"2026-07-23 06:05:21",1043.6,2,qile200107
62,16441077,haggle,"2026-07-28 12:59:42",1042.9,2,"aliyelbekov,innerf1re,markslavin,nantohock"
63,16382964,Rafael,"2026-07-26 23:16:02",1041.4,2,rafaeldsjhkas
64,16505814,"john jiang zhifeng","2026-07-26 00:11:45",1041.1,2,johnjiangzhifeng
65,16499803,"Team Rot-Weiß","2026-07-28 16:02:00",1040.6,2,moritzpaal
66,16386193,ebisu_ya,"2026-07-28 08:48:44",1040.2,2,ebisuya
67,16405655,saeNeko,"2026-07-28 14:15:19",1039.5,2,sae20gorilla
68,16514960,YuPengCao,"2026-07-27 02:33:05",1036.3,2,yupengcao111
69,16377557,ポケカ前線,"2026-07-25 17:49:03",1035.9,2,"keitookamoto,lemoninthelemonade,yuubinnkyoku"
70,16383701,Phil_Hellmuth,"2026-07-28 16:59:55",1034.5,2,"ajain2036,eliteballer1511,kbmaster1706,riyanpatil"
71,16372307,"Team KASA.","2026-07-27 11:35:16",1033.2,2,"akinoo,kentatata,shoegusa,tomokihirose,yamadatoshiya"
72,16371723,RtoABC,"2026-07-28 10:03:13",1031.7,2,"go5kuramubon,kaidomitsu,nmlibrary"
73,16372394,rmizuta,"2026-07-27 01:00:49",1031.7,2,rmizuta
74,16462943,Ghleii,"2026-07-24 09:40:39",1031.3,2,"gihyanglee,rmuraix"
75,16389043,Pushu?,"2026-07-28 12:43:07",1030.9,2,"atshimamura,galois1123"
76,16373846,"Gemini ch.","2026-07-28 15:39:41",1030.3,2,"macsaho,mukunoke,tks3210,yu0307,yuikag"
77,16431331,insuperabilehart,"2026-07-28 16:26:06",1029.8,2,insuperabile
78,16590916,Kusanagi,"2026-07-28 10:40:09",1029.3,2,kusanagiap
79,16440585,Brahim,"2026-07-24 13:33:56",1027.5,2,brahimdriss
80,16481642,"Käfersammler Max","2026-07-26 17:42:41",1026.4,2,maximiliangrohmann
81,16397982,NorthStar,"2026-07-28 07:54:57",1025.9,2,"nehak76044,rishavutkarsh"
82,16371466,btk15049,"2026-07-17 14:28:39",1025.7,2,btk15049
83,16489356,Bulba-Zero,"2026-07-28 15:00:56",1025.1,2,"faytinn,littlestronomer,rusenbirben"
84,16442659,cununn,"2026-07-27 14:09:51",1024.9,2,w007425y
85,16381145,Y,"2026-07-25 18:20:05",1023.8,2,maciejsypetkowski
86,16400618,"Made a Beautiful Bouquet","2026-07-28 11:43:00",1023.3,2,zaiwubian
87,16376598,Kohecchi,"2026-07-23 00:07:11",1022.6,2,kohecchi
88,16379679,arai9953,"2026-07-28 14:23:03",1022.4,2,arai9953
89,16385250,matsurih,"2026-07-26 05:54:51",1022.1,2,matsurihime
90,16377894,Orin,"2026-07-28 17:11:52",1018.7,2,neon279
91,16382034,"Chua Zheng Wei Brian","2026-07-26 08:30:41",1018.0,2,chuazhengweibrian
92,16382914,vibechu,"2026-07-28 13:55:16",1017.1,2,"h4pzzz,santiagojumah"
93,16474254,fishcat,"2026-07-27 07:04:03",1016.5,2,fishcat37
94,16385817,"M Sato","2026-07-28 14:30:32",1015.3,2,masasato1999
95,16407282,"SQUIRTLE (prime)","2026-07-24 22:40:40",1014.9,2,"betmyex,doifgoox,garifullintimur,naviniklag"
96,16372591,Boseiju,"2026-07-28 14:20:57",1014.9,2,brechtf
97,16566047,jneums,"2026-07-26 13:05:24",1013.8,2,jesneuman
98,16378362,Tanupro,"2026-07-28 09:37:57",1013.6,2,tanupro
99,16427180,typeIIIfairy,"2026-07-28 12:52:16",1012.8,2,typeiiifairy
100,16371722,nasuo445,"2026-07-17 15:31:52",1012.7,2,nasuo445
101,16570624,"Abhiraj Singh","2026-07-24 19:40:42",1012.7,2,cyberdrago
102,16393241,WinDecks,"2026-07-16 12:53:13",1012.1,2,pokekaryo
103,16380112,"kenkoooo @ estie, inc.","2026-07-28 02:29:18",1010.9,2,kenkoooo
104,16377088,syuuuuu,"2026-07-26 09:07:59",1010.9,2,"qshiki,syuuuuukun"
105,16383960,宝糕手,"2026-07-28 04:58:54",1010.7,2,tommycyd
106,16489999,"Gijs Smit","2026-07-28 08:25:42",1010.7,2,gijssmit
107,16371434,Budew,"2026-07-28 15:53:56",1009.8,2,nht1990
108,16418623,"Yudai Ueno","2026-07-27 06:31:15",1009.3,2,yudaiueno
109,16555095,tedo,"2026-07-27 14:47:34",1009.1,2,takuroedo
110,16376465,monnosuke,"2026-07-28 15:22:55",1005.7,2,shiomi1012
111,16374469,西松大祐,"2026-07-28 17:11:54",1004.5,2,wep212
112,16379968,"Kotaro OKUYAMA","2026-07-25 16:40:10",1004.2,2,kokotatan
113,16417358,NoOne,"2026-07-20 16:18:06",1004.1,2,allencaixy
114,16399063,moya,"2026-07-22 03:20:13",1003.9,2,moyamoya
115,16582756,BhavitB,"2026-07-28 17:01:02",1003.7,2,bhavitb
116,16374843,あなまか,"2026-07-28 15:48:08",1003.0,2,arakish
117,16381852,lollipop947,"2026-07-28 13:48:00",1002.2,2,lollipop947
118,16382426,すずき,"2026-07-27 05:08:01",1001.9,2,shumpeace
119,16406640,gecogeco,"2026-07-28 16:45:09",1001.9,2,roshihy
120,16436573,"Yigit Kayali","2026-07-26 19:35:35",1000.3,2,yigitkayali
121,16541765,less,"2026-07-28 07:22:07",999.9,2,jiaoyouzhang
122,16372743,tamakiken_OB,"2026-07-27 22:14:24",998.1,2,"fukuzawatakumi,shimonhori,versavice"
123,16539421,"Zachary Zhang","2026-07-22 07:21:22",997.9,2,zacharyzhang16
124,16566908,"Kailee Hamre","2026-07-27 11:01:17",997.6,2,lee14k
125,16586413,ZHYW,"2026-07-27 15:08:38",997.0,2,"taowu11,xujchill"
126,16494330,zhangshuosc,"2026-07-28 08:57:48",995.1,2,zhangshuosc
127,16372064,"Vermillion City Trainer","2026-07-28 14:05:30",994.8,2,yosynory
128,16585300,"Cook Noah","2026-07-24 19:06:07",994.4,2,noahfarr
129,16392733,"Myckel Uribe","2026-07-22 20:14:10",993.5,2,myckeluribe
130,16422615,celebi,"2026-07-28 16:59:04",993.3,2,"pahdoo,richardl2"
131,16531302,EricYang03,"2026-07-28 11:14:23",993.3,2,ericyang03
132,16379277,TomoyaM,"2026-07-28 13:13:19",993.0,2,tomoyamiyaake
133,16381904,NguyenThanhNhan,"2026-07-28 12:47:17",993.0,2,andy2709
134,16568723,"Ivan Vorfolomeev","2026-07-28 17:09:32",992.7,2,ivanvorfolomeev
135,16473179,"ei ei ei yikuso","2026-07-20 04:14:36",991.9,2,heliosli
136,16601399,Kosmostars,"2026-07-27 21:02:47",990.5,2,"clodis,markdjadchenko,phoenix0501,zabojeb"
137,16383917,"koala_bear “もりたにあん”","2026-07-27 14:17:43",990.4,2,jpkoalabear
138,16395413,cocosu3434,"2026-07-27 17:38:22",990.1,2,cocosu3434
139,16532420,hoshi18,"2026-07-26 13:26:44",989.4,2,hoshi18
140,16468429,hinox13,"2026-07-26 10:37:07",988.3,2,oriolhinojocomellas
141,16383673,Banjo,"2026-07-28 05:55:16",987.7,2,banjtheman
142,16405671,hamuhei,"2026-07-28 15:25:14",987.5,2,hamuhei4869
143,16373130,"Jeffrey Pike","2026-07-28 11:46:00",987.5,2,jeffreypikeai
144,16374432,shg195,"2026-07-26 13:19:14",987.3,2,shg195
145,16393006,kuromoka,"2026-07-27 18:35:49",987.1,2,kuromoka
146,16371280,"lolzpo + emonga","2026-07-27 02:04:43",987.1,2,lolzpo
147,16574077,Meghana284,"2026-07-26 02:54:48",986.7,2,meghana284
148,16372361,pokeca2018,"2026-07-28 14:03:22",985.2,2,"kzkt0713,takatsugutamaizumi"
149,16375800,tetsu2131,"2026-07-28 03:06:31",983.6,2,tetsutani
150,16403994,Oleksandr_Savsunenko,"2026-07-28 13:13:35",983.1,2,crazyleg11
151,16372422,ei1333,"2026-07-28 10:05:29",982.9,2,"ei1333,gzlkg0,unosss"
152,16553647,"fle3n + codex AGI X26","2026-07-28 02:08:13",982.6,2,fleongg
153,16471516,wally0593,"2026-07-28 03:48:10",982.2,2,"akatuki25,asa3942,pyzhntr,wally0593"
154,16372828,iwashi,"2026-07-23 18:51:40",981.9,2,iwashi
155,16372168,goonew,"2026-07-24 22:48:54",981.1,2,goonew
156,16399636,"Bozo Boys","2026-07-27 05:39:25",981.1,2,"gunnermartineau,habibmatar2"
157,16515712,tomo11111,"2026-07-11 11:27:47",980.7,2,tomo11111
158,16424674,"【共逐荣光】Timmy Juicehouse","2026-07-28 13:08:51",977.5,2,sweetyheehee
159,16553454,masspeaks,"2026-07-28 09:31:36",977.1,2,masspeaks
160,16375066,youtube.com/@BigBugginnings,"2026-07-28 06:51:53",977.0,2,"eevvan7,kylexia,xunfanxia"
161,16373076,gemelom,"2026-07-27 10:38:41",976.7,2,"gemelom,zrrwww"
162,16376649,YutoRagi,"2026-07-27 03:04:27",976.5,2,"pompom555,ysakuragi,yutori3"
163,16595297,"Evgeniy Zdoronok","2026-07-27 21:21:26",975.3,2,evgeniyzdoronok
164,16382234,"hpp sak","2026-07-27 14:33:42",975.0,2,hppsak
165,16514497,beeyan,"2026-07-28 10:39:36",974.9,2,beeyan0821
166,16555679,低消650元任你吃啊,"2026-07-28 09:20:32",974.8,2,"binghua123,gisgisgis,howardleetw,william950615"
167,16408528,MtN,"2026-07-28 00:58:30",973.9,2,mariotrsn
168,16401021,msd0110,"2026-07-28 05:42:40",973.8,2,msd0110
169,16533373,"Roman Stupin","2026-07-26 13:28:52",971.8,2,rcnegby
170,16395439,YumeNeko,"2026-07-27 11:32:43",971.4,2,kashiwaba
171,16429603,CCoffie,"2026-07-27 19:30:39",971.2,2,ccoffie
172,16574828,linjianrong,"2026-07-28 10:14:45",970.8,2,linjianrong
173,16385016,"Kyoungwon Jeong","2026-07-28 10:25:01",970.7,2,kyoungwonjeong
174,16430670,서주영,"2026-07-28 03:50:34",970.0,2,sjy321
175,16425934,theredbluepill,"2026-07-26 11:17:38",970.0,2,poonszesen
176,16385216,Daikon99,"2026-07-25 04:42:16",969.1,2,daikon99
177,16471628,mitomeat823,"2026-07-27 11:37:36",968.6,2,mitomeat823
178,16419663,那个男人,"2026-07-26 15:10:40",968.4,2,muran169633
179,16559688,trainer-1,"2026-07-28 10:08:10",963.6,2,shanzhong8
180,16385080,"Michael Long","2026-07-15 17:46:27",963.0,2,mikelong
181,16477900,Souya__1234,"2026-07-24 23:22:35",962.7,2,souya1234
182,16511578,"Erik van de Ven","2026-07-24 13:30:36",962.7,2,erikvdven
183,16372861,"Andreas Palmgren","2026-07-28 11:26:59",962.2,2,andreaspalmgren
184,16381571,SamuelSanolume,"2026-07-28 04:03:45",961.7,2,samuelsanolume
185,16603508,"Charmander & Meowth","2026-07-28 11:54:43",961.7,2,houjinghuang
186,16582785,"d b","2026-07-27 14:29:58",960.6,2,darkartitry
187,16388592,Articuno0144,"2026-07-27 14:22:55",960.0,2,articuno0144
188,16536318,李秉叡（ntumlnoob）,"2026-07-28 16:38:30",959.5,2,ntumlnoob
189,16445012,"Nicolas Gomasjaya","2026-07-28 13:26:10",957.6,2,nicolasgomasjaya
190,16400727,mmwstudy,"2026-07-28 07:51:30",957.4,2,mmwstudy
191,16372357,yu_w,"2026-07-28 15:30:38",957.4,2,yuw000
192,16374973,Julian,"2026-07-27 02:38:13",957.1,2,mob404
193,16379316,yumizu,"2026-07-28 15:45:21",957.1,2,yumizzzz
194,16531787,hatry,"2026-07-28 15:13:04",956.9,2,toseihatori
195,16598584,"Mooreom Wang","2026-07-25 13:10:14",955.7,1,mooreom
196,16386649,Magikarp,"2026-07-28 06:46:26",955.0,2,kulukkuluu
197,16394705,AmiciDelPo,"2026-07-28 15:37:41",954.4,2,gabrielebeltramo
198,16441675,于笑非lilishyxf,"2026-07-21 09:41:14",953.1,2,lilishyxf
199,16450204,AdrianWang2003,"2026-07-27 06:27:46",952.9,2,adrianwang2003
200,16385877,SebaMG,"2026-07-19 11:27:21",952.9,2,sebastianmenesesg
201,16375173,pztriatomic,"2026-07-27 23:11:09",952.2,2,pztriatomic
202,16406979,palsystem,"2026-07-26 21:44:51",951.7,2,ebinan92
203,16530943,Rostislav,"2026-07-28 14:04:02",951.0,2,rl0h4w
204,16379289,wkonishi,"2026-07-27 21:56:03",950.2,2,wkonishi
205,16380895,"Sota Uchiyama","2026-07-28 00:22:18",950.2,2,sotauchiyama
206,16407428,"{{ team_name }} 🏆","2026-07-28 12:02:20",949.7,2,yanzhou06
207,16371783,"Takaaki Matsuda","2026-07-27 00:34:26",948.9,2,matsudatakaaki
208,16403402,takaygiiiiiiii,"2026-07-19 02:33:24",948.6,2,takaygiiiiiiii
209,16381725,llkarill,"2026-07-15 23:45:17",948.2,2,llkarill
210,16534907,Rasdafar,"2026-07-27 00:44:39",948.1,2,rasdafar
211,16507505,"Roman Nesterov","2026-07-28 13:06:18",947.7,2,romanest
212,16371476,porply,"2026-07-27 17:13:49",947.4,2,porply
213,16538751,OverfitOracle,"2026-07-28 10:06:39",947.2,2,"alisalmanrana,kimura0415"
214,16512241,giacomovin,"2026-07-16 22:40:39",946.3,2,giacomovin
215,16553549,namopanda,"2026-07-18 13:37:17",945.0,2,namopanda
216,16559285,Fususu,"2026-07-28 01:50:55",943.7,2,phuongncn
217,16376061,Shoto,"2026-07-28 16:41:18",942.7,2,bloodymonday
218,16401760,shiratama,"2026-07-28 12:01:28",942.7,2,dotshiratama
219,16516751,"Chong Pfeffer","2026-07-13 09:43:02",942.0,2,chongpfeffer
220,16381506,tototo,"2026-07-11 06:15:13",941.6,2,t0tot0
221,16488765,Scio,"2026-07-28 12:08:38",940.5,2,siamrahman29
222,16391939,"PP kawada","2026-07-28 10:21:31",940.4,2,"kawamoto1917111,pptakehirokawada"
223,16438175,KakuTakagawa,"2026-07-26 05:19:43",940.3,2,kakutakagawa
224,16445292,GUOHAOYANG,"2026-07-28 16:05:23",939.4,2,pkuszboi
225,16470414,Larry,"2026-07-16 10:17:08",939.1,2,martinlwenstein999
226,16386088,"Legend Brothers","2026-07-27 21:23:55",938.6,2,"holeguma,shunhirota"
227,16388680,poppy457,"2026-07-28 16:20:37",938.1,2,poppy457
228,16404960,Haumea,"2026-07-28 14:05:34",938.1,2,chaitanyagullapalli
229,16425569,vvhan,"2026-07-28 07:45:51",938.0,2,joovvhan
230,16373257,"spasibo egoru","2026-07-28 15:23:10",937.5,2,"aristophanivan,johnjanson,makarrogovik,naladwepo,romantamrazov"
231,16566110,你好哇,"2026-07-28 10:01:15",937.4,2,"cqupthangyuyu,wkcwkc,wxgisspider,xiaoranx,yinpinggao"
232,16422241,"Raihan Ramadistra","2026-07-28 14:07:54",936.2,2,raihanramadistra
233,16386655,"One Turn Off Lethal","2026-07-28 12:49:01",936.1,2,"jordanu107,jtv199"
234,16373012,Voyager,"2026-07-28 15:41:50",935.9,2,"dongukjung,kozistr"
235,16383238,"Dũng Đỗ","2026-07-13 10:41:36",935.5,2,dungdosg
236,16375404,tktkyamyam,"2026-07-23 00:02:31",935.3,2,tktkyamyam
237,16376339,kazusw,"2026-07-25 14:01:49",934.8,2,kazusw
238,16578061,Pachirisu,"2026-07-27 22:48:39",934.7,2,municef1
239,16376478,matcha110,"2026-07-26 17:42:26",934.6,2,matcha110
240,16533561,iwance,"2026-07-28 14:31:06",934.2,2,iwance
241,16513666,Olegolas1,"2026-07-13 14:09:15",934.0,2,olegolas1
242,16430229,ToastUz,"2026-07-20 14:42:33",934.0,2,tatsuzoosawa
243,16416010,Aikimi,"2026-07-28 16:59:26",933.9,2,aikimi
244,16512592,"Andrej Carpenter","2026-07-27 19:19:50",933.6,2,andrejcarpenter
245,16380936,payanotty,"2026-07-20 11:09:40",933.4,2,"payanotty,tatsuokoshida,tyamujin"
246,16490418,tokk,"2026-07-28 12:32:59",933.2,2,tarookuda
247,16447261,🐱KittenLeague🐱,"2026-07-22 08:23:25",932.5,2,"cicimeow,onlytimeknows"
248,16378106,CMK,"2026-07-28 16:35:25",932.5,2,"calvinsan123,linnkhantcho,m2km2k"
249,16376773,hikarimaru,"2026-07-24 13:12:23",932.4,2,hikarimaru
250,16435847,Yufeng,"2026-07-15 11:15:28",932.1,2,mxtennet
251,16387225,黒田彩人,"2026-07-28 03:51:23",932.1,2,ayato0705
252,16377499,fujiborozoukin,"2026-07-12 10:40:42",931.6,2,fujiborozoukin
253,16390728,"Kazama Yusuke","2026-07-28 14:48:40",931.6,2,kazamayusuke
254,16394084,s_a_ai_enginner,"2026-07-28 16:46:21",931.5,2,saaienginner
255,16372692,ojicat,"2026-07-16 04:38:58",931.3,2,"karacoro,ojisann,satoshiojs"
256,16446132,neibyr,"2026-07-28 07:36:51",931.2,2,neibyr
257,16496085,"Deng mengcan","2026-07-26 00:05:58",929.5,2,dbndmc
258,16386225,"Hiroki Yamazaki","2026-07-20 22:59:11",929.3,2,hirokiyamazaki
259,16508871,増殖するG,"2026-07-28 11:25:05",928.7,2,victorhorn
260,16454338,"Lester Leong","2026-07-28 13:57:30",928.1,2,lesterleong
261,16373957,hukuda222,"2026-07-27 14:13:28",927.4,2,hukuda222
262,16443196,"Changyuan Chen","2026-07-23 11:14:29",927.0,2,"changyuanchenmit,longze666"
263,16405171,DON,"2026-07-28 04:57:41",926.9,2,shutosagawa
264,16541487,pacific_diesel,"2026-07-28 07:04:33",926.7,2,pacificdiesel
265,16391443,capbloo,"2026-07-28 16:36:03",925.8,2,capbloo
266,16385029,Help-Computa,"2026-07-28 14:27:03",925.7,2,"bstagner,ryanrude33"
267,16392727,"Gotem Penguin","2026-07-07 08:01:56",925.5,2,gotempenguin
268,16537444,NSTS04,"2026-07-28 08:52:50",924.8,2,satoshinakamura04
269,16574116,RamenBoy,"2026-07-27 23:06:52",924.7,2,ramenboyjapan
270,16400698,MarineYY,"2026-07-28 08:28:23",924.7,2,marineyy
271,16482704,htehte,"2026-07-28 00:14:19",923.8,2,htehte
272,16376499,MPGaming,"2026-07-28 12:24:43",923.6,2,"mptjmm,okadahiroshi"
273,16388257,20241206_yujinkim,"2026-07-28 06:00:31",923.4,2,kimheliotrope
274,16404564,"Juan Zapata","2026-07-28 17:02:36",922.9,2,donjuanz
275,16489542,"Tanabe Yudai","2026-07-28 14:51:52",922.3,2,"jeffshee,tanabeyudai"
276,16399480,"zhan renyi","2026-07-28 14:04:20",922.1,2,zhanrenyi
277,16482183,haruto,"2026-07-26 14:15:59",922.1,2,inumaru9n
278,16372380,"THIRD PTCG Club","2026-07-28 13:14:32",920.8,2,"shunrcn,simann"
279,16420873,"Evily Evihut","2026-07-26 08:21:48",920.5,2,evilyevihut
280,16512805,researcher_4242,"2026-07-27 09:13:48",920.4,2,researcher4242
281,16384892,digimagi,"2026-07-27 22:59:34",920.3,2,digimagi
282,16541520,"cabbage patch","2026-07-27 00:24:00",920.2,2,cabbageburger
283,16514730,"kokun syu","2026-07-24 08:38:49",920.1,2,"abigailkunkun,guanzhengan,kokunsyu"
284,16380205,Bugis,"2026-07-27 13:21:09",920.1,2,haoyu36220
285,16371474,"Shardul Gharat","2026-07-27 16:26:02",920.0,2,shardulgharat
286,16475022,"Jose Angel Jude Telan","2026-07-28 00:20:42",919.2,2,joseangeljudetelan
287,16394599,clora,"2026-07-28 05:14:15",918.3,2,clora16
288,16372517,S4nkurero,"2026-07-26 14:43:51",917.6,2,sankurero
289,16379097,"Terutora Tachibana","2026-07-15 07:18:58",917.0,2,terutoratachibaba
290,16388654,vvs,"2026-07-28 15:59:53",916.8,2,marvelworld
291,16427548,ttmn,"2026-07-28 06:10:20",916.3,2,koheitsutsumi
292,16375942,perrodawn,"2026-07-27 15:08:12",915.7,2,"perrodawn,rb25det,shinzotakayama,toranosukenoda"
293,16371523,ポケポケマスター,"2026-07-28 15:13:24",915.4,2,isakatsuyoshi
294,16468204,venks,"2026-07-28 12:10:27",914.8,2,vterli
295,16381310,"fuga doggo","2026-07-26 08:39:03",914.6,2,fugadoggo
296,16558678,Kilupy,"2026-07-27 20:19:42",914.1,2,kilupy
297,16371294,automatylicza,"2026-07-28 14:17:50",914.0,2,automatylicza
298,16373169,"Hiro Nomo","2026-07-28 11:25:25",912.9,2,morinokuma3
299,16460918,"Tsuyoshi Suketomo","2026-07-28 09:25:03",912.4,2,"masakiyasufuku,ritsuki0720,tsuyoshisuketomo"
300,16510891,鸽鸽257,"2026-07-18 15:08:07",912.4,2,vincentvvv
301,16506473,sleeper,"2026-07-26 00:25:19",912.1,2,anachronorm
302,16454198,wangyuou,"2026-07-28 15:25:48",911.5,2,wangyuou
303,16463150,IPL,"2026-07-28 12:53:00",911.2,2,"ipl2026kenji,iplhama,iplkoide,puddingcaramel"
304,16548529,土佐黒潮共和国,"2026-07-28 06:14:59",910.9,2,"ayataka500ml,kanimisoni,seronias,tsugesatoshi,yngd99"
305,16385170,"SantaClaws 🎅","2026-07-28 12:05:07",910.5,2,vovikdrg
306,16371547,AZ,"2026-07-28 16:53:56",910.1,2,woosungyoon
307,16488476,T.Suzuki,"2026-07-28 13:39:25",910.1,2,tsuzukichousei
308,16371935,ZETADIVISION,"2026-07-28 08:49:49",910.0,2,"gya999,yadoyado"
309,16372325,Pokésonic,"2026-07-28 16:37:04",909.9,2,"kkalcove0511,sotakasai,sumo888,uentsz,yuyutech"
310,16534863,presucc,"2026-07-28 05:05:35",909.6,2,presucc
311,16495706,ZZDirty,"2026-07-27 04:57:14",909.5,2,zzdirty
312,16372065,"3,14159265358979323846","2026-07-28 03:21:19",909.4,2,zoli800
313,16511263,李BCDEFGA,"2026-07-28 01:06:37",909.0,2,bcdefga
314,16375769,没落者,"2026-07-28 04:27:27",908.3,2,needless090
315,16377073,"Shinichiro Yoshida","2026-07-27 16:24:30",908.2,2,sysd00
316,16376057,rotto,"2026-07-27 13:12:39",908.0,2,pirotototo4023
317,16441561,Schneiden,"2026-07-24 01:32:25",907.7,2,schneiden
318,16424485,"Ezra #2","2026-07-27 22:52:07",907.6,2,ezberch
319,16485736,"Gaurav Goswami","2026-07-27 22:27:38",907.5,2,gauravgs1007
320,16504778,TakahiroHon,"2026-07-28 11:27:37",907.5,2,takahirohon
321,16375634,shuheitagawa,"2026-07-28 14:27:20",907.3,2,"shuheitagawa,tsubasaaraki"
322,16431461,PTCG_HORMONE,"2026-07-28 15:29:48",906.7,2,"taijiuint,tangtianchi,zihaokang"
323,16441839,stardom,"2026-07-28 11:23:33",906.2,2,"morikennnnn,moromoromoro,tsaito21219,zamami"
324,16374885,"Bocchieri Alberto","2026-07-19 13:06:23",905.3,2,bocchierialberto
325,16375885,nishikawa,"2026-07-28 02:03:06",905.3,2,akiranishikawa0621
326,16531497,"Bart, Edwyn","2026-07-28 16:45:55",905.3,2,"bartvm,edwynmesman"
327,16384794,"suguuuuu & hiehie","2026-07-28 12:18:03",904.5,2,"hiromasadoi,sugupoko"
328,16430842,"Rotation Theory","2026-07-28 10:19:37",904.3,2,mikhsank
329,16607247,Fitalabs,"2026-07-28 01:54:31",904.2,1,aleffita
330,16498610,"Rockway Chen","2026-07-13 03:11:13",904.1,2,rockwaychen
331,16382190,nsytsqdtn,"2026-07-28 15:48:40",903.6,2,nsytsqdtn
332,16462485,teem,"2026-07-23 22:37:04",903.6,2,"cidkardi,davidned,hlibkarpiuk"
333,16589325,LiquidAmmonia1999,"2026-07-28 05:53:40",903.5,2,liquidammonia1999
334,16379818,TMMT,"2026-07-28 17:11:40",903.2,2,yukimatsumori
335,16561259,"Karandeep Singh #2","2026-07-27 13:29:40",902.9,2,kdcyberdude
336,16401957,Eggplanck,"2026-07-28 14:32:46",902.7,2,gyozzza
337,16377338,"JiMing Feng","2026-07-26 07:03:57",902.6,2,jimingfeng
338,16385225,xnx,"2026-07-28 06:40:34",902.6,2,yuheikoike
339,16534450,"Unreal Drip","2026-07-28 11:50:15",902.4,2,unrealdrip
340,16496190,TalentAI,"2026-07-26 00:20:49",902.3,2,ghostlytalent
341,16388309,kokinnwakashuu,"2026-07-28 08:46:55",902.0,2,kokinnwakashuu
342,16428218,ペンギン,"2026-07-28 14:09:05",901.8,2,harutotakita
343,16498784,xiaoxin01,"2026-07-27 05:47:22",901.6,2,xiaoxin01
344,16375329,"Takuya Ando","2026-07-28 10:51:31",901.4,2,takuyaando11
345,16371609,"Team Rocket","2026-07-26 19:13:04",901.1,2,"drriddles,fufufukakaka,yamiko835"
346,16377377,Shelgon,"2026-07-26 17:00:08",900.9,2,"bbrage,fest4816,musososo"
347,16381560,aknomura,"2026-07-25 12:30:55",900.5,2,akihironomura
348,16445005,"Sou Hano","2026-07-22 16:08:19",900.0,2,souhano
349,16421840,"Sponge Bob","2026-07-27 14:01:22",899.8,2,skypunkaudiowalker
350,16373114,"Junichiro Morita","2026-07-27 18:45:33",899.8,2,junichiromorita
351,16384514,Biubiu,"2026-07-24 22:59:22",899.5,2,jianthuang
352,16431972,ykhnkf,"2026-07-28 07:56:36",899.2,2,ykhnkf
353,16380545,aki,"2026-07-28 15:11:21",899.2,2,akihiroogaya
354,16382215,"Tatsuya Goto","2026-07-28 16:27:01",899.0,2,tatsuyagoto
355,16379599,v0m0v,"2026-07-26 08:57:05",898.8,2,"maguchiya,rabbyrinth"
356,16580748,nao.kwmr,"2026-07-28 08:10:26",898.7,2,naokwmr
357,16423857,"Peng Wang","2026-07-28 13:20:43",898.6,2,pengwang91
358,16585085,"Haokai Ding","2026-07-25 19:31:00",898.6,2,ditang0125
359,16416965,"Nghia Tran","2026-07-28 06:31:08",898.2,2,tcnghia
360,16421599,"Marshall Maximizer","2026-07-28 17:04:29",898.1,2,linkinpony
361,16413089,"Emile Andrieu","2026-07-28 11:54:41",897.6,2,emileandrieu
362,16385975,Dapp,"2026-07-23 10:40:53",897.3,2,lgloria
363,16542712,ylab暫定,"2026-07-28 07:15:08",897.1,2,"mechi22,taka7736,wessafij,ylabuni"
364,16557927,ocotopus,"2026-07-21 03:14:56",897.0,2,shenyangping
365,16385287,"Junichi Saigou","2026-07-28 09:25:08",897.0,2,junichisaigou
366,16375864,Kyohei,"2026-07-28 13:49:31",897.0,2,kyohei3
367,16377141,shini47,"2026-07-28 11:26:55",896.5,2,shini47
368,16448404,AnSuSu,"2026-07-28 08:52:24",896.4,2,asusu
369,16568625,kentaro_kato,"2026-07-28 14:59:13",896.3,2,kentarokato
370,16539852,Tsubasa,"2026-07-26 08:20:42",895.7,2,okawatsubasa
371,16376982,Praxel,"2026-07-28 10:53:12",895.4,2,praxel
372,16376876,"Masatoshi Hidaka","2026-07-28 15:43:29",895.3,2,masatoshihidaka
373,16409831,"Yuki Mizutani","2026-07-21 00:19:45",895.3,2,yukimizutani
374,16380690,Ruko,"2026-07-28 13:30:58",894.7,2,chanholong
375,16382227,takusemba,"2026-07-28 15:59:05",894.5,2,takusembba
376,16605536,Seho.Connect,"2026-07-28 10:53:04",894.4,2,sehoconnect
377,16394135,Abhi,"2026-07-27 04:13:00",894.4,2,zeroday19
378,16379362,Orion,"2026-07-27 09:18:57",894.0,2,fastthanh78
379,16432977,klog,"2026-07-20 10:53:53",893.4,2,mhrzmmhrzm
380,16373946,KawattaTaido,"2026-07-27 21:15:15",893.4,2,kawattataido
381,16374614,"Jose Coronel","2026-07-27 01:04:16",893.3,2,"carlosrodrguezparada,josecoronel"
382,16391736,Akira-Ninth,"2026-06-26 09:48:36",892.9,2,akirayoshimaru
383,16462793,"Brady Meighan","2026-07-25 15:42:30",892.6,2,bradymeighan
384,16372102,"TTT Is All You Need","2026-07-28 17:11:06",891.9,2,"minagawateru,rionakamura10,togearitogenasi,togetogeyushin"
385,16377906,aramaa_game,"2026-07-19 08:29:43",891.8,2,aramaagame
386,16373187,"Hritik Arasu","2026-07-20 20:15:13",891.4,2,arashri20
387,16449149,hoshippi,"2026-07-26 22:46:22",890.9,2,hoshippi
388,16449943,YounsungLEE,"2026-07-28 13:25:51",890.4,2,younsunglee20251042
389,16374632,cyrus,"2026-07-13 17:45:39",890.1,2,charlielockyer
390,16371923,seven,"2026-07-28 17:23:06",890.0,2,morikawatakeshi
391,16385537,keithtyser,"2026-07-28 13:41:34",889.9,2,keithtyser
392,16381375,KHira,"2026-07-28 12:58:40",889.8,2,kanahirao
393,16603808,"Dav Dian","2026-07-27 04:25:35",889.8,1,diandav
394,16375779,"Topdecking is All You Need","2026-07-26 05:12:40",889.7,2,"iryuki,kojimen"
395,16604790,"集换社 jihuanshe","2026-07-28 14:29:03",889.1,2,"aaa1mer,vshallc,xiaoshacn"
396,16473278,"Lior Toledano","2026-07-28 01:59:41",888.4,2,liortoledano
397,16372506,miraiTDL,"2026-07-24 13:29:17",888.1,2,wataruogasa
398,16472941,NaNomin,"2026-07-17 00:00:36",888.0,2,nanomin
399,16381262,takumina,"2026-07-27 09:13:00",887.7,2,takuminakamatsu
400,16372041,Takutsu,"2026-07-27 15:49:06",887.3,2,"keitanakamura50,komeshun,nocchan"
401,16394106,"Rajan Nagarajan","2026-07-28 01:08:00",887.2,2,narajan
402,16372186,ごんさくよねきち,"2026-07-26 04:01:28",887.1,2,gonsakuyonekiti
403,16558156,XujianyuShow,"2026-07-27 01:50:59",887.1,2,"jokerd0119,xujianyushow"
404,16415361,"Akira Imae","2026-07-28 10:45:54",887.0,2,imaeakira
405,16377364,"カドラバ Kadoraba","2026-07-27 08:28:57",886.2,2,"daichishimada,heiseimikiko"
406,16565575,AICON_Shibata,"2026-07-28 16:48:12",886.1,2,a1273352
407,16378002,"Battle Data Base","2026-07-26 18:10:32",885.7,2,battledatabase
408,16440498,XIAODOUZI,"2026-07-13 22:26:09",885.5,2,xiaodouzi666
409,16411874,Juyong,"2026-07-27 16:12:26",885.3,2,kimdoong
410,16411168,Botamochi,"2026-07-26 15:49:33",884.6,2,amanokawa
411,16598103,Www,"2026-07-25 11:41:48",884.5,2,adityapandey444
412,16382118,V0!dR0^2t,"2026-07-25 14:42:10",884.1,2,"hirata0522,hirotoisogai,naniwazu,v0dr02t,yoichidoi"
413,16425441,Gronk,"2026-07-28 08:30:02",883.7,2,jianyicai
414,16381517,tomato414941,"2026-07-28 14:09:40",883.6,2,tomato414941
415,16405194,Kaileh57,"2026-07-28 14:41:47",883.6,2,kaileh57
416,16389156,koga_poke,"2026-07-08 14:35:09",883.6,2,kogapoke
417,16377385,kmizunoster,"2026-07-28 11:06:17",883.4,2,kmizunoster
418,16479789,"Hotaru dango","2026-07-16 14:27:40",883.4,2,maoqinweng
419,16372993,【ＡＩと共に、ＡＩと戦う】tubotu,"2026-07-28 12:42:06",883.1,2,tubotu
420,16381261,hayle60,"2026-07-27 07:45:56",882.8,2,hayle60
421,16376968,banana,"2026-07-14 03:12:19",882.5,2,cellphonebanana
422,16371620,"Manato TAKAI","2026-07-19 00:00:29",882.4,2,manatotakai
423,16372719,"Himi Yamato","2026-07-25 05:04:48",881.9,2,himihimi
424,16496112,"Haru Yo","2026-07-26 00:09:24",881.7,2,yoshharu
425,16376257,hiro094,"2026-07-12 06:04:16",881.4,2,hiro094
426,16389304,K.Yoshida,"2026-07-22 23:40:33",881.4,2,kyoshida17
427,16403627,kiyo,"2026-07-27 13:09:06",881.3,2,kiyohiro
428,16383107,CardPilotLab,"2026-07-28 10:39:09",880.9,2,EldieEnfiel
429,16511961,"Changye Li","2026-07-26 18:01:42",880.4,2,antoinegg1
430,16421871,hotpotbro,"2026-07-28 14:18:11",880.1,2,hotpotbro
431,16395684,"MTL Agent","2026-07-24 15:32:12",880.0,2,mko93420
432,16375480,kidekikish,"2026-07-19 05:54:19",879.8,2,kidekikish
433,16431644,dranblade,"2026-07-28 13:25:45",879.8,2,dranblade
434,16377187,"Horikita Saku","2026-07-27 08:55:44",879.8,2,horikitasaku
435,16376912,Gyoukou,"2026-07-28 11:08:16",879.6,2,"hiroyashimono,itsukudayoooo,noriyukimori,wagasode,yufuin"
436,16376569,"Shunji Minode","2026-07-28 00:00:15",879.5,2,shunjiminode
437,16454280,qb,"2026-07-28 09:06:21",878.6,2,quangvanbui
438,16417006,tennogh,"2026-07-27 22:40:02",877.9,2,tennogh
439,16376939,Unicorn,"2026-07-25 10:43:43",877.8,2,scutxuanyu
440,16394409,"Kento Umeda","2026-07-28 05:35:56",877.4,2,kent1989umeda
441,16530693,"Nobu Kimura","2026-07-25 01:47:51",877.0,2,keb1175
442,16445101,박강찬,"2026-07-23 21:49:47",876.8,2,pkchansanai
443,16586293,打不过zen,"2026-07-25 08:36:34",876.0,2,"cool1325cool1325,xchenxxchenx,xiaopaku"
444,16412662,HughTCG,"2026-07-22 23:08:43",875.8,2,hughtcg
445,16387005,東京みらいテック行政書士事務所,"2026-07-23 07:54:42",875.7,2,pocoken99
446,16378944,CoCoSh,"2026-07-26 15:27:02",875.1,2,cocosh
447,16514399,"Rory Neville","2026-07-21 22:36:25",874.9,2,roryneville
448,16488385,"Saulo Quiñones Góngora","2026-07-26 22:25:26",874.8,2,sauloquionesgngora
449,16440016,SunSeeker染汐,"2026-07-28 14:21:33",874.6,2,sunseekerrx
450,16486270,TCGFlow,"2026-07-19 03:21:06",874.5,2,tcgflow
451,16376168,ぶれめか,"2026-07-28 08:03:43",874.3,2,blaymaker
452,16484130,Rok,"2026-07-20 22:48:36",874.1,2,rokshimiz
453,16480456,yutssk,"2026-07-28 14:44:18",873.9,2,yutassk
454,16601657,"DX Cao","2026-07-26 11:33:34",873.8,1,daxuecao
455,16371326,J.Moriuchi,"2026-07-28 16:56:50",873.7,2,hesoponyo
456,16388677,"Mokuren Narisawa","2026-07-21 01:24:42",873.7,2,mokurennarisawa
457,16373942,sea8gull,"2026-07-18 03:29:13",873.0,2,sea8gull
458,16382910,aoi1222,"2026-07-25 03:24:54",872.7,2,aoi1222
459,16470545,"James Idriss","2026-07-19 00:08:08",872.6,2,jamesripoll
460,16441739,keteru,"2026-07-24 16:12:01",872.5,2,keteru12
461,16511869,lingexiong,"2026-07-27 04:20:59",871.9,2,bicolgx
462,16552917,"Brian Naff","2026-07-20 22:54:34",871.6,2,briannaff
463,16373951,Canon,"2026-07-28 16:44:25",871.2,2,sotakurihara1
464,16383019,f,"2026-07-28 15:59:28",871.0,2,"dicenull,misakima,reu1011,sausukei,sirn913"
465,16532743,xamad,"2026-07-28 08:47:40",870.5,2,giannicerrato
466,16379464,OSELCOUN,"2026-07-28 09:47:40",870.4,2,"gonzaresuyamada,hayatomurata,hirotomiyadate,shintamorikawa,vibekaggler"
467,16442245,wingsyuyi-satori,"2026-07-25 10:44:34",870.3,2,wingsyuyisatori
468,16607225,"Dustin Rubin","2026-07-28 15:39:26",870.3,2,dustinrubin
469,16389869,"Melvin Low","2026-07-27 14:10:21",869.9,2,la00bing
470,16414196,Yam,"2026-07-28 03:23:28",869.7,2,minyam
471,16377081,RK,"2026-07-14 08:10:01",869.4,2,ryotarokurita
472,16380201,xthixsl_ml,"2026-07-28 05:43:07",869.4,2,xthistle999
473,16485604,"Marcha Watanabe","2026-07-20 01:48:09",869.3,2,marchawatanabe
474,16426547,magu1234,"2026-07-28 02:05:10",869.1,2,magu1234
475,16487853,ASH,"2026-07-22 09:48:48",868.9,2,pentannnn
476,16389803,nakkan_AI,"2026-07-27 02:35:58",868.4,2,nakkanai
477,16597660,"Mote Zhuang","2026-07-25 08:36:47",868.3,1,moteokay
478,16411998,"MIRAI LAB","2026-07-28 14:24:06",868.2,2,mirailab
479,16443042,Ken_Ken_Pa,"2026-07-28 11:10:22",867.9,2,kenkenpa
480,16482392,Skyra,"2026-07-27 10:49:31",867.6,2,"bemaindrajid,eko123"
481,16372359,Star-mine,"2026-07-19 05:27:36",867.5,2,"jinkai01,peppernxt"
482,16394589,Pokemon001,"2026-07-27 00:37:35",867.4,2,"brunoescalhao,guilhermepedroso"
483,16496195,"ZQ Wen","2026-07-26 02:46:32",867.3,2,mindfreak2
484,16385751,neuro168,"2026-07-22 16:17:39",867.2,2,lordmc
485,16601682,mty570,"2026-07-28 09:09:23",866.8,2,mty570
486,16598195,Pol,"2026-07-25 11:09:46",866.8,1,expol8
487,16596550,mamematcha,"2026-07-28 14:10:44",866.4,2,mamematcha
488,16397006,"Tys TANA","2026-07-28 13:32:55",865.8,2,tystana
489,16375865,Bigree,"2026-07-28 14:13:06",865.7,2,jmrbx767
490,16380661,"Cabrera Consulting Group","2026-07-28 12:18:24",865.5,2,magictrashbag
491,16382541,豆本豆豆包,"2026-07-28 14:16:50",865.3,2,celefefwefwe1
492,16509076,"bill simon","2026-07-28 04:54:05",864.8,2,billsimon
493,16391395,djschmit,"2026-07-28 04:25:08",864.6,2,djschmit
494,16387890,Nekogami,"2026-07-28 01:03:06",864.5,2,masatoshihenmi
495,16496171,"Ueda Kai","2026-07-26 00:18:01",864.4,2,uedakai
496,16422428,Денис,"2026-07-28 14:50:51",864.3,2,dambek
497,16477955,fizzmi,"2026-07-27 22:36:47",864.3,2,fizzmi
498,16373344,mimi,"2026-07-20 16:51:41",864.0,2,minakikirato
499,16598362,"Logical matrix","2026-07-27 11:19:31",863.4,2,"houjihao,sleepysky"
500,16448195,Climber513,"2026-07-20 14:14:20",863.2,2,climber513
501,16425598,rmoooi,"2026-07-08 16:00:06",863.2,2,rmoooi
502,16371673,Senn88,"2026-07-15 01:35:46",862.7,2,senn88
503,16397235,Supermercado,"2026-07-27 15:13:24",862.5,2,ryotaaaaaa
504,16560869,bigdan7,"2026-07-26 15:53:35",862.2,2,bigdan7
505,16404230,"Akhil Chinta","2026-07-27 00:01:41",862.1,2,akhilchinta1505
506,16401054,"Aki Ogawa","2026-07-18 01:42:10",861.8,2,akiogawa
507,16393218,"Chiachii Liang","2026-07-28 10:58:01",861.6,2,chiachiiliang
508,16511586,"Cam-Luan Truong","2026-07-27 03:15:53",861.2,2,luantruong
509,16496161,"Ewart ML","2026-07-26 00:15:15",861.0,2,sirstewart
510,16372604,kusui26,"2026-07-28 04:22:32",860.8,2,kusui26
511,16531874,浅井翔,"2026-07-28 16:55:01",860.7,2,asaisho007
512,16588601,"bin luo1","2026-07-26 09:18:51",860.7,2,binluo111
513,16533036,"AL Najafi","2026-07-14 03:40:13",860.7,2,alnajafi
514,16391222,Muya,"2026-07-25 02:45:58",860.4,2,markkamuya
515,16379930,"Louis KLASING","2026-07-28 08:41:55",860.4,2,louisklasing
516,16439862,tadhase,"2026-07-03 09:31:10",860.3,2,tadhase
517,16579518,malone001,"2026-07-28 11:48:41",860.2,2,malone001
518,16475651,"Rare Candy Lab 🍬","2026-07-28 11:50:32",859.9,2,"daviner,simonwycisk"
519,16460144,Haru,"2026-07-06 14:38:55",859.9,2,quadpartisan
520,16448124,Omniscience,"2026-07-19 04:23:14",859.6,2,"bonsanto,danielcasellas"
521,16481865,ぴかぴ＠ポケカ,"2026-07-26 12:55:09",859.5,2,pikapi3104
522,16512705,"gogogozi migimimi","2026-07-25 06:20:17",859.4,2,gogogozimigimimi
523,16371320,"(ノ◡ <)","2026-07-28 16:22:23",859.2,2,nawfeelrahman1124444
524,16399212,Seiyo,"2026-07-26 04:41:10",858.9,2,seiyoo
525,16532629,LastPrice,"2026-07-28 01:04:52",858.6,2,lastprice
526,16409242,nasubii,"2026-07-28 16:37:42",858.1,2,nasubii1109
527,16375921,Seasaw,"2026-07-28 14:39:49",857.3,2,"buchidev,chickbreast,graypein,ryuumehara"
528,16600018,Adam,"2026-07-28 17:07:21",857.2,2,potonglantie93
529,16505948,Troy_xx,"2026-07-28 14:26:46",857.0,2,troyxx
530,16389250,Kurokawa,"2026-07-28 11:22:37",856.6,2,hiroshikurokawa
531,16380542,NuuNohjo,"2026-07-10 15:15:40",856.5,2,nuunoh
532,16376903,ImANoob1122,"2026-07-04 16:49:49",856.4,2,imanoob1122
533,16380924,"kwn mmm","2026-07-21 13:53:46",856.3,2,"kwnmmm,yakioni1129"
534,16569543,OKA,"2026-07-28 15:36:09",856.1,2,secshuoka
535,16374470,"Victor Gonzalez","2026-07-16 19:28:46",856.1,2,darkbitur
536,16389772,Capitaalgain,"2026-07-28 09:35:22",856.0,2,capitaalgain
537,16405276,tereka,"2026-07-15 00:34:50",855.8,2,tereka
538,16584911,"Eric Keller","2026-07-27 00:59:31",855.8,2,erickeller2
539,16395522,ropeadope,"2026-07-28 12:03:01",855.5,2,silkross
540,16430922,taku_Kuma,"2026-07-28 14:26:07",855.2,2,"junichiozaki,ppikegamipli12hi009,superyyyyy,takukuma"
541,16585784,ZJUwlm,"2026-07-28 07:22:41",855.0,2,zjuwlm
542,16420537,tonakaiiii,"2026-07-26 04:40:28",854.6,2,"santa0677,tonakaiiii"
543,16391853,yuya,"2026-07-28 14:08:47",854.6,2,yuomori
544,16381063,aca-ta,"2026-07-27 23:45:39",854.5,2,seljydef
545,16376582,"Arthurs Torres24","2026-07-28 10:40:22",854.4,2,arthurstorres24
546,16461420,"Anvith Pothula","2026-07-23 22:19:45",854.2,2,anvithpothula
547,16450654,YIN,"2026-07-12 19:00:49",854.2,2,yuhsukein
548,16384286,"S. B.","2026-07-24 13:27:04",854.2,2,aughra
549,16381061,firstbreak32,"2026-07-26 22:29:42",854.2,2,firstbreak32
550,16500847,"Japan Paglu","2026-07-27 11:19:24",854.1,2,"adipandey777,adityapandey9753"
551,16605368,Zulqar,"2026-07-27 13:16:13",853.9,2,johndoe2011
552,16371696,"Mathieu W","2026-07-21 16:54:56",853.9,2,mathieuw
553,16376638,"Hitoshi Mochizuki","2026-07-26 13:09:06",853.9,2,hitoshimochizuki
554,16387022,"Asa-sotta ","2026-07-28 06:10:50",853.9,2,asasotta
555,16392357,HiroyukiSasaki,"2026-07-19 09:31:17",852.9,2,hiroyukisasaki815
556,16444876,L-WALID,"2026-07-26 21:55:08",852.9,2,elwalidibrahim
557,16373681,"Shota Hirao","2026-07-27 14:11:13",852.4,2,shotahirao
558,16491039,"Vibeesh S S","2026-07-06 03:30:34",852.2,2,"vibeeshss,vijayadithiya"
559,16380442,"Tomonobu Niwa","2026-06-18 05:41:49",852.2,2,tomono
560,16379865,Abhyuday,"2026-07-22 00:26:41",851.5,2,abhyuday10
561,16372976,Hishi057,"2026-07-22 07:34:58",851.4,2,"hishi057,magsta,raster0x2a"
562,16389991,u2,"2026-07-28 16:31:14",851.4,2,"masatakashiwagi,yu10naka"
563,16601666,"Endyu Ma","2026-07-26 11:36:11",851.3,1,endyuma
564,16494579,MingYue,"2026-07-26 00:01:43",851.1,2,tohog9325
565,16375276,XtraLearning,"2026-07-26 03:00:44",851.0,2,xcessivesmash
566,16426716,sam_the_rice_cake,"2026-07-26 14:39:17",850.6,2,"hash548,wliilamsam"
567,16568465,ChrisYU2021,"2026-07-28 14:20:59",850.5,2,chrisyu2021
568,16381745,datawizardd,"2026-07-25 16:59:34",850.3,2,jheung
569,16421541,github/shepsci/kaggle-skill,"2026-07-26 15:01:00",850.3,2,shepscientific
570,16384924,yaki-imo,"2026-07-21 22:58:57",850.2,2,taichiakiyama
571,16460880,flxwld,"2026-07-20 23:01:17",849.5,2,flxwld
572,16410794,szyulian,"2026-06-26 04:35:08",849.5,1,szyulian
573,16376861,keibrown,"2026-07-11 03:58:23",849.3,2,keibrown
574,16445366,渡邊征央,"2026-07-28 11:27:51",849.2,2,undertaker3409
575,16446371,"Pascal Pfeiffer","2026-07-28 08:00:10",849.2,2,ilu000
576,16450311,🫣🤧,"2026-07-25 03:52:04",849.0,2,sinkingpoint
577,16382471,"Murat Kolic","2026-07-26 19:17:50",849.0,2,muratkolic
578,16407814,ノノノノノノノノ,"2026-07-28 06:28:42",848.5,2,"nonono6787,takasuhiyu"
579,16594494,"MOP Capital","2026-07-28 10:32:12",848.4,2,infam62
580,16487165,"yoshitaka agent","2026-07-28 15:56:31",848.4,2,"kazumaohara,rsraki"
581,16465163,"Fakble 6","2026-07-19 09:36:54",848.1,2,"rarara108,xuemaixie"
582,16393745,ShumpeiNomura,"2026-07-28 17:12:52",847.9,2,shumpeinomura
583,16447449,vkhydras,"2026-07-19 19:20:46",847.4,2,vickimar
584,16511326,Adastra,"2026-07-26 15:09:13",847.2,2,tsingyuan
585,16475917,base_camp_2002,"2026-07-28 07:14:19",847.2,2,basecamp2002
586,16374861,"Mateusz Pawełczuk","2026-07-14 12:55:17",847.2,2,mateuszpaweczuk
587,16380840,"THUNDER THUNDER","2026-07-26 07:59:32",846.9,2,thunderthunder
588,16376287,Wasabi,"2026-06-18 22:39:26",846.9,2,kqnadeorwasabi
589,16372846,すーぱーひとで,"2026-07-21 05:39:41",846.7,2,dohidohitode
590,16557536,MahLong,"2026-07-28 12:22:16",846.4,2,mahlong
591,16557166,shigengtian,"2026-07-27 01:39:44",846.3,2,shigengtian
592,16384384,RairoRapha,"2026-07-03 16:35:09",845.8,2,thetraveller
593,16423208,mutualns,"2026-07-19 07:53:16",845.4,2,mutualns
594,16385038,"Misaka Mikoto","2026-07-27 02:48:44",845.2,2,misakamikoto66
595,16374503,"Bright O.H.","2026-07-25 04:45:09",845.2,2,brightoh
596,16557716,"Bharath Velamala","2026-07-28 06:27:47",845.1,2,bharathvelamala1929
597,16446941,pikachu,"2026-07-28 06:51:50",845.0,2,jzhpfn
598,16554971,clouds111,"2026-07-28 08:02:23",844.8,2,clouds111
599,16379582,sereinless,"2026-07-28 15:25:51",844.7,2,sereinless
600,16371940,ondy0705,"2026-07-16 06:16:36",844.7,2,"bluenero,metaru0812,ondy0705,romyroming"
601,16392910,kami,"2026-07-27 15:32:52",844.4,2,"darrrma,hamham1234,kami634,takahashikeiji"
602,16605655,"Adam Vajda","2026-07-27 13:43:53",844.3,2,vajdad4m
603,16431773,barrybao123,"2026-07-09 06:31:38",843.9,2,barrybao123
604,16411638,kosuke-shimizu,"2026-06-22 04:20:34",843.9,2,thimi0412
605,16392632,kohbanye,"2026-07-27 18:58:16",843.8,2,kohbanye
606,16420169,"hell yeah","2026-07-05 20:24:51",843.7,2,kharintymofii
607,16382949,"Shigu Marimo","2026-07-10 09:53:45",843.5,2,shigumarimo
608,16512099,"Rahul Jiwane","2026-07-28 05:54:58",843.5,2,rahuljiwane
609,16375967,watruri,"2026-07-28 04:10:30",843.4,2,watruri
610,16492482,"Ryo Hasegawa","2026-07-28 13:40:42",843.3,2,ryohasegawa926
611,16389883,srm463,"2026-07-01 13:01:08",843.2,2,srm463
612,16386067,xinpw8,"2026-07-26 04:47:28",842.9,2,xinpw8
613,16475628,"Gayathri Rajeev77","2026-07-07 19:43:41",842.8,2,gayathrirajeev77
614,16490632,ninini,"2026-07-11 15:24:20",842.8,2,ninininninnin
615,16404901,codebeforework,"2026-07-26 02:29:48",842.6,2,codebeforework
616,16405672,D.Minami802,"2026-07-11 09:40:28",842.4,2,daikiminami802
617,16385764,POKEDEMIA_ISSEI,"2026-07-17 17:50:43",842.2,2,pokedemiaissei
618,16484258,fksmaaaaa,"2026-07-05 02:52:58",842.0,2,shakesalmon
619,16375930,くりたんとたけちゃん,"2026-07-25 16:08:32",842.0,2,"highbrid,shaka21,takechang"
620,16492013,"Joseph Adamski","2026-07-09 20:40:23",841.5,2,josephadamski91
621,16375215,mewworldorder,"2026-07-24 06:37:18",841.2,2,xiaoxiaomichaellong
622,16413206,"Pavel Pavlov","2026-07-23 13:59:24",841.2,2,akakii
623,16377258,thisray,"2026-07-28 16:52:41",841.0,2,thisray
624,16585099,"luck is all you need","2026-07-28 14:08:45",840.7,2,yhnnn11
625,16371821,Hawk,"2026-07-28 15:12:36",840.6,2,"mashuk98,pokeca723,reo358,shoiizuka,vividrabbit0317"
626,16445258,MTADA,"2026-07-27 23:33:39",840.3,2,"masarutada,tokitamago"
627,16598469,"Yong Ming-Jia","2026-07-27 15:19:49",840.3,2,ymingj
628,16494635,"Adi Kusuma","2026-07-20 21:04:00",839.6,2,adikusum4
629,16373290,r_4vk,"2026-07-24 07:04:51",839.5,2,r4vk11235
630,16371920,today,"2026-07-27 12:32:51",839.4,2,today55
631,16538568,"Zhu Liang","2026-07-28 17:09:53",839.1,2,paradite
632,16381859,kokatsu,"2026-07-09 16:46:26",839.0,2,kokatsu
633,16572463,fsun,"2026-07-28 15:16:15",838.9,2,franksunp
634,16372588,noikaret,"2026-07-03 19:03:03",838.7,2,noikaret
635,16508047,YusukeMorimoto,"2026-07-28 14:10:23",838.6,2,yusukemorimoto
636,16385145,"Yaro Perventsev","2026-07-25 15:56:14",838.6,2,yaroslavperventsev
637,16505551,"Xinpeng Bei","2026-07-18 04:59:26",838.5,2,xinpengbei
638,16539348,Rachelton,"2026-07-13 12:48:37",838.1,1,tonicv
639,16395406,"Ochir Dorzhiev","2026-07-28 07:50:55",838.1,2,ochirdorzhiev
640,16391648,aoi_sugawara,"2026-07-27 14:30:44",837.9,2,aoisugawara
641,16383843,Civitas,"2026-07-28 14:51:14",837.8,2,godhand
642,16459131,Ausrine,"2026-07-28 13:10:11",837.7,2,ausrine
643,16390148,kenN2439,"2026-06-18 17:17:20",837.4,1,kenn2439
644,16384179,"shinichiro uno3","2026-06-19 00:15:46",837.4,2,shinichirouno3
645,16533188,AliLucky,"2026-07-27 22:50:06",837.3,2,alilucky
646,16394373,Kinf11,"2026-07-28 16:52:10",837.3,2,kinf11
647,16394988,yuto16,"2026-07-27 05:32:54",837.2,2,yuto16
648,16403742,mojao,"2026-07-28 09:08:35",836.9,2,mojamojao
649,16483688,Samus,"2026-07-27 11:47:26",836.9,2,jmatsukuma
650,16463848,MAMOOS,"2026-07-13 08:51:07",836.9,2,mamoruotsuka
651,16375282,"david valor","2026-07-14 20:01:19",836.7,2,davidvalor
652,16404314,bonsai,"2026-07-25 00:20:01",836.6,2,aerospacio
653,16378507,jazivxt,"2026-07-28 13:59:45",836.4,2,jazivxt
654,16532928,"Aurora wy","2026-07-28 05:59:51",836.2,2,aurorawy
655,16394786,Taimo,"2026-07-28 11:58:50",836.1,2,taikimori
656,16372862,sbite0138,"2026-07-17 11:49:40",836.1,2,sbite0138
657,16377544,srikalyan,"2026-07-28 10:40:56",836.1,2,srikalyan
658,16500068,maniackk,"2026-07-16 01:10:16",836.0,2,mindmaniac1
659,16601968,Ludwig512,"2026-07-28 08:49:11",836.0,2,ludwig512
660,16555706,qwertykeypadapple,"2026-07-20 06:57:05",835.7,2,qwertykeypadapple
661,16500149,unknown,"2026-07-08 07:29:51",835.7,2,abdullahshafi2021
662,16384608,XP3RiX,"2026-07-07 20:24:49",835.7,2,xp3rix
663,16483334,yt0914,"2026-07-17 19:43:13",835.6,2,yt0914
664,16400348,kekuru,"2026-07-25 18:27:33",835.6,2,soyaishihara
665,16570616,Matsu,"2026-07-28 06:21:30",835.1,2,matsuzawahayato
666,16386546,Masaruto,"2026-07-28 16:08:47",835.0,2,"abcsakana,masaruto"
667,16555667,misaka12435,"2026-07-28 12:15:57",834.7,2,misaka12435
668,16382678,"Felipe Garcia","2026-07-15 02:31:13",834.5,2,felipegarciaw
669,16513400,xloudmax,"2026-07-28 11:44:31",834.3,2,xloudmax
670,16378553,EliKal,"2026-07-28 12:11:41",834.3,2,"eliork,shlomoron"
671,16375469,nopoly1k,"2026-07-28 14:55:32",833.8,2,nopoly1k
672,16388101,doctorw,"2026-07-28 12:34:12",833.7,2,wrq295
673,16371913,soraemon,"2026-07-05 16:16:11",833.6,2,soraemon
674,16533522,"Ondrew Zudin","2026-07-13 08:15:34",833.6,2,ondrewzudin
675,16434663,"Iwa Iwa","2026-07-28 04:18:00",833.4,2,iwaiwa
676,16445454,secchanu,"2026-07-15 01:43:43",833.3,2,secchanu
677,16387028,daiki_pyonkichi,"2026-07-28 03:35:16",833.2,2,himejipyonkichi
678,16378495,"ﾖﾈｸﾗ ﾃﾝｾｲne251225","2026-07-27 17:42:21",833.1,2,ne251225
679,16458618,caprest,"2026-07-26 01:50:59",833.1,2,caprest
680,16553060,"Le Trong Hieu","2026-07-28 02:04:30",833.0,2,backtracking
681,16376095,ren110,"2026-07-04 17:51:43",832.8,2,ren110
682,16600887,Yinzi_Mike,"2026-07-27 05:36:41",832.7,2,yinzimike
683,16376002,suk1yak1,"2026-07-28 12:58:37",832.7,2,suk1yak1
684,16407647,VK,"2026-07-26 03:24:56",832.6,2,venkatkumar001
685,16386198,kaggle_bbgg,"2026-07-28 15:18:31",832.6,2,kagglebbgg
686,16471115,PhiRogue,"2026-07-28 11:19:11",832.3,2,phirogue
687,16378628,satory074,"2026-07-25 11:00:49",832.2,2,satory074
688,16373379,"Mogja J","2026-07-26 04:14:01",832.1,2,mogjaj
689,16377244,"pino 70122","2026-07-27 07:36:55",832.0,2,pino70122
690,16377226,kawachi,"2026-07-26 19:29:44",831.9,2,"ryu092,yuto5510"
691,16537143,xinwang,"2026-07-24 02:24:31",831.6,2,xxxtetantion
692,16379777,KiChang.Kim,"2026-07-28 07:42:21",831.5,2,kichangkim
693,16500086,"lei minish","2026-07-18 04:00:43",831.5,2,leimsh
694,16388024,LunarLabs,"2026-07-19 07:27:25",831.3,2,lunarlabs
695,16399469,zunzun_ikouze,"2026-07-15 16:49:00",831.3,2,zunzunikouze
696,16373037,"Flying Banana","2026-07-28 15:08:35",831.3,2,wasizu
697,16382643,"haruki nishio","2026-07-18 16:21:51",831.1,2,"harukinishio,kimihina666"
698,16372425,tsukammo,"2026-07-27 15:27:27",831.0,2,tsukammo
699,16557852,Takahashi,"2026-07-26 23:26:42",830.9,2,tea0925ds
700,16374972,hirune924,"2026-07-24 05:37:35",830.9,2,hirune924
701,16372157,"mackerel is all you need","2026-07-27 17:29:57",830.9,2,"mackerel38,nikoro256"
702,16414130,"Team 阿頼耶識","2026-07-08 15:45:13",830.3,2,"gendaijin,shimky"
703,16374073,akmr,"2026-07-28 13:55:52",830.2,2,akimaru
704,16428903,Efthimios,"2026-07-16 14:11:27",830.1,2,efthimiosfousekis
705,16389042,Noma34x6773,"2026-07-26 09:34:49",830.0,2,noma126843
706,16593969,dajiaohuang,"2026-07-27 18:50:50",830.0,2,dajiaohuang
707,16596390,togakyo,"2026-07-26 07:37:12",830.0,2,kyosuketogashi
708,16372903,"Emre Cirak","2026-07-28 14:52:27",830.0,2,"biohack44,merkiraz"
709,16433664,forest2026,"2026-07-17 03:48:41",830.0,2,forest2026
710,16379119,tantk7,"2026-07-24 19:29:34",829.6,2,tantk7
711,16435396,RMensinck,"2026-07-27 22:37:04",829.2,2,rmensinck
712,16373541,실험용생쥐,"2026-07-19 04:54:08",828.8,2,picapicafe
713,16384218,AlphaMon,"2026-07-28 06:38:25",828.8,2,hobbisttech
714,16475408,rurumi,"2026-07-23 11:52:05",827.9,2,rurururumi
715,16400159,RyoK,"2026-07-27 00:04:13",827.8,2,ryosukekurakami
716,16377682,Mint120,"2026-07-26 09:34:19",827.8,2,mint120
717,16375764,ShuHaya,"2026-07-28 14:35:44",827.7,2,yfqqq088
718,16591662,shyjin,"2026-07-27 23:38:49",826.8,2,shyjin
719,16421262,"HongXin Su","2026-07-27 12:08:50",826.7,2,hongxinsu
720,16382055,kajitake,"2026-07-24 14:39:25",826.6,2,watarukajihara
721,16589151,"Aayush Sigdel","2026-07-26 19:23:20",826.5,2,aayushsigdel
722,16533374,"Na Ve Ba","2026-07-28 07:29:19",826.3,2,naveenvenubagadi
723,16437553,YehJames,"2026-07-25 05:23:48",826.2,2,yehjames
724,16376662,Ai_1asy0525,"2026-07-03 10:00:22",826.2,2,ai1asy0525
725,16516666,Zyy7390,"2026-07-28 17:20:29",826.2,2,zyy7390
726,16412994,halup,"2026-06-26 10:01:54",826.2,2,tomoyagunji
727,16430749,uesi,"2026-07-27 14:11:41",826.0,2,uemura687
728,16438002,clawspark,"2026-07-26 06:29:13",826.0,2,"cjrain,clawspark"
729,16382745,立て板に水,"2026-07-12 09:34:27",825.9,2,tateitamizu
730,16543122,nk35jk,"2026-07-28 02:49:36",825.9,2,nk35jk
731,16531283,jiangzhenyue,"2026-07-26 05:29:44",825.9,2,jiangzhenyue
732,16579682,ylab_liva,"2026-07-28 03:16:50",825.8,2,ylabliva
733,16381014,keita,"2026-07-28 17:13:36",825.6,2,keita0126
734,16465127,gakki,"2026-07-28 11:10:05",825.6,2,sdeagggg
735,16588512,metashift2,"2026-07-23 06:16:38",825.6,2,"darklumen,metashift2"
736,16501393,"Jason Lau","2026-07-15 01:11:21",825.4,2,jasonlau219
737,16474743,"Mykhailo Kalus","2026-07-27 11:05:35",825.4,2,mykhailokalus
738,16426076,Alghital,"2026-06-25 07:50:37",825.3,2,alghital
739,16373009,hongan,"2026-07-23 15:15:59",825.2,2,honganzhu
740,16395227,Fitzounet,"2026-07-25 20:43:52",824.6,2,fitzounet
741,16376655,"Takuto Nishimine","2026-07-28 03:00:58",824.5,2,takutonishimine
742,16500094,"Guu Yangqi","2026-07-18 04:40:10",823.9,2,guuyqb
743,16371734,ghostiee11,"2026-06-16 19:57:10",823.8,2,ghostiee11
744,16532306,NullPointer,"2026-07-16 13:25:29",823.8,2,isaactha95
745,16470921,KL,"2026-07-28 16:07:15",823.7,2,mono555
746,16411485,"Chipping Spearow","2026-07-27 23:40:54",823.5,2,deanpixton
747,16485125,"The Bitter Lesson","2026-07-28 14:18:45",823.5,2,simmons1025
748,16421366,柚木芹香,"2026-07-19 02:25:53",823.4,2,serikayuzuki
749,16561227,"Benjamin P","2026-07-22 19:43:40",823.3,2,benjaminpo
750,16532774,"Daewoo Myoung","2026-07-19 09:34:31",823.1,2,ttagu99
751,16373297,"Ars Noveau","2026-07-22 16:06:30",823.0,2,"belati,nicholasarditirta,philbertmayer,vanitasss,winotohasyim"
752,16381433,"Dick Jessen William","2026-06-25 13:23:33",822.9,2,dickjessenwilliam
753,16385863,"genki toyama","2026-07-12 08:04:48",822.8,2,genkitoyama14
754,16401601,shindannin,"2026-07-22 13:55:45",822.8,2,shindannin
755,16377504,Luo,"2026-07-14 17:22:13",822.7,2,chaoqiluo7
756,16580476,控制一些扫福瑞,"2026-07-28 10:15:02",822.5,2,gengsr
757,16487974,"Gyan Melior","2026-07-22 21:10:53",822.1,2,gyanmelior
758,16392409,ysowkx,"2026-07-26 14:13:46",822.1,2,ysowkx
759,16405184,MBOOK,"2026-07-28 09:05:59",822.0,2,johnlemon3
760,16378607,kunihiro,"2026-07-28 13:51:44",822.0,2,kunihiro
761,16480307,"Yuta Goda","2026-07-03 08:47:15",821.9,2,yutagoda
762,16378873,Miniac,"2026-07-03 12:47:52",821.9,2,henrycai12
763,16383193,https://sunnyinspires.com/,"2026-07-03 02:18:27",821.6,2,sunnynguyensanjoseca
764,16579036,FlameZywoo,"2026-07-27 21:34:58",821.5,2,zgdllt
765,16422356,y_nakai390,"2026-07-26 22:48:57",821.5,2,afmanyu
766,16511602,Dr_F,"2026-07-28 07:47:08",821.5,2,algebraictopology
767,16380615,tellusium,"2026-07-19 10:28:46",821.5,2,tellusium
768,16480889,Yamafy2016,"2026-07-03 14:58:00",821.4,1,yamafy2016
769,16373031,takataok_42,"2026-07-26 15:59:03",821.3,2,takataok42
770,16412698,たけまる,"2026-07-28 07:49:05",821.2,2,otake1006
771,16508588,"RICCARDO FORTE","2026-07-20 14:24:31",821.0,2,ricforte
772,16510141,OctahedronBB,"2026-07-27 12:15:25",820.9,2,octahedronbb
773,16381522,waticson,"2026-07-27 14:26:49",820.8,2,yutodennou
774,16392570,sangmin7b,"2026-07-08 03:26:50",820.8,2,sangmin7b
775,16378742,Rian,"2026-07-21 23:21:20",820.7,2,rian55
776,16574284,"xly xly","2026-07-26 15:37:33",820.6,2,xxxlllyyy
777,16436444,"Eric Wu","2026-07-19 10:53:51",820.4,2,"ericwutcg,mgursoz"
778,16500109,AmeliaLL,"2026-07-18 04:46:25",820.3,2,llqnt33
779,16384767,Camaro,"2026-07-14 00:06:05",820.3,2,bamps53
780,16507120,"Ardell Aghna Mahendra","2026-07-09 03:28:11",820.2,2,ardellaghnamahendra
781,16377252,BioMath,"2026-07-28 11:53:42",820.2,2,"columbia2131,renahayashi,shuichikudo"
782,16373028,Claude_Agents,"2026-07-26 07:03:41",820.2,2,hikari30
783,16404743,tahi,"2026-07-23 21:17:17",820.1,2,tahisan
784,16389479,Bata09,"2026-07-03 10:28:14",819.9,2,bata09
785,16490205,zhangsan1224789,"2026-07-16 14:13:20",819.8,2,zhangsan1224789
786,16452699,Huangxiayiluo,"2026-07-09 07:09:13",819.8,2,huangxiayiluo
787,16379915,"SHUBHOJIT NASKAR","2026-06-17 09:27:15",819.8,2,shubhojitnaskar
788,16424749,Saikawa_Yui,"2026-07-10 06:06:28",819.8,2,saikawayui
789,16593344,"Athar Sayed","2026-07-27 06:12:44",819.7,2,sayedathar11
790,16556352,"Lucien de Rubempre","2026-07-20 12:01:02",819.5,2,lucienderubempre
791,16474611,"atto pat","2026-07-23 17:53:45",819.4,2,attopat
792,16593564,PorterZhang,"2026-07-24 12:09:28",819.3,1,porterrz
793,16382867,"Yuto Muroshima","2026-07-16 15:37:56",819.1,2,yutomuroshima
794,16382442,trickstar,"2026-07-10 20:58:46",819.1,2,trickstar
795,16495545,hau_uah,"2026-07-28 06:18:12",819.0,2,hauuah
796,16376489,2-38.com,"2026-06-19 07:27:53",818.8,2,kandotrun
797,16530889,sat0113,"2026-07-15 04:54:57",818.6,2,sat0113
798,16372696,senkin13,"2026-07-28 17:03:17",818.6,2,senkin13
799,16377825,"Vinimar Mitu Jr","2026-07-21 06:19:36",818.6,2,ishieenn
800,16609154,"VUYAKA NAVIN KUMAR ","2026-07-28 10:09:24",818.4,2,vuyakanavinkumar
801,16469075,"Filip Strzałka","2026-07-28 15:18:51",818.2,2,snufkin77
802,16391429,tarakobasuta,"2026-07-20 13:46:07",818.0,2,tarakobasuta
803,16604868,"what is pokemon","2026-07-28 13:56:47",817.9,2,chinnaphatkhun
804,16553980,Akasamai,"2026-07-26 04:50:50",817.8,2,akasamai
805,16510510,LG,"2026-07-20 07:25:37",817.7,2,"lokeshjasrotia,vengatagirig"
806,16372838,Kmart0112,"2026-07-28 14:17:33",817.7,2,kmart0112
807,16475372,apetresc,"2026-07-09 15:17:58",817.5,2,apetresc
808,16379106,COLD,"2026-07-28 09:53:00",817.4,2,"kmmmvs,maulikgajera"
809,16401542,Jackylw,"2026-07-25 12:10:22",817.4,2,jackylw
810,16494164,Soruton,"2026-07-18 13:27:04",817.0,2,shionfukuhata
811,16377702,"Koki Funahashi","2026-07-28 16:18:01",816.8,2,funashi
812,16482062,"Hikaru Umeda","2026-07-28 16:55:34",816.8,2,hikarumeda1030
813,16450813,dreamtear,"2026-07-26 08:21:23",816.7,2,mohanzeng
814,16395277,Xunden,"2026-07-26 06:53:06",816.4,2,xunden
815,16421017,skurita,"2026-07-28 02:30:54",816.2,2,skthtu
816,16373448,yomogii,"2026-07-28 16:01:40",816.1,2,yomogii
817,16376575,songling,"2026-07-26 07:35:52",816.0,2,"lvbingrong,oralia"
818,16553431,"pokemon master","2026-07-28 12:21:27",816.0,2,"l2yyyy,ruikikobayashi,schrodinger0112,tknakamu,tmhrkt"
819,16554318,"Paulami Bhosle","2026-07-23 04:34:22",816.0,2,paulamibhosle
820,16430159,"Dmitry Volovikov","2026-07-28 15:49:16",815.9,2,dmitryvolovikov
821,16374211,"Ikki Katsuyama","2026-07-16 00:13:28",815.9,2,kacchanwriting
822,16417470,Mando,"2026-07-28 02:10:08",815.9,2,"chesteryuan,cier123,juewang1p"
823,16380651,もたざる,"2026-07-28 05:56:45",815.8,2,havenox
824,16417941,KenPTCG,"2026-07-24 02:39:52",815.8,2,qiancheng1999
825,16375749,SO0529,"2026-07-22 06:46:49",815.8,2,sevenocean0208
826,16447394,GoodSmell,"2026-07-26 13:31:59",815.7,2,goodsmell
827,16405138,Yser,"2026-07-28 16:46:13",815.6,2,"inoueyuji,ryoheihara"
828,16601637,AKin,"2026-07-26 11:27:35",815.5,1,akingink
829,16389841,"iwata hiroki","2026-07-28 15:47:15",815.3,2,iwatahiroki
830,16372921,machapin,"2026-06-18 13:26:22",815.3,2,machapin
831,16374827,Kityyomu,"2026-07-07 16:45:08",815.3,2,kityyomu
832,16376576,Xiangling,"2026-07-28 02:04:03",815.2,2,obirdy
833,16399036,nattomaki,"2026-07-02 11:22:15",815.1,2,"nattomaki,yakiba"
834,16411511,hyonu0620,"2026-07-28 15:47:16",814.8,2,hyonu0620
835,16379668,"Hirotaka Sugawara","2026-07-17 04:27:52",814.7,2,hirotakasugawara
836,16379700,Skyscraver,"2026-06-17 10:52:56",814.6,1,jamesccc
837,16381435,N,"2026-07-27 18:39:33",814.3,2,"masakiaota,norikmb,occccn,shichi,sidett"
838,16425415,flaty,"2026-07-28 12:17:52",814.3,2,flat831
839,16385952,"Sobat Bucin","2026-07-27 05:59:04",814.3,2,sobatbucin
840,16419702,AlphaKarpZero,"2026-07-26 09:39:30",814.1,2,"davidebaschieri,giorgioottoboni,sirleeplepp"
841,16583749,"junfan shen","2026-07-28 11:34:43",814.0,2,junfanshen
842,16601616,TaylarHerman,"2026-07-26 11:23:37",814.0,1,taylorarc
843,16567550,t-enstar,"2026-07-19 11:12:01",813.9,2,tstustatama
844,16568571,"Dilyorbek Muhammadjonov","2026-07-22 06:37:09",813.7,2,dilyorbek
845,16535928,g-taniguchi,"2026-07-27 06:46:35",813.7,2,gtaniguchi
846,16372371,takuyay,"2026-07-20 03:45:50",813.6,2,dashimaki360
847,16510040,"Jonathan Simone","2026-07-27 17:01:09",813.4,2,jonathansimone
848,16372460,"Samyakraj Bayar","2026-07-26 15:16:21",813.3,2,samyakrajbayar
849,16382104,Robina,"2026-07-03 14:17:08",813.2,2,wyndomr
850,16383501,"Tokiya Osuka","2026-07-13 11:08:50",813.2,2,tttocklll
851,16571811,"PRASHANT SHUKLA91","2026-07-28 03:22:02",813.1,2,prashantshukla91
852,16532206,yuki0202,"2026-07-28 02:43:03",813.0,2,yuki0202
853,16425613,ozdogant,"2026-06-29 14:58:43",812.9,2,ozdogant
854,16385046,blue0620,"2026-07-20 16:23:25",812.6,2,blue0620
855,16390732,yw8837,"2026-07-28 07:56:16",812.6,2,yw8837
856,16376300,"Parth Raj Purohit","2026-06-21 08:35:37",812.4,2,parthrajpurohit
857,16385285,Nora,"2026-07-25 15:14:10",812.4,2,toshiharuyabe
858,16382531,"Zihe Henry Zhang","2026-07-25 19:05:07",812.3,2,caesium137
859,16443181,Scrafty,"2026-07-28 13:51:50",812.2,2,"myso1987,yukhoe,zuoliao11"
860,16450177,"ONE PIECE","2026-07-28 04:09:14",812.2,2,forrestxlz
861,16443295,"Pocket Arena","2026-07-28 11:53:27",812.1,2,chikaraueta
862,16389625,kurushun,"2026-07-15 06:29:34",812.1,2,kurushun
863,16446694,JosephMontana,"2026-07-28 11:23:21",812.0,2,josephmontana
864,16419434,一石三頭,"2026-07-01 15:26:45",811.8,2,"ayumuuu,chomutraps,triceps"
865,16582706,Sule-it,"2026-07-22 12:46:25",811.7,2,suleit
866,16451611,ShoheiSaito,"2026-07-28 15:38:58",811.5,2,shoheisaito
867,16379469,aidy,"2026-07-04 03:35:41",811.4,2,aidy1991
868,16373275,TY0912,"2026-07-28 15:49:46",811.4,2,samejimatink0
869,16385968,"Angus Chang","2026-07-01 04:50:13",811.4,2,andrew60909
870,16437937,tenajima,"2026-07-06 00:28:45",811.3,2,tenajima
871,16376836,8_16,"2026-07-20 06:36:18",811.3,2,batchevall
872,16542748,hoshi3,"2026-07-28 09:17:44",811.2,2,hoshi3
873,16497202,"Skibidi Six Seven","2026-07-28 17:10:38",811.2,2,iam4722202468
874,16418877,shintacs,"2026-07-27 00:02:04",811.0,2,"shintacs,ueharariki"
875,16597860,"Haye Cillia","2026-07-25 09:32:20",810.9,1,hayesev
876,16549210,"one vibe and one coding","2026-07-20 08:19:40",810.8,2,"ivyhoster,smokelate"
877,16388849,tonghuicheng,"2026-06-27 04:47:15",810.7,2,tonghuicheng
878,16402080,Jules,"2026-07-14 12:46:09",810.6,2,julesvanligtenberg
879,16386182,Choruru,"2026-07-23 14:38:31",810.5,2,choruru
880,16446905,清水一希,"2026-07-05 00:55:17",810.3,2,kazukishimizu0427
881,16441274,Aib4,"2026-07-04 15:09:13",810.1,2,takumaaiba
882,16442457,shu-piplup,"2026-07-13 15:39:39",809.8,2,shupiplup
883,16567488,sinoyuta,"2026-07-20 13:14:17",809.0,2,sinoyuta
884,16532040,elrapido,"2026-07-13 07:10:57",808.9,2,elrapido
885,16376289,"Lucas Ween","2026-07-23 00:41:29",808.9,2,luacasween
886,16383433,"Kun Zhang","2026-07-28 10:21:22",808.9,2,beicicc
887,16445880,"kose maeno","2026-07-26 18:35:47",808.8,2,kosemaeno
888,16448987,"Yaoying Cai","2026-07-02 08:49:06",808.7,2,yaoyingcai
889,16553344,"Oliver Wang","2026-07-26 15:47:06",808.5,2,oliverwang15
890,16400870,victorvv,"2026-07-05 03:49:47",808.4,2,whs66666666666
891,16395622,Shibungi,"2026-07-26 21:21:13",808.4,2,shibungi
892,16487290,Noor,"2026-07-26 17:29:35",808.2,2,tahammulnoor
893,16405191,"Pure Spirit","2026-07-21 19:42:54",807.9,2,"yoshihirosuzuki0804,yukiikami"
894,16589638,Vernon,"2026-07-28 11:50:34",807.9,2,pku1400010735
895,16372647,monst_dama,"2026-06-17 01:15:10",807.8,2,monstdama
896,16582003,"Runnel Zhang","2026-07-23 05:27:31",807.8,2,runnelzhang
897,16375983,TsuMakoto,"2026-07-28 10:33:35",807.7,2,tsumkt
898,16533858,Ray,"2026-07-27 01:32:32",807.7,2,ruihaokaggle
899,16388806,yue13,"2026-06-18 13:13:32",807.7,1,yue813
900,16444894,LowEffort,"2026-07-03 14:39:05",807.7,2,loweffort
901,16412967,ZhouActor,"2026-07-28 13:27:08",807.5,2,"liuqiang1218,xsnhahaha,zhouactor"
902,16508038,"Vivaan Satija","2026-07-27 14:19:04",807.4,2,vivaansatija
903,16474814,"Tilak Varma","2026-07-27 17:03:25",807.4,2,xenowing
904,16536415,Spartan1925,"2026-07-12 21:39:50",807.4,2,spartan1925
905,16485555,LookingIN97,"2026-07-11 04:23:46",807.1,2,lookingin97
906,16598551,"Sheila Juliana","2026-07-25 12:57:31",807.1,1,maxlace2
907,16551074,"Lukas Ogiermann","2026-07-26 12:01:43",806.9,2,lukasogiermann
908,16382518,Team,"2026-07-25 02:24:27",806.7,2,"conormacamhlaoibh,kenyeungtech"
909,16371604,pham,"2026-06-19 08:07:24",806.7,2,phamworks
910,16389538,"[Deleted] 9fd16867-38ea-430d-85fc-81530e026eb6","2026-07-06 12:34:08",806.4,2,del=8a4c3c13a6fcee97
911,16389796,gurene-do,"2026-07-16 01:18:27",806.2,2,gurenedo
912,16371777,Ravindra,"2026-07-09 02:16:54",806.1,2,ravi123a321at
913,16501184,takayosi,"2026-07-28 05:19:38",806.0,2,takayosi
914,16377790,NSK,"2026-07-14 13:59:38",806.0,2,nasuka
915,16374560,honjousetuna,"2026-07-13 14:14:34",805.9,2,honjousetuna
916,16382269,itsuki-data,"2026-07-22 13:03:10",805.9,2,itsuki89
917,16565580,oQo,"2026-07-25 14:56:02",805.7,2,"oqoxodk6,takeuchidaisuke2001"
918,16378091,prod1gy,"2026-07-15 02:55:34",805.7,2,"alexliang817,borealis27"
919,16441606,"yq line","2026-07-01 17:38:31",805.6,2,yqline
920,16381394,GreatestCutie,"2026-07-28 10:09:36",805.6,2,greatestcutie
921,16385748,"Yichen Ao","2026-07-28 11:07:03",805.6,2,ragnarosfirelord
922,16426854,MartinZiserman,"2026-06-26 00:43:57",805.5,2,zarmii
923,16597850,"Kunal Desale","2026-07-27 05:47:53",805.5,2,kunaldesale2408
924,16450161,"near field","2026-07-16 02:25:03",805.4,2,nearfield1234
925,16402181,Kiratan,"2026-07-01 05:45:11",805.4,2,kirtag
926,16382248,うつせぎ,"2026-06-17 14:52:29",805.1,2,utsusegi
927,16482300,"The Blos","2026-07-28 17:00:04",805.0,2,"alessandroflati,robertomastropietro"
928,16555559,yalee,"2026-07-26 09:26:34",804.8,2,yaphellee
929,16443633,Vibrava,"2026-07-27 18:27:55",804.8,2,"cogepan,usermina"
930,16373523,SH11235,"2026-07-08 17:43:26",804.8,2,sh11235
931,16372963,"Eruto Kondo","2026-07-11 15:39:42",804.7,2,erutokondo
932,16464511,"Loss Volos","2026-07-24 11:28:51",804.7,2,bryxosmmm
933,16467431,"zhuo wamg","2026-07-25 14:40:08",804.7,2,zhuowamg
934,16605114,"Agent 33","2026-07-28 14:00:57",804.6,2,agent33
935,16397322,"Psychic Genesis","2026-07-20 15:08:34",804.6,2,"jefersoncollutte,magnusartero"
936,16480449,"Rahul Rathnavel K","2026-07-03 07:12:34",804.6,2,rahulrathnavel
937,16413990,"Poké Bowl","2026-07-02 15:03:50",804.5,2,"harrishayy21,thomasmoody1"
938,16384883,"Shoya Taguchi","2026-07-13 06:02:55",804.5,2,shoyataguchi
939,16587010,LULI24,"2026-07-25 12:09:29",804.5,2,luli24
940,16555300,shmoney,"2026-07-25 20:53:20",804.3,2,"nikitakazunin,roman34,shapodev,verakuznetsovaxxx"
941,16406101,"Ryosei Kojima","2026-06-22 10:23:01",804.2,2,ryoseikojima
942,16378476,aaa,"2026-07-28 09:34:35",804.1,2,liuyuq
943,16376420,MakiMakiAi,"2026-07-07 00:13:12",804.0,2,makimakiai
944,16487957,ZassyA,"2026-07-09 05:57:19",803.7,1,zassya
945,16440497,BackFiring,"2026-07-16 00:50:27",803.7,2,backfiring
946,16422410,"Vamshi Krishna Emmadi","2026-07-16 22:02:24",803.7,2,vamshikrishnaemmadi
947,16431351,motemen,"2026-07-28 16:40:16",803.6,2,motemen
948,16483988,"Akira Hirohashi","2026-07-22 04:08:50",803.6,2,akirahirohashi
949,16413818,Team_Rocket,"2026-07-28 07:24:58",803.6,2,labft3231
950,16565899,renta.k,"2026-07-27 15:38:50",803.5,2,renta0426
951,16542140,Soup,"2026-07-24 08:01:37",803.3,2,duhnoob1010gamer
952,16382749,tomatomato,"2026-06-21 10:04:15",803.2,2,masamikobayashi
953,16404397,Dasinu,"2026-07-05 12:09:40",803.1,2,"dasinu,tommywong962"
954,16461923,Chellick,"2026-07-07 02:28:32",802.8,2,matweyisupov
955,16509425,"Krizsó Gergely","2026-07-25 14:47:22",802.6,2,lucifer19
956,16404687,FirstSS-Sub,"2026-07-05 17:15:03",802.5,2,firstsssub
957,16374886,"Tagir Analyzes","2026-07-24 08:21:56",802.5,2,tagirkhairutdinov
958,16378036,Ingenio,"2026-07-20 03:19:24",802.4,2,ingenio
959,16489343,Jaywang,"2026-07-26 01:09:03",802.3,2,jaywang171
960,16574087,Shiyuanhe123,"2026-07-23 02:52:35",802.0,2,shiyuanhe123
961,16427039,Wobbuffet,"2026-07-28 09:49:21",801.9,2,severl
962,16455011,mojyaP,"2026-07-28 00:40:26",801.7,2,mojyap
963,16372727,怒破餓鬼,"2026-07-27 11:30:44",801.7,2,"alcoholcat,ryutokeshi,yuinokogawa"
964,16582540,"Ayanokoji Fan Club","2026-07-28 03:27:28",801.6,2,"cleocantcompete,itsasup"
965,16445578,tks,"2026-07-03 02:07:05",801.4,2,etks3141
966,16374997,"Michael Krager","2026-06-21 03:42:18",801.3,2,michaelkrager
967,16386204,panda__MB__maximus,"2026-07-27 21:27:51",801.0,2,tanishmohokar09
968,16382023,"Ilan Schapira","2026-07-27 02:10:03",801.0,2,ilanschapira
969,16376434,StackKnight,"2026-07-27 17:36:07",801.0,2,stackknight
970,16372329,"Team D","2026-07-16 21:50:15",800.9,2,"ikedatsutom,kmy327"
971,16564895,MorS,"2026-07-19 07:10:14",800.9,2,mors1337
972,16508222,"Binghui Xu","2026-07-26 14:44:23",800.8,2,binghuixu
973,16414549,"Misha Shikhov","2026-07-22 09:14:13",800.8,2,mishashikhov
974,16470303,Colin19,"2026-07-27 04:51:36",800.7,2,colin19
975,16576436,"Luon may Man","2026-07-28 06:40:41",800.7,2,luonmayman
976,16464925,"yyy yyy","2026-07-27 03:02:09",800.6,2,nsugar7
977,16589953,htatsumi,"2026-07-28 13:35:20",800.5,2,tatsumihasebe
978,16411102,ACoder,"2026-07-22 10:18:23",800.5,2,july7p
979,16397943,AibePC,"2026-07-04 03:36:09",800.4,2,xsmaxpc
980,16475158,kta_jpn,"2026-07-03 07:54:26",800.4,1,ktajpn
981,16381024,kosumo77,"2026-06-18 05:20:37",800.3,1,kosumo77
982,16597695,"elite ycn","2026-07-25 08:49:58",800.2,1,edmycn
983,16377757,kq5y,"2026-07-22 12:26:43",800.1,2,kq5yyy
984,16598176,"Zac Plischka","2026-07-25 12:56:16",800.1,2,zacplischka
985,16489606,"junseo lee","2026-07-28 10:26:29",800.0,2,junnseolee
986,16493870,stargazer,"2026-07-21 07:06:04",799.8,2,sakraa
987,16372263,"André Fernandes","2026-07-27 13:41:04",799.7,2,zerocool21
988,16388429,rinov321,"2026-07-27 01:04:27",799.7,2,rinov321
989,16413938,"Yasuharu Hirado","2026-07-22 23:13:43",799.7,2,superyasuharu
990,16385984,mono_ogu,"2026-07-21 04:07:28",799.5,2,monoogu
991,16468088,"Calcite Valentin","2026-07-23 14:01:26",799.5,2,calcitevalentin
992,16531918,Khaledalnuaimi,"2026-07-12 17:47:58",799.3,2,khaledalnuaimi
993,16378153,"Anjana mohan","2026-07-27 22:55:40",799.2,2,anjanamohan13
994,16380240,backstona,"2026-07-14 13:25:10",799.2,2,varadarajborkar
995,16375563,"Nikita Babych","2026-07-26 19:20:05",799.1,2,nikitababich
996,16517552,"Phạm Vương","2026-07-21 14:27:56",798.9,2,vuongphamqq
997,16568836,"Jenny Ryu","2026-07-19 07:33:22",798.7,2,jennyryu
998,16395235,"Masashi Onda","2026-07-27 14:20:12",798.5,2,masashionda
999,16497879,DHKim0324,"2026-07-27 03:21:11",798.3,2,dhkim0324
1000,16380674,Latte,"2026-07-27 14:50:23",798.2,2,"fmasaya,taichiiiii,yukiharada1228"
1001,16417340,senseiphone,"2026-07-06 16:40:35",798.2,2,nagahamanil
1002,16407085,"So Momma","2026-07-12 01:41:30",798.0,2,somomma
1003,16374458,"ZZZ gang ML clan team muxomor","2026-07-24 19:44:50",798.0,2,"egoregors,vladmazeev"
1004,16405152,"Ketchum Alt","2026-07-28 00:07:55",797.9,2,tientrum
1005,16508139,"Minchul Shin","2026-07-24 18:37:00",797.9,2,nashory
1006,16394010,Naoshin,"2026-07-22 04:07:49",797.8,2,naoshin
1007,16491994,Casey,"2026-07-12 23:35:07",797.7,2,yangtzeflowing
1008,16543375,我脑子不太好,"2026-07-18 15:17:15",797.6,2,demacia1314
1009,16389941,taka0808,"2026-07-22 02:06:54",797.3,2,taka0808
1010,16391949,ばう,"2026-07-28 00:53:50",797.3,2,zenqkaggle
1011,16460159,"Лукин Алексей","2026-07-17 17:57:18",797.3,2,lukinalexey
1012,16451525,knomura03,"2026-07-28 01:48:45",797.3,2,knomura03
1013,16373761,mage03,"2026-06-17 23:08:06",797.2,2,mage03
1014,16436124,yimin0130O_O,"2026-07-07 04:52:55",797.2,2,yimin0130oo
1015,16385520,aosi123,"2026-07-26 05:02:08",796.8,2,aosiai123
1016,16411865,L7n,"2026-07-24 01:13:24",796.6,2,znwe342
1017,16552590,"Ajay Sampath","2026-07-28 03:14:29",796.6,2,ajaysamp
1018,16571234,"wennan cao","2026-07-28 06:04:13",796.4,2,wennancao
1019,16384611,"Karolina Kafel","2026-06-26 12:41:04",796.2,2,tandaradie
1020,16372761,yamatchan,"2026-07-28 02:32:22",796.2,2,yamatchanjp
1021,16376309,Nomiyama　Yu,"2026-06-20 03:04:30",796.1,2,nomiyamayu
1022,16591874,"Jason Matthew Suhari","2026-07-27 02:00:38",795.9,2,jasonmatthewsuhari
1023,16432462,"ne Artem Savchenko","2026-07-12 18:11:14",795.9,2,neartemsavchenko
1024,16532696,Robson,"2026-07-26 13:50:59",795.8,2,robsonsan
1025,16395606,suis101,"2026-06-19 16:23:36",795.8,1,suis101
1026,16372890,"LI YIYANG829","2026-07-22 15:02:33",795.7,1,liyiyang829
1027,16433950,"Anhad Mahajan","2026-07-26 10:09:21",795.4,2,anhadmahajan06
1028,16375931,"Kaito Fukami","2026-07-22 05:19:37",795.4,2,kaitofukami
1029,16381363,"Liviu Alexandru Bobocu","2026-07-14 10:19:16",795.3,2,liviualexandrubobocu
1030,16388953,xyz600,"2026-07-26 14:51:17",795.2,2,"ku6262,tooruinamori,xyz600,ymks7397"
1031,16382318,junXD5,"2026-07-25 00:15:55",795.2,2,junxd5
1032,16378904,ShumingFang,"2026-07-16 01:47:29",795.1,2,shummingfang
1033,16480340,Roy_Wang925,"2026-07-03 07:40:34",795.0,2,roywang925
1034,16379108,あぴょぴょ,"2026-06-24 03:24:14",794.9,2,apyopyo
1035,16463836,daiki_H,"2026-07-21 02:03:11",794.8,2,daikih
1036,16399122,habakan,"2026-07-26 01:14:50",794.7,2,kansukehabano
1037,16383824,のはたく,"2026-07-14 22:43:06",794.6,2,"dofer0910,nohataku,noritake0117"
1038,16552964,"k hori ","2026-07-22 00:05:13",794.5,2,khori7
1039,16553272,"Cho Royou","2026-07-17 15:05:19",794.4,2,ngyzly
1040,16451196,"Kasasree Google","2026-07-27 11:42:30",794.1,2,kasasreegoogle
1041,16394957,hideMonkey,"2026-07-28 15:38:56",794.1,2,hidemonkey
1042,16381422,"Yasuo 0/10/0","2026-06-28 06:37:00",794.1,2,tomoakikamijima
1043,16554820,黄琪峻,"2026-07-28 10:51:21",793.9,2,hqj66666
1044,16516156,"kaito yama","2026-07-10 09:50:52",793.8,1,yamadkaito
1045,16514694,"Pillip Youn","2026-07-20 22:31:15",793.8,2,pillipyoun
1046,16590635,ちー,"2026-07-28 01:54:36",793.8,2,chiiiiii7474
1047,16399484,shu8Cream,"2026-07-20 16:10:57",793.7,2,shu8cream
1048,16494341,"Aryan Yadav","2026-07-22 15:14:24",793.6,2,simplexcomplex
1049,16394395,l2658183739,"2026-07-09 13:35:10",793.6,2,l2658183739
1050,16396707,"HAL TCG Dojo","2026-07-28 08:11:47",793.5,2,"kafein,oscarvdorantes,psyrax012"
1051,16384377,"Benjamin Zhao3927","2026-06-20 12:20:53",793.5,2,benjaminzhao3927
1052,16415946,"Leonardo Boria","2026-07-10 12:02:32",793.4,1,leonardoboria
1053,16566874,kwa,"2026-07-27 17:07:53",793.2,1,ikaroskaggle
1054,16382393,Tia_Stella,"2026-07-28 17:03:25",793.2,2,tiastella
1055,16376297,Rojiomote,"2026-07-28 08:47:25",793.1,2,rojiomote
1056,16462732,"Oz Kilic","2026-07-13 03:34:23",792.9,2,ozgunozankilic
1057,16418542,"It takes Kyurem","2026-07-23 13:25:56",792.8,2,"augustthem,earthlifter"
1058,16431599,Pirate-Emperor,"2026-07-05 18:04:40",792.7,2,piratekingrahul
1059,16382849,水間,"2026-07-27 12:09:11",792.6,2,mijuuu
1060,16403747,Michal,"2026-07-28 04:26:45",792.4,2,mxk7721
1061,16539371,"Edith Yong","2026-07-13 12:54:58",792.3,1,edithyong
1062,16591774,"Louis-Philippe Thibault","2026-07-24 05:25:53",792.2,2,louispht
1063,16376245,tokimashita,"2026-07-25 08:03:22",792.1,2,"milkcoffeen,minaminamin,reokambayashi"
1064,16387100,kigasudayooo,"2026-07-27 15:29:13",792.1,2,argon1215
1065,16557257,"Wen Zixuan","2026-07-28 01:24:39",792.1,2,wenzixuan1
1066,16417621,TOSS,"2026-07-28 00:26:04",792.0,2,toshikawa80
1067,16381869,"Xiangjiang Zhou","2026-07-28 05:53:55",792.0,2,xiangjiangzhou
1068,16508321,Charmander,"2026-07-09 09:26:10",792.0,2,edantoledokaggle
1069,16487899,Infernape,"2026-07-21 23:19:18",791.9,2,"habimaina,latents,zone0906"
1070,16377176,"HARUKI HARADA","2026-07-23 08:29:36",791.9,2,harukiharada
1071,16494955,NU,"2026-07-24 12:12:38",791.9,2,"txkimura,yakkim"
1072,16412934,mintBomber,"2026-07-25 18:03:43",791.9,2,yukamata
1073,16380316,Konichiwa,"2026-07-26 13:28:29",791.6,2,"hamadataigen,yoshitakakumagae"
1074,16373415,"Pikachu, I choose you!","2026-07-27 22:40:42",791.6,2,"shoheiyoshimoto,shunsukesumi"
1075,16376477,IwaKri,"2026-07-28 03:10:13",791.5,2,iwakri
1076,16443122,"motono0223 ex","2026-07-27 21:20:25",791.3,2,motono0223
1077,16537239,LP,"2026-07-13 03:49:49",791.2,2,lihu6666
1078,16372486,OBS$E$SED,"2026-07-06 06:30:42",791.2,2,fanhuaiyuan
1079,16400904,yuyutech(Genuine),"2026-07-10 05:33:10",791.1,2,yuyutechgenuine
1080,16375036,"Viturv Pathak","2026-07-24 16:06:48",791.0,2,"meckarohan,viturvpathak"
1081,16494133,"KAIWALYA RAUT","2026-07-23 07:05:06",791.0,2,kaiwalyaatulraut
1082,16372211,nigenight,"2026-07-26 21:37:14",790.9,2,nigenight
1083,16421537,"H. Ashida","2026-07-26 09:47:03",790.9,2,hiromuashida
1084,16386610,joicygiore,"2026-07-01 03:02:12",790.9,2,joicygiore
1085,16452856,"Tyler H","2026-07-04 16:32:41",790.6,2,tylerhoong
1086,16415048,"Just a gorilla","2026-07-27 06:25:02",790.5,2,"mashuuuooo,nactmax,toshimitsuyuki"
1087,16376037,石sion,"2026-06-30 07:21:03",790.5,2,herat0034
1088,16484804,endederwelt0419,"2026-07-12 12:29:34",790.5,2,endederwelt0419
1089,16397888,ra5anchor,"2026-07-22 21:47:34",790.5,2,junmitsui
1090,16375835,yoshimasak,"2026-06-23 13:51:51",790.5,1,yoshimasak
1091,16569286,Kh0a,"2026-07-28 12:02:49",790.4,2,llkh0a
1092,16386122,cimyzzz,"2026-06-29 01:13:54",790.2,2,cimyzzz
1093,16382841,pepe,"2026-07-26 17:34:56",790.2,2,pep299
1094,16376964,taiyoooo,"2026-07-12 07:18:25",790.2,2,"nezumil,taiyoooo"
1095,16373158,akr2428,"2026-07-28 06:33:20",790.2,2,akr2428
1096,16381336,adakoda,"2026-07-20 05:19:45",790.2,2,adakoda
1097,16594601,"Liesvy Valladares","2026-07-28 03:46:14",790.1,2,liesvyvalladares
1098,16418377,"H & Z","2026-07-28 17:14:22",790.1,2,"hyh273279,zejunfool"
1099,16375704,Kazeneko,"2026-07-01 22:36:53",790.0,2,kazeneko77
1100,16413128,Dicer992,"2026-07-01 05:50:11",790.0,2,dicer992
1101,16407444,MamiMamiko,"2026-07-23 00:50:57",789.9,2,"mamimamiko,sakaguchidai,zerosniper"
1102,16386173,Hiroyasu123,"2026-07-27 10:53:15",789.9,2,hiroyasu123
1103,16391481,"Blake Mosley","2026-07-13 23:37:27",789.9,2,blakemosley
1104,16405524,kmn,"2026-07-28 10:50:05",789.8,2,kmatsu01
1105,16436076,"Seungmin Ha","2026-07-13 01:34:50",789.7,2,seungmin2987
1106,16447760,"Sholto Armstrong","2026-07-23 12:49:07",789.6,2,sholtoarmstrong
1107,16539359,"John Mitchell","2026-07-21 16:30:00",789.5,2,jbomitchell
1108,16405998,香村貴之,"2026-06-21 07:38:46",789.5,2,k19920120
1109,16479943,"insert team name here","2026-07-07 20:46:32",789.4,2,sbarons
1110,16372108,hatakazu93,"2026-07-12 00:36:39",789.4,2,hatakazu93
1111,16379262,"Naoki Osako","2026-07-04 05:14:41",789.4,2,naokiosako
1112,16389168,bakata,"2026-06-19 16:34:15",789.3,2,bakata
1113,16600773,tangai1,"2026-07-28 09:41:16",789.3,2,tangai1
1114,16593902,Aaditya_Joshi,"2026-07-28 12:32:35",789.2,2,aaditya1joshi
1115,16378629,M2AI,"2026-07-13 00:10:09",789.2,2,matsunai
1116,16486089,charlotte,"2026-07-28 16:42:45",789.1,2,"aurax7,coolinlai,zongzishuang"
1117,16399359,kotakota1234,"2026-06-30 06:59:06",788.8,2,kotakota1234
1118,16449156,"S RＴmeg7","2026-07-20 15:03:45",788.8,2,srmeg7
1119,16572600,prvsiyan,"2026-07-28 15:00:55",788.7,2,prvsiyan
1120,16411641,maxwell_ml,"2026-07-13 13:54:20",788.7,2,maxwellml
1121,16377358,yomi,"2026-07-07 04:15:55",788.5,2,ymiura
1122,16374086,taopy2,"2026-07-20 16:35:36",788.4,2,taopy2
1123,16376154,niyo,"2026-07-21 13:21:18",788.4,2,yoshikiban
1124,16406031,snowsapphire,"2026-06-29 13:17:41",788.3,2,snowsapphire
1125,16372466,akzw,"2026-07-28 10:45:53",788.2,2,akzw4649
1126,16439350,"Alexandru Tanasel","2026-06-29 20:06:38",788.2,2,tanasel
1127,16610007,Astrovera,"2026-07-28 14:25:47",788.1,2,"astrovera,torinex"
1128,16403381,"HIDEYO CHIBA","2026-07-28 05:01:37",788.0,2,hideyochiba
1129,16405181,YOKKO,"2026-06-25 11:02:17",788.0,2,yokkomystery
1130,16592576,kojingbo,"2026-07-28 04:24:46",787.8,2,kojingbo
1131,16583019,"Hady Ibrahim","2026-07-25 23:56:55",787.8,2,itshady
1132,16485690,"⸻AgentZZ ⸻","2026-07-20 10:28:34",787.8,2,agentzz
1133,16533176,"CHEN CHEN","2026-07-28 08:39:31",787.8,2,chenchen0324
1134,16407283,mgoto51004,"2026-07-26 08:27:04",787.8,2,mgoto51004
1135,16609939,corelattice,"2026-07-28 14:18:42",787.7,2,"corelattice,tyrelon"
1136,16605429,Junlaii,"2026-07-27 11:28:09",787.6,1,junlaii
1137,16582786,李嘉乐,"2026-07-22 06:56:28",787.6,2,jallll123
1138,16435763,kinotako,"2026-07-17 13:55:12",787.5,2,kinotako
1139,16410496,r1ck.sync,"2026-06-21 20:08:14",787.5,1,r1cksync
1140,16551397,SQLRockstar,"2026-07-21 13:48:04",787.5,2,sqlrockstar
1141,16429363,让子弹飞一会儿,"2026-07-26 02:06:02",787.4,2,richardgtang
1142,16395443,minfaox3,"2026-07-19 12:46:52",787.4,2,minfaox3
1143,16386861,ayato_suzuki10,"2026-07-19 22:08:38",787.3,2,ayatosuzuki10
1144,16500076,LarryBart,"2026-07-17 12:45:24",787.3,2,uphobart
1145,16385733,"Kazuta MIZUTA","2026-07-25 17:21:48",787.3,2,kazutamizuta
1146,16389945,koiwashi,"2026-06-23 07:39:43",787.2,2,koiwashi
1147,16391545,"MERO TOKI","2026-07-19 10:33:39",787.1,2,merotoki
1148,16542564,养猪小能手,"2026-07-20 12:25:02",787.1,2,leehuiii
1149,16506501,x1angM,"2026-07-27 21:40:30",787.0,2,x1angm
1150,16382352,FabienDaniel,"2026-07-06 08:26:40",787.0,2,fabiendaniel
1151,16426003,江东,"2026-07-05 14:40:37",786.9,1,niubi666
1152,16473556,keiichi11,"2026-07-08 06:38:41",786.9,2,keiichi11
1153,16379460,erdanieee,"2026-07-24 08:29:38",786.8,2,erdanieee
1154,16514589,bianfu,"2026-07-23 17:16:17",786.6,2,bianfu
1155,16475650,Copandon,"2026-07-26 03:16:58",786.6,2,"ark911,copandon"
1156,16379631,mhiro2,"2026-07-28 16:18:25",786.5,2,mhiro2
1157,16602152,"Fayner Costa","2026-07-28 14:26:07",786.4,2,faynercosta
1158,16573720,suzu10,"2026-07-28 09:44:23",786.2,2,suzu10
1159,16399143,大野ユウラ,"2026-07-05 00:43:03",786.2,2,aurora4869
1160,16397598,HayatoFujihara,"2026-07-13 23:16:46",786.1,2,hayatofujihara
1161,16371509,Ayodeji,"2026-07-27 20:49:40",785.9,2,ayodejiibrahimlateef
1162,16377684,"Pilkwang Kim","2026-07-18 11:38:25",785.8,2,pilkwang
1163,16373991,"Kamal Das","2026-07-25 13:09:58",785.8,2,kmldas
1164,16539311,"xiaoxin zhao","2026-07-13 12:42:14",785.7,1,xiaoxinzhao
1165,16420919,"Masahiko Matsui","2026-07-28 14:19:17",785.7,2,mmatsui0515
1166,16435980,"Kanata Iriyama","2026-06-26 04:05:24",785.6,1,kanatairiyama
1167,16404994,Shigeki,"2026-06-27 10:59:03",785.6,2,shigeki0920
1168,16497953,"Alvin Li","2026-07-07 03:38:48",785.6,1,alvinli0412
1169,16374798,"Rishav Dutta","2026-07-24 18:17:13",785.6,2,dutta64
1170,16389765,みがわり,"2026-07-15 11:50:58",785.5,2,siruru2007
1171,16576037,R_S_K,"2026-07-28 15:52:30",785.5,2,"dqfeng,gvione,louishoo"
1172,16381952,trow126,"2026-07-06 02:03:12",785.4,2,trow126
1173,16377992,Tsukuru,"2026-07-07 07:05:23",785.2,2,tsukurukomai
1174,16398218,"wao zhang","2026-07-28 02:14:31",785.1,2,waozhang
1175,16600295,"Nana Ma","2026-07-26 04:01:16",784.9,1,marunana
1176,16441800,astriarty,"2026-07-02 16:10:18",784.8,2,astriarty
1177,16392389,ShinjiroKuroda,"2026-07-08 14:32:46",784.7,2,shinjirokuroda
1178,16393207,tf,"2026-07-22 02:40:23",784.7,2,tfukuhara
1179,16445965,Hanliu0408,"2026-07-03 07:00:35",784.6,2,hanliu0408
1180,16413536,BOOM,"2026-07-17 09:07:11",784.5,2,boomchenxy
1181,16559324,"Daisuke HOSHINA","2026-07-27 22:26:50",784.4,2,daisukehoshina
1182,16411944,sasanatu72,"2026-06-30 01:27:54",784.3,2,sasanatu72
1183,16601351,想想偶像怎么做,"2026-07-28 16:30:54",784.2,2,fjt12138
1184,16487905,Latios17,"2026-07-23 18:26:47",784.2,2,"anonymous76,bnativi"
1185,16430457,kokomi,"2026-07-03 01:26:49",784.2,2,koukoumi
1186,16449467,"Kapilraj R","2026-06-29 06:26:39",784.2,1,kapilrajr
1187,16431283,PokeBot,"2026-07-28 14:24:24",784.1,2,sergeifironov
1188,16536899,gamesu7107,"2026-07-28 02:39:56",784.1,2,gamesu7107
1189,16420357,"Pratham Jain","2026-06-23 10:42:32",784.0,1,"aadigupta1601,kindasomethin"
1190,16438512,"very kaggle","2026-07-19 02:22:50",784.0,2,verykaggle
1191,16482649,"Zhongyuan Zhang","2026-07-09 15:22:12",783.9,2,"yifeizhao888,z1493916656"
1192,16449423,Jiang,"2026-07-22 02:47:29",783.7,2,jiangh091
1193,16373203,copasta,"2026-06-18 03:14:59",783.5,2,copasta
1194,16375568,yatosa,"2026-07-22 04:02:29",783.4,2,yatosa
1195,16386171,MEP,"2026-06-19 14:51:44",783.4,2,reishmnia
1196,16408255,"Tony Li","2026-07-28 16:32:26",783.4,2,tonylica
1197,16380371,MJVinay,"2026-07-28 16:37:08",783.0,2,mallajayanthvinay
1198,16399700,JmpM,"2026-07-23 11:42:00",782.7,2,jmaru0707
1199,16382828,Testuo&Ryuji,"2026-06-27 12:15:42",782.6,2,"yamamotokenta,yamamotokoji"
1200,16408980,"Kakimoto Takahiro","2026-06-28 14:23:16",782.5,2,kakimototakahiro
1201,16460855,"Philipp Thoss","2026-07-27 10:59:40",782.4,2,pjt222
1202,16376743,Xstella,"2026-06-18 06:09:57",782.4,1,xstella
1203,16378422,変化の書ゾロアーク,"2026-07-24 09:14:44",782.3,2,hikaru2357
1204,16382170,kaliafluorido,"2026-07-25 01:40:23",782.3,2,kaliafluorido
1205,16505652,Mahog,"2026-07-28 11:51:19",782.2,2,mahoganybuttstrings
1206,16583675,Vibe_Moon,"2026-07-27 19:40:04",782.2,2,moonswalk
1207,16384896,"Ryan Offstein","2026-06-28 17:06:22",782.1,2,ryanoffstein
1208,16373470,charu,"2026-06-16 15:43:28",782.0,1,osamuikeda
1209,16420923,lingyundev,"2026-07-24 18:30:47",781.9,2,lingyundev
1210,16609884,"Liang Wan Yiu David ","2026-07-28 15:06:02",781.7,2,liangwanyiudavid
1211,16403874,"Deeptanush Kapaka","2026-06-20 19:05:54",781.7,2,deeptanushk
1212,16537098,"Jing Wu","2026-07-28 13:14:04",781.6,2,bengcccat
1213,16375619,askamijo,"2026-07-09 07:40:55",781.6,2,askamijo
1214,16517321,车嘉宁（Mr-Car）,"2026-07-28 00:39:48",781.5,2,gallifreycar
1215,16402035,"Inlon Kou","2026-06-26 00:45:40",781.5,2,inlonkou
1216,16377215,Ajay_Rao_43,"2026-07-28 15:45:43",781.5,2,ajayrao43
1217,16394658,"Cosmic Birefringence","2026-07-06 12:30:00",781.2,2,yutominami
1218,16439716,"Koki _1231","2026-07-28 13:15:29",780.9,2,koki1231
1219,16544448,Eastgooner,"2026-07-24 03:11:45",780.8,2,eastgooner
1220,16375514,Kirderf,"2026-07-28 16:46:17",780.7,2,kirderf
1221,16390096,datnt114,"2026-07-08 21:08:31",780.6,2,kingkong153
1222,16498967,"Twe Dyo","2026-07-15 00:01:04",780.5,2,twedyo6
1223,16571978,"Evgeniy Prilutskiy","2026-07-21 18:10:38",780.2,2,krulsaidme0w
1224,16379340,hibikisato0413,"2026-07-21 02:36:59",780.1,2,hibikisato0413
1225,16541348,ibyyue,"2026-07-28 06:00:30",780.0,2,ibyyue
1226,16376022,pes_magic,"2026-07-23 14:04:45",779.9,2,fumiyasuto
1227,16385755,CoorDi,"2026-07-28 10:46:46",779.8,2,bxy0125
1228,16600004,Baltsat,"2026-07-28 11:20:47",779.7,2,baltsat
1229,16440616,"Ramesh Arvind","2026-07-14 15:05:41",779.7,2,rameshln
1230,16543066,"Sota Chan","2026-07-14 08:27:52",779.5,1,sotachan
1231,16381865,"Kazuhiro Masuyama","2026-07-13 13:47:10",779.5,2,kazuhiromasuyama
1232,16380989,"Prema Ananda","2026-07-18 05:52:45",779.5,2,premaananda108
1233,16550372,"Aman Arora","2026-07-17 04:04:06",779.5,2,aroraaman
1234,16380164,nikechan,"2026-07-28 14:10:46",779.4,2,nikehasegawa
1235,16376345,"Xiaolei Lian","2026-07-20 08:56:31",779.4,2,xiaoleilian
1236,16482100,"Pappu Contractors","2026-07-25 14:40:32",779.4,2,"aditisalvi04,vedantvvaidya"
1237,16424875,"Changdao Chen","2026-07-20 02:36:48",779.3,2,ccdepsilon
1238,16385654,Shachify,"2026-06-21 23:13:18",779.2,2,shachify
1239,16372551,テライFACC,"2026-07-28 14:19:44",779.2,2,keyholderterai
1240,16443722,kkj333,"2026-07-20 02:12:09",779.0,2,kkj333
1241,16413287,"Biel Escola Rodrigo","2026-07-16 17:21:36",779.0,2,bielescolarodrigo
1242,16406902,NeckBeard,"2026-07-10 03:55:35",778.9,2,akihiroorita
1243,16565727,Remielle,"2026-07-28 16:07:05",778.8,2,remielle
1244,16381874,Blacklions.,"2026-07-24 07:34:34",778.8,2,blacklions
1245,16385025,NukoNiko15,"2026-07-17 10:22:07",778.8,2,nukoniko15
1246,16451640,hondoo,"2026-07-21 16:57:07",778.7,2,hondoo
1247,16376159,kotsuton,"2026-07-28 06:18:51",778.6,2,kotsuton
1248,16378270,"Nithin maktha","2026-07-27 19:20:09",778.4,2,makthanithin
1249,16383912,Aphrodite,"2026-07-24 11:30:15",778.4,2,aphrodite874
1250,16374884,Funky,"2026-07-11 23:39:33",778.4,2,super13579
1251,16373856,shun_otoko,"2026-06-23 07:14:19",778.3,2,shunotoko
1252,16497516,"Alex Gorica","2026-07-20 13:12:49",778.3,2,alexgorica
1253,16427687,"Adam Radziwanowski","2026-07-28 13:57:11",778.2,2,adamradziwanowski
1254,16557150,cornwall,"2026-07-18 00:51:36",778.2,2,cornwall
1255,16468059,"Bulat Latypov","2026-07-22 18:10:22",778.1,2,bubuilder
1256,16426023,sqrt4kaido,"2026-07-18 23:09:33",778.1,2,nomorevotch
1257,16445124,"iwawawawa iwawa","2026-07-22 11:42:09",778.0,2,iwawawawaiwawa
1258,16571342,Jeryos,"2026-07-28 13:02:35",778.0,2,joulskaf
1259,16462162,OzanM.,"2026-07-26 12:13:13",777.9,2,analyticaobscura
1260,16489935,ひろたこう,"2026-07-09 12:27:52",777.9,2,hirotakoo
1261,16371417,yyou97,"2026-07-24 16:44:31",777.9,2,yyou97
1262,16375221,PokeBotty,"2026-06-17 20:53:54",777.9,2,pokebotty
1263,16424365,easonyanyan,"2026-07-26 20:24:31",777.8,2,easonyanyan
1264,16376533,Kyo_s_s,"2026-06-17 02:45:37",777.8,1,"kyosss,yomi8802"
1265,16466650,"John doe","2026-07-27 17:22:56",777.8,2,pipicaca
1266,16604645,tanadai,"2026-07-28 12:59:20",777.7,2,da0516
1267,16468954,PokeMasters,"2026-07-28 14:53:51",777.7,2,"shashwat2708,vaidehiturkar25"
1268,16377577,ryuki1101,"2026-07-08 06:32:32",777.5,2,ryuki1101
1269,16411175,たいたん,"2026-07-16 18:36:30",777.5,2,"foxtorch,peten234,titandayo,zenorhye"
1270,16403668,Substitute99,"2026-07-28 16:04:52",777.5,2,"siontama,substitute99"
1271,16488352,"Cauã Macedo","2026-07-16 22:18:36",777.4,2,caumacedo
1272,16492309,MAC,"2026-07-28 08:09:08",777.4,2,"ryui68925,uki706"
1273,16506955,luckyappley,"2026-07-17 07:53:36",777.3,2,luckyappley
1274,16381909,haiy_qq,"2026-07-15 02:08:22",777.3,2,haiyqq
1275,16421075,teetru,"2026-07-08 14:02:47",777.2,2,teetru
1276,16380589,Pixegami,"2026-07-27 04:03:46",777.2,2,jackpx
1277,16464006,"Riko Hirano","2026-07-11 06:46:39",777.1,2,rikohirano
1278,16551909,"Seine A. Shintani","2026-07-28 04:05:08",777.0,2,seineashintani
1279,16410956,"Adi Kumar","2026-07-28 16:57:07",777.0,2,adikumar312
1280,16373276,"MS-05 ざこ","2026-07-07 06:13:37",777.0,2,royalacecat
1281,16377835,"Seok, Jeongeum","2026-07-28 10:51:46",776.9,2,seokjeongeum
1282,16376223,電気通信ポケモン大学,"2026-07-26 13:10:53",776.9,2,"ncookie0123,reonishida,sashiyatakeguchi,sh1n1230,yuki67"
1283,16468699,"Parth Thakker","2026-07-16 13:37:10",776.8,2,"aayushkumar08,devpatel0408,parththakker2004"
1284,16374400,"Matthew Huang","2026-07-11 04:26:55",776.7,2,matthewwh
1285,16391755,Toru59er,"2026-07-28 13:09:30",776.6,2,toru59er
1286,16443591,TTKeHH,"2026-06-28 05:20:01",776.5,2,ttkehh
1287,16400684,Shizupoke,"2026-07-16 14:19:34",776.5,2,"flat1017,kazzzaspala,pokenushi"
1288,16401215,mattsu2020,"2026-06-22 10:08:27",776.5,2,mattsu2020
1289,16406277,"Bianco Chiu","2026-06-25 13:35:40",776.3,1,biancochiu
1290,16512568,JackGong,"2026-07-24 09:10:18",776.3,2,jackgong
1291,16404939,GeniusYY,"2026-07-21 11:45:39",776.3,2,alexyy
1292,16421789,Ryan,"2026-07-28 16:51:50",776.3,2,ryanet
1293,16376710,"HIROYA KIKUCHI","2026-07-09 06:03:02",776.3,2,hiroyakikuchi
1294,16387015,KooDol,"2026-07-23 00:45:38",776.2,2,koodol
1295,16431924,sugiharahara,"2026-07-22 18:11:10",776.2,2,sugiharahara
1296,16386310,sakaitt,"2026-07-23 12:01:17",776.1,2,sakaitt
1297,16397932,kemurayama,"2026-07-05 01:20:02",776.0,2,yoshiomura
1298,16449291,四月一日,"2026-06-29 06:07:07",775.9,1,watanukiforkaggle
1299,16540541,NingXiongFeng,"2026-07-14 13:48:28",775.9,1,ningdad
1300,16562797,"Algorithm Supernova","2026-07-28 14:16:06",775.8,2,riochiang
1301,16371465,"Charismatic Pizza Party🍕","2026-07-15 11:07:56",775.6,2,debugendless
1302,16377827,神奈川大学は国立大学,"2026-07-20 00:54:14",775.5,2,"aruzenweed,mizyu0501,shimpeimatuda"
1303,16383280,ChillR,"2026-07-09 02:53:27",775.4,2,chillr
1304,16448708,"Yin Li","2026-07-23 07:20:34",775.2,2,kevin250304
1305,16602614,Silhouette,"2026-07-28 12:15:12",775.0,2,jamessargsyan
1306,16478064,mgn,"2026-07-05 15:03:31",775.0,2,mugentk
1307,16383515,PavelLiashkov,"2026-07-28 15:18:24",774.9,2,bigbag1983
1308,16544393,"Monibee Fudgekins","2026-07-27 20:40:10",774.8,2,monibeefudgekins
1309,16399437,"Masatoshi Taniguchi","2026-07-28 16:05:23",774.7,2,masatoshitaniguchi
1310,16373361,Kohenyan,"2026-06-20 17:56:49",774.7,2,k0henyan
1311,16443367,URAD,"2026-07-23 21:07:09",774.6,2,uradkr
1312,16488925,SYC,"2026-07-18 06:13:53",774.6,2,yichengs
1313,16372457,colt,"2026-06-30 00:40:39",774.6,2,xiaomaguo
1314,16372449,"Big Deck Energy","2026-07-19 15:49:25",774.5,2,nihilisticneuralnet
1315,16376640,"ML 愛好会","2026-07-27 11:45:17",774.4,2,"chunpiuyau,risaam,xiongdaxiongmao"
1316,16416886,YangAoTian,"2026-07-06 21:19:02",774.2,2,yangaotian
1317,16495681,G-Lin1k,"2026-07-15 15:59:40",774.2,2,marjuenzsuparto
1318,16376745,paistieco,"2026-07-27 16:50:29",773.8,2,gregorypoist
1319,16417811,小松崎　大世,"2026-07-01 08:17:20",773.8,2,shintaisei
1320,16392214,Chloe,"2026-07-19 14:34:00",773.6,2,baytree1238
1321,16401999,kuritamar,"2026-07-26 02:18:05",773.6,2,kuritamar
1322,16376721,今井大登,"2026-07-28 06:56:50",773.6,2,naru041104
1323,16376334,Janglish,"2026-07-28 10:17:14",773.6,2,janglish
1324,16597028,DL,"2026-07-28 16:37:30",773.5,2,distiller
1325,16373781,Hamu.py,"2026-07-10 10:28:26",773.4,2,hamupy
1326,16565629,耶✌,"2026-07-22 22:18:43",773.4,2,qifeihhh666
1327,16376943,seiya.n21,"2026-07-07 06:59:18",773.3,2,seiyan21
1328,16392754,"Arti-fish-ial Intelligence","2026-07-28 04:17:30",773.3,2,"atom1231,russcore,tom99763"
1329,16488282,"Yamin Hossain","2026-07-06 10:39:42",773.2,2,yaminh
1330,16371758,"Abdul Wahab Khan","2026-07-02 04:54:17",773.2,2,abdulwahab2321
1331,16372521,john,"2026-06-30 08:29:04",773.1,2,jaejohn
1332,16513249,"Paris Baguette","2026-07-19 22:31:31",773.1,2,rickobliviate
1333,16447284,Ye,"2026-06-28 15:57:30",773.1,2,gimgoon
1334,16482862,"Dariush Afshar","2026-07-27 09:38:32",773.1,2,dariushafshar
1335,16485491,Ikeda0516,"2026-07-28 05:08:23",773.1,2,ikeda0516
1336,16440672,"reo ifigg","2026-07-15 19:35:45",773.0,2,reoifigg
1337,16417305,Teteapod,"2026-07-01 04:55:49",773.0,2,tetrapod
1338,16381213,Mojumbo,"2026-07-08 12:57:30",772.9,2,mojumbo
1339,16377655,Soraice,"2026-07-28 08:05:42",772.9,2,"dinoxie,fsiceangel"
1340,16517824,"Kyles Light","2026-07-11 08:30:23",772.9,2,kyleslight
1341,16377150,StrixM,"2026-07-26 15:28:01",772.7,2,strixm
1342,16380808,festivallead,"2026-06-18 12:00:00",772.7,2,festivallead
1343,16373813,kambarakun,"2026-07-07 01:57:52",772.6,2,kambarakun
1344,16379555,hikaru_ishihara46,"2026-07-28 03:58:11",772.5,2,hikaruishihara46
1345,16373836,Kuriboh,"2026-07-02 15:46:22",772.5,2,cauchyeix
1346,16393586,starclan,"2026-06-21 01:54:27",772.5,2,starclan
1347,16554960,Masato_Hidaka,"2026-07-28 01:26:31",772.5,2,dakama
1348,16447433,SORA,"2026-07-27 06:43:00",772.4,2,sorareita
1349,16598031,myab07,"2026-07-28 05:41:13",772.4,2,"hamnamunir,myab07"
1350,16393140,yasu,"2026-07-24 09:50:00",772.2,2,yasutakababa
1351,16578950,V1enna0808,"2026-07-28 02:12:52",772.2,2,v1enna0808
1352,16426585,Genki,"2026-07-06 05:06:21",772.0,2,genkiwatanabe
1353,16493496,key4127,"2026-07-24 09:10:33",772.0,2,key4127
1354,16393005,r0ki3day,"2026-06-19 10:24:47",772.0,2,r0ki3day
1355,16397939,"Joe Chapa","2026-07-21 02:11:59",772.0,2,joechapa
1356,16398904,EKMorris,"2026-07-22 04:41:10",772.0,2,hdraider
1357,16451106,を,"2026-07-05 03:36:12",772.0,2,"h4nuri,wotakumak,yopokemontcg"
1358,16374516,persn,"2026-07-22 21:12:35",772.0,2,joeykerp
1359,16600740,yellowleaf,"2026-07-26 11:13:49",771.9,2,wcqyfly
1360,16516683,"kazuki morikawa","2026-07-26 11:49:10",771.9,2,kazukimorikawa
1361,16374172,"Umair Zia","2026-07-14 13:33:42",771.9,2,stealthtechnologies
1362,16375449,"THE A TEAM","2026-06-18 15:50:37",771.9,2,stevefloresswwwq
1363,16394276,"Kaiya Kawata","2026-06-23 09:55:16",771.9,2,kaiyakawata
1364,16378613,"pankit kumar","2026-06-22 08:42:34",771.8,2,pankitkumar
1365,16382001,NecromanAlbert,"2026-07-28 15:53:07",771.7,2,necromanalbert
1366,16551432,"Ryan #2","2026-07-19 16:03:56",771.7,2,"bhtqjlcly,ryan051212"
1367,16372986,monsaraida,"2026-07-28 14:34:17",771.6,2,monsaraida
1368,16552322,"Malyshev Danil","2026-07-28 13:24:32",771.6,2,malyshevdanil
1369,16398940,hikahika,"2026-07-26 09:07:49",771.6,2,naganohikaru
1370,16380390,DhanaLakshmiMalla,"2026-07-27 17:39:23",771.4,2,dhanalakshmimalla
1371,16376599,takumi12345,"2026-07-19 02:44:39",771.4,2,takumi12345
1372,16568603,daizedoskoi,"2026-07-19 08:51:40",771.4,2,daizedoskoi
1373,16603827,"Aayush Rajput03","2026-07-28 12:46:59",771.4,2,aayushrajput03
1374,16452116,"Raja Biswas","2026-07-28 17:17:16",771.3,2,conjuring92
1375,16417386,"azuma haruki","2026-07-22 07:50:33",771.3,2,azumaharuki
1376,16570532,lingheng,"2026-07-25 08:00:42",771.1,2,"lingheng,xianhaolin6077"
1377,16377470,"Pranesh Jayasundar","2026-06-18 03:50:29",771.0,2,praneshjayasundar
1378,16588002,"Trainer Karl","2026-07-26 17:12:08",770.9,2,dearkarl
1379,16381864,"Jiachen Li","2026-07-28 13:27:18",770.9,2,llccqq624
1380,16379897,Nouzen,"2026-07-02 01:18:52",770.9,2,shunya1135
1381,16376997,denden12,"2026-07-28 11:24:06",770.8,2,denden12
1382,16378381,RMatsugen,"2026-07-26 12:04:34",770.8,2,rmatsugen
1383,16510381,Poke_Gogogo,"2026-07-26 10:01:28",770.8,2,jayongchen
1384,16400220,kurota0612,"2026-07-18 08:38:51",770.8,2,yuichit
1385,16375089,romthpt,"2026-07-02 13:16:42",770.5,2,"romthpt,thomashussenet"
1386,16372553,A.T.,"2026-07-27 12:48:01",770.3,2,t6ccc2
1387,16383204,StephenNedumpally,"2026-07-10 15:28:02",770.3,2,stephennedumpally
1388,16561197,U023,"2026-07-24 05:32:18",770.3,2,ryutek
1389,16394550,TomBombadyl,"2026-07-21 15:30:10",770.2,2,tobin1dr
1390,16402199,himatani,"2026-07-26 13:31:25",770.2,2,himatani
1391,16373351,harlen,"2026-07-28 16:13:56",770.1,2,harlenka
1392,16378344,yuki16,"2026-07-06 03:37:36",770.1,2,yuki16
1393,16388315,如月メノウ,"2026-07-19 11:19:37",770.1,2,menoukisaragi
1394,16371755,yuki,"2026-07-22 15:55:24",770.0,2,yururoi
1395,16381505,ryoya,"2026-07-12 15:59:08",770.0,2,ryoya1122
1396,16444456,"The Peter Cooper Fan Club","2026-07-02 19:26:52",769.9,2,"joshuadavidov,mrwafles"
1397,16605822,"Husnain Ali","2026-07-27 13:47:52",769.8,2,hafts11
1398,16375757,gtansu,"2026-07-23 23:42:05",769.8,2,gtansu
1399,16594867,"Abdalrahman mohamed","2026-07-27 13:45:14",769.7,2,abdalrahmanmohamed3
1400,16531344,Tyooughtul,"2026-07-28 11:44:30",769.7,2,yooughtul
1401,16442005,Ty-Yuki,"2026-06-28 12:38:35",769.6,2,tyyuki
1402,16512293,AURORA,"2026-07-28 11:00:03",769.6,2,dongsusin
1403,16605419,"Xiaoxi Zhang","2026-07-28 13:44:09",769.6,2,xiaoxizhang2025
1404,16456906,Venture2525?,"2026-07-09 00:36:18",769.4,2,venture2525
1405,16382341,E_96tree,"2026-07-24 15:58:28",769.4,2,e96tree
1406,16424758,Skyraider,"2026-07-28 16:41:32",769.4,2,drpatrickchan
1407,16378170,"The Debauchery Tea Party","2026-07-28 13:36:41",769.2,2,"hirotosasaoka,satoshihaimura,sizumita"
1408,16460151,"Tri Nguyen","2026-07-25 04:48:01",769.2,2,"caydenhutcheson,tringuyen2007"
1409,16484375,Fernando,"2026-07-04 06:58:43",769.2,2,fer8fer8
1410,16454909,RicardoLópez,"2026-07-22 20:41:20",769.1,2,richi2489
1411,16395231,lyee,"2026-07-28 15:59:20",769.1,2,lyee919
1412,16376192,SoedaHaruto,"2026-07-28 03:44:40",769.0,2,soedaharuto
1413,16395904,ruce015555,"2026-06-24 18:33:35",769.0,2,ruce015555
1414,16589962,ZhangZhen257,"2026-07-28 13:25:12",769.0,2,zhangzhen257
1415,16573554,"Krasnov Daniil","2026-07-23 06:59:33",768.9,2,daniilkrasnovvv
1416,16389873,s@sak1,"2026-07-24 02:06:57",768.7,2,sear2004
1417,16419079,DataLover,"2026-07-16 20:15:43",768.6,2,paulknidler
1418,16395718,ArnabKarmakar,"2026-07-21 23:07:37",768.6,2,arnabkarmakar
1419,16592101,"yajuan sheng","2026-07-28 13:55:42",768.3,2,yajuansheng
1420,16381633,Tardigrades,"2026-07-26 15:02:08",768.3,2,rxd1218
1421,16385442,ShiumAI,"2026-07-13 17:26:48",768.1,2,ito428
1422,16392857,PALTCG,"2026-07-27 02:05:56",768.0,2,"aligox,d3ndr0bium,kzwnjp,merlyna"
1423,16533403,"Vladislav Kolesov","2026-07-12 16:14:07",768.0,2,vladislavkolesov
1424,16382386,BarrelAged,"2026-07-28 16:38:49",767.9,2,johnhosack
1425,16414542,あーとらぼ,"2026-07-28 17:10:17",767.9,2,akartlab
1426,16383909,"Alyce Miki","2026-06-23 09:03:50",767.8,2,alycemiki
1427,16501411,Arun,"2026-07-11 06:20:33",767.8,2,wasbornlazy
1428,16376032,"win a real gold medal","2026-06-27 16:36:33",767.7,2,aizealotwu
1429,16607995,Zhanpeng.W,"2026-07-28 06:35:09",767.5,2,zhanpengw
1430,16411108,Neubor,"2026-07-03 10:09:35",767.5,2,neubor
1431,16489223,yzx22442255,"2026-07-15 05:08:35",767.5,2,yzx22442255
1432,16413763,"Furkan Pirinc","2026-07-01 06:14:51",767.5,2,fpirinc
1433,16548026,gabrielep09,"2026-07-23 07:27:57",767.4,2,gabrielep09
1434,16424835,"Ming Fong","2026-06-24 03:02:33",767.4,1,evilpegasus
1435,16380956,"taiga honda","2026-07-09 14:33:40",767.4,2,hondataiga
1436,16379584,yaruwo,"2026-06-18 00:47:39",767.2,1,yaruwo
1437,16507074,"haonan zhengh","2026-07-28 11:27:59",767.2,2,haonanzhengh
1438,16408628,DiuDiu,"2026-07-22 05:45:09",767.2,2,chrouos
1439,16471006,BabyCows,"2026-07-09 22:44:38",767.1,2,"anthonyrispoli,p0kedude"
1440,16494284,"Justin Kimlim","2026-07-15 01:54:38",767.1,2,justinkimlim
1441,16561886,Napier1550,"2026-07-28 14:52:22",767.1,2,napier1550
1442,16389466,DevAIL,"2026-07-20 12:46:32",767.1,2,"mtuzov,omarpanda,oxigengames"
1443,16412533,Exodia,"2026-07-23 07:25:52",767.1,2,"epicizy,linhphmgia"
1444,16414753,"Yuya Fujiwara","2026-07-09 02:51:59",767.0,2,yuyafujiwara139
1445,16453568,"Heitor Westphal","2026-07-28 07:29:33",767.0,2,heitorwestphal
1446,16481988,5386,"2026-07-19 15:16:11",766.8,2,"ismktkaggle,rairai314,satosis"
1447,16597308,"yu lesui","2026-07-27 03:53:03",766.7,2,yulesui
1448,16477882,"Jim Eastburn","2026-07-25 02:06:52",766.7,2,jimeastburn
1449,16538324,Hellboy,"2026-07-26 15:18:22",766.7,2,helmirinaldi
1450,16435304,"yuanzhe zhou","2026-07-28 14:46:57",766.7,2,yuanzhezhou
1451,16381426,suruli,"2026-07-26 22:19:52",766.6,2,suruli0202
1452,16388467,Michey0495,"2026-07-28 04:30:16",766.6,2,michey0495
1453,16442141,KouFu,"2026-07-26 14:18:04",766.4,2,kouheif
1454,16379715,"Ryosei T","2026-07-16 12:16:34",766.4,2,ryoseit
1455,16374672,"Allan Kássio Beckman Soares da Cruz","2026-07-06 00:56:19",766.4,2,allankcruz
1456,16389234,lark1115,"2026-07-05 10:39:35",766.3,2,lark1115
1457,16540671,justmayank,"2026-07-23 05:45:00",766.3,2,justmayank
1458,16452464,失忆的海_,"2026-07-28 07:06:56",766.1,2,shiyidehai
1459,16420157,"Yuu K","2026-07-12 14:14:49",766.0,2,yuuk9090
1460,16392367,みずあめ,"2026-07-17 07:32:54",766.0,2,mizuamedesu
1461,16375115,KenLatte,"2026-06-20 20:39:25",766.0,2,kenkudo
1462,16387757,Gracie,"2026-07-28 17:10:57",766.0,2,gracie428
1463,16413672,nakayashiki697,"2026-07-12 04:49:27",765.9,2,nakayashiki697
1464,16395832,"Beginner's luck","2026-06-19 16:44:36",765.9,2,"ruinnnnnn,sakurabamomiji"
1465,16382833,Anemone,"2026-06-20 11:13:40",765.9,2,maple0u0
1466,16389169,kuma_jp,"2026-07-13 22:46:18",765.9,2,kumajp
1467,16478048,TomJ286991,"2026-07-05 02:48:55",765.8,2,tomj286991
1468,16532799,"Apex Blue","2026-07-27 18:44:54",765.7,2,"apexblue,dharanieesh"
1469,16371937,"Ryuto Yoda","2026-06-24 04:15:12",765.6,2,ryutoyoda
1470,16448569,Bowowen,"2026-07-13 02:00:45",765.6,2,bowowen
1471,16382455,"jin hiratsuka","2026-07-23 07:04:20",765.5,2,jinhiratsuka
1472,16384833,dkyk,"2026-07-27 15:39:38",765.4,2,dannybk
1473,16381755,MoriBob,"2026-07-28 12:47:51",765.4,2,"bobfromjapan,takeshimorimura"
1474,16511474,"Clement Lau","2026-07-26 16:54:55",765.2,1,clementlau
1475,16566751,"Sebastian & Breno","2026-07-28 13:24:54",765.2,2,"brenorb,sebastianmateus"
1476,16382149,ゾロアホゲータカポエラーホエルオーヒトモシ,"2026-07-26 05:36:18",765.2,2,"ayako0,kosyamada0526,moisutsu,obara128,yano00"
1477,16372595,"Yousef Turk","2026-07-09 14:12:38",765.1,2,yousefturk
1478,16382539,"Katsuhito Muroi","2026-07-01 08:54:07",765.1,2,katsuhitomuroi
1479,16380867,ろう39,"2026-07-26 11:55:47",765.1,2,kuronekorou39
1480,16380397,Malla,"2026-07-27 18:10:01",765.1,2,mallaphalguni
1481,16398319,trail,"2026-06-24 14:57:10",764.9,2,jinkoga
1482,16379593,"Mathurin Ache","2026-07-14 21:37:21",764.8,2,mathurinache
1483,16381156,taiki,"2026-06-18 11:51:54",764.7,2,taiki95
1484,16530269,reizouko264,"2026-07-11 17:15:46",764.7,2,iketaku
1485,16377587,ゼミ費ください。,"2026-07-07 04:42:05",764.5,2,"daisukehori,k4ntaf,nekocat256,tomisasha"
1486,16499726,mitsukuni,"2026-07-22 05:32:18",764.3,2,mitsukun1
1487,16536897,"Anh-Vu Mai-Nguyen","2026-07-25 12:29:01",764.3,2,mainguyenanhvu
1488,16386538,mtskggle,"2026-07-28 13:59:16",764.2,2,matsusakaggle
1489,16514259,"Pioneer 2","2026-07-27 16:17:06",764.1,2,sigint
1490,16465213,Hase2727,"2026-07-21 09:24:09",764.0,2,hase2727
1491,16373858,strayuru,"2026-06-18 12:23:02",763.9,2,strayuru
1492,16510067,"Jeffrey Saelee","2026-07-28 10:10:35",763.8,2,jeffreysaelee
1493,16501495,T.Kawahara,"2026-07-28 15:17:05",763.8,2,kawaharataishi
1494,16402445,"Soulemane ISSIFOU","2026-07-02 08:03:12",763.7,2,soulemaneisissifou
1495,16425162,Moegi,"2026-07-22 13:20:17",763.6,2,mooegi
1496,16378819,molmot,"2026-06-20 07:58:51",763.6,2,harukatoyoda
1497,16393064,"Editor Jugnu AI","2026-07-18 11:10:47",763.6,2,editorjugnuai
1498,16384059,ankounabe114,"2026-07-27 17:10:20",763.5,2,ankounabe114
1499,16508709,"Team Pierogachu","2026-07-27 14:17:03",763.5,2,"falkhan,przybyszadrian"
1500,16551417,"Dan Martin111","2026-07-23 18:57:10",763.4,2,danmartin111
1501,16387018,"Артём Свинобоев","2026-07-10 18:40:15",763.4,2,ssstelmah
1502,16501391,元乃元元宝,"2026-07-10 10:09:57",763.3,2,albertshen
1503,16386888,"Bektursyn Shaimerden","2026-07-13 09:36:16",763.3,2,bektursyn
1504,16382603,Eriya,"2026-07-08 17:02:01",763.2,2,haaaal
1505,16385017,キキ327(トウカ),"2026-06-19 09:05:58",763.2,2,kiki327
1506,16372176,"Quan Nguyen","2026-06-17 12:11:20",763.1,2,quannguyn12
1507,16403359,"SK Arin","2026-07-13 03:39:31",763.1,2,skarin
1508,16538015,"Water Xiao","2026-07-24 02:20:51",763.1,2,waterxiao
1509,16498293,"Patrick Bard","2026-07-07 18:52:55",763.0,2,patrickbard
1510,16378264,saxsir,"2026-07-22 09:23:28",762.9,2,saxsir
1511,16392333,ichigotosakura,"2026-06-19 10:33:02",762.9,2,ichigotosakura
1512,16601445,"Hai (Tom) Nguyen Thien","2026-07-26 11:51:35",762.8,2,hainguyenthien
1513,16414718,Sophinator,"2026-07-26 12:33:47",762.4,2,sophinator
1514,16574855,Yentür,"2026-07-20 11:18:28",761.9,2,meryentr
1515,16537606,LeeVvin,"2026-07-20 11:29:57",761.9,2,leevvin
1516,16390710,"Alberto Mocchi","2026-07-26 08:37:31",761.8,2,albertomocchi99
1517,16393404,"YAMAGUCHI Tatsuto","2026-07-28 17:15:15",761.8,2,yamaguchitatsuto
1518,16554945,"Giovanni Chang","2026-07-25 14:33:11",761.8,2,giovannichang
1519,16569385,"Kuze Luz","2026-07-19 09:42:32",761.7,1,kuzeluz
1520,16380018,"Sohshi Nakamura","2026-07-17 00:06:25",761.7,2,sohshinakamura
1521,16381754,M093.jp,"2026-06-19 15:17:53",761.6,2,m093jp
1522,16387043,monnu,"2026-07-14 13:05:02",761.6,2,fuumin621
1523,16421586,RyuMizu,"2026-07-09 14:36:32",761.4,2,ryumizu
1524,16379626,TomTom,"2026-07-27 15:44:03",761.3,2,"emuasg,supermame"
1525,16418151,"peeta pit","2026-07-28 12:06:16",761.3,2,peetapit
1526,16557053,YoshiBrightside,"2026-07-26 16:46:40",761.2,2,joshuapedrero
1527,16410959,"jorge fabian avila","2026-07-23 16:07:33",761.1,2,jorgefabianavila
1528,16578099,三天,"2026-07-21 02:37:46",761.0,2,gggggggxy
1529,16391455,rode,"2026-07-28 12:13:00",761.0,2,rode1234
1530,16417494,"Tommy Mancino","2026-07-20 20:33:43",761.0,2,tommymancino
1531,16388107,pipi14ramu,"2026-07-28 14:36:40",761.0,2,pipi14ramu
1532,16382980,夯,"2026-07-25 08:38:18",760.8,2,superwmh
1533,16435632,shushu,"2026-07-24 12:52:48",760.8,2,shushu8
1534,16501332,"Pikachu へ(●´︿｀●)へ","2026-07-28 02:53:05",760.8,2,zhangxinhui02
1535,16487880,mumumu_no_mu,"2026-07-05 14:21:21",760.7,2,"gurukun41,jotarowasa,mumumunomu"
1536,16375430,nanannan,"2026-07-19 23:50:13",760.6,2,minamiminami
1537,16374746,Yuzuki,"2026-06-18 15:09:47",760.6,2,yuzukiohya
1538,16385383,hatata,"2026-07-28 09:49:17",760.5,2,hatata3737
1539,16376729,"G Pokemon","2026-07-26 03:50:28",760.4,2,gboparai
1540,16584394,lupodevelop,"2026-07-27 08:59:53",760.2,2,lupodevelop
1541,16374277,Y.Kaisei,"2026-07-26 10:32:00",760.2,2,ykaisei
1542,16580577,まさやん,"2026-07-27 12:38:36",760.1,2,masayam1234
1543,16372467,Kuuma5,"2026-07-02 16:03:49",760.1,2,kuuma5
1544,16505125,"Rob H","2026-07-28 05:51:31",760.0,2,robhubacz
1545,16427821,@🤞@,"2026-07-06 14:15:27",760.0,2,anglolodorf
1546,16388060,TakazawaMasato,"2026-06-24 03:13:02",759.9,2,takazawamasato
1547,16372620,"Ankith Savio","2026-07-28 15:57:29",759.9,2,weedoo
1548,16431061,SCU_12600883,"2026-06-26 08:20:25",759.8,2,mavenyechankim
1549,16401381,nkenji,"2026-06-20 11:19:32",759.8,2,kenjinakayamankenji
1550,16372582,"Nur Srijan","2026-07-24 09:51:11",759.7,2,nursrijan
1551,16401848,Daksh_Malhotra_Kaggle,"2026-06-20 14:43:31",759.7,2,dakshmalhotrakaggle
1552,16412477,Yxy2001,"2026-07-24 06:12:44",759.4,2,yxy2001
1553,16399116,"Brendan Gho","2026-07-03 19:10:55",759.3,2,brendangho
1554,16375666,cam3ronc,"2026-06-28 08:29:28",759.3,2,cam3ronc
1555,16535761,Matthew.lee010299,"2026-07-14 19:38:46",759.2,2,matthewlee010299
1556,16386697,cicada,"2026-07-16 22:25:07",759.1,1,cicadakaggleuec
1557,16374946,AbhilashVJ,"2026-07-18 12:57:00",759.0,2,abh001
1558,16394280,kglctf,"2026-07-07 10:01:34",759.0,2,kglctf
1559,16591300,kumk,"2026-07-24 13:13:40",758.6,2,kknagoya
1560,16373268,"Yoshiki Okayama","2026-07-05 09:40:39",758.6,2,yoshikiokayama
1561,16395460,"Ioannis M","2026-06-19 15:35:42",758.5,1,imeintanis
1562,16372167,UBI=ISHI,"2026-07-25 10:11:43",758.5,2,"koseitakaki,tsukasa1111"
1563,16535101,"Muhammad Junaid #2","2026-07-25 08:41:45",758.4,2,junaid512
1564,16403794,Larps,"2026-07-28 05:17:52",758.2,2,"nitinvijayapandi,safm1rza"
1565,16442780,mikke9747,"2026-06-27 11:55:05",758.2,1,mikke9747
1566,16385268,sekken,"2026-07-28 16:49:18",758.2,2,marksix
1567,16472095,MITSU,"2026-07-28 11:48:47",758.1,2,mitsunori
1568,16387626,"Geumhwan Hwang","2026-07-27 08:31:22",757.9,2,a20215213
1569,16372036,LosiSt,"2026-06-29 03:53:11",757.9,2,losist
1570,16372882,"katsudon 421","2026-06-20 08:59:03",757.8,2,katsudon421
1571,16382059,Fumi,"2026-07-28 14:50:42",757.7,2,cheersbeer
1572,16387665,"Seikan Suzuki","2026-06-29 02:39:45",757.6,2,seikansuzuki
1573,16509358,d02775,"2026-07-19 02:16:22",757.5,2,david02775
1574,16558774,"Togawa Sakiko","2026-07-27 08:17:01",757.4,2,neowehgi
1575,16388334,nekokaeru,"2026-07-28 10:12:04",757.3,2,nekokaeru
1576,16373348,dmiyabe,"2026-07-12 03:15:04",757.3,2,dmiyabe
1577,16599746,DovyDigital,"2026-07-28 00:05:09",757.2,3,dovydigital
1578,16384871,Plamen,"2026-07-25 10:49:13",757.0,2,"mirzayasirabdullah07,plamen06"
1579,16380192,tk,"2026-07-07 14:50:59",756.9,2,tanakar
1580,16378484,"AKIYA NAKASATO","2026-06-17 22:09:53",756.8,2,akiyanakasato
1581,16385573,"Kasra Rahjerdi","2026-07-10 19:22:16",756.8,2,krahjerdi
1582,16405739,Moricha27,"2026-07-02 04:49:29",756.6,2,moricha27
1583,16569661,BlurreA,"2026-07-21 16:40:08",756.5,2,blurrea
1584,16514414,born,"2026-07-23 03:36:15",756.3,2,codyborn
1585,16540824,"Milind Choudhary","2026-07-27 18:15:34",756.2,2,milindc02
1586,16511275,naoyaaa,"2026-07-28 01:11:54",756.2,2,naoyaaa
1587,16486679,HongchenDai,"2026-07-25 06:39:55",756.2,2,hongchendai
1588,16583035,no_wonderr,"2026-07-27 04:35:03",756.2,2,nowonderr
1589,16410581,f.a.nina,"2026-07-06 03:26:01",756.0,2,nina2025
1590,16393388,sk1012,"2026-07-28 13:57:03",755.9,2,kaitoterasaki
1591,16470351,`,"2026-07-03 13:43:09",755.9,2,ktverdov
1592,16472906,"Vybhav Chaturvedi","2026-07-24 07:33:06",755.9,2,vybhavchaturvedi
1593,16414286,"AK #2","2026-07-06 05:17:37",755.8,2,aman1391
1594,16508103,Myaano,"2026-07-09 00:31:47",755.7,1,myaano
1595,16539622,LinZihanAdam,"2026-07-14 04:41:45",755.7,2,linzihanadam
1596,16420777,"masuo machidori","2026-07-08 01:30:29",755.5,2,masuomachidori
1597,16380448,fumishiki,"2026-06-17 22:37:25",755.3,2,fumishiki
1598,16442526,tai,"2026-06-27 10:19:30",755.3,1,nemutai64
1599,16601757,LinearBasis,"2026-07-26 17:58:59",755.2,2,linearbasis
1600,16493533,Ron506,"2026-07-06 15:21:46",755.2,2,ron506
1601,16495931,"taopi liu","2026-07-10 17:18:26",755.1,2,taopiliu
1602,16375384,"Alfonso Sánchez","2026-07-28 14:12:49",755.1,2,alfonso1799
1603,16376188,catttttttttt,"2026-07-28 08:09:37",755.0,2,toyger10
1604,16393651,kyoumonemui,"2026-06-28 03:45:56",754.9,2,kyoumonemui
1605,16385007,otani_ai_memo,"2026-07-06 05:06:21",754.9,2,otaniaimemo
1606,16390991,Samsay24,"2026-07-02 07:39:09",754.8,2,samsay23
1607,16371693,"Manish Swami","2026-07-28 12:41:50",754.8,2,manish756
1608,16462384,"CHAEHYUN LIM2","2026-07-03 00:00:55",754.8,2,chaehyunlim2
1609,16581766,Kao0207,"2026-07-26 11:31:45",754.8,2,kao0207
1610,16455191,anngle,"2026-07-28 05:49:17",754.5,2,anngle
1611,16496039,"Theo Venturian","2026-07-23 18:02:49",754.5,2,theodorraulventurian
1612,16377455,"YG JH","2026-07-27 06:29:14",754.5,2,ygjh13
1613,16384280,"Cem Orhan","2026-07-28 01:07:21",754.4,2,orhancem
1614,16374350,islet,"2026-07-27 20:46:11",754.4,2,kojimar
1615,16411665,morux2,"2026-07-27 12:28:55",754.4,2,morux2
1616,16376501,Virtute,"2026-07-21 16:40:57",754.2,2,nameless001
1617,16389247,shunkun_san,"2026-06-18 14:08:23",754.1,1,shunkunsan
1618,16393925,shimejimeshi,"2026-07-27 12:02:59",753.9,2,shimejimeshi
1619,16380626,"Shishio Makoto","2026-07-07 02:47:14",753.7,2,shishiomakoto
1620,16573899,"suhzh zjjzh","2026-07-22 12:43:43",753.7,2,suhzhzjjzh
1621,16586306,"Rokaiya Somapti","2026-07-22 15:07:49",753.5,1,rokaiyasomapti
1622,16576813,"Inder Puneet Singh","2026-07-25 20:46:06",753.4,2,inderpuneetsingh
1623,16392590,"KINOKO MIURA","2026-06-20 02:59:01",753.2,2,kinokomiura
1624,16500531,nonono3,"2026-07-13 11:03:31",753.1,2,nonono3
1625,16377039,"Ricky Yuen","2026-06-30 19:22:59",753.0,2,yuenricky
1626,16408770,"Nori Miya","2026-07-10 00:51:32",753.0,2,norimiya
1627,16428079,MysMon,"2026-07-07 00:59:50",753.0,2,mysmon
1628,16442375,kkanayj,"2026-07-27 14:10:54",753.0,2,kkanayj
1629,16493724,happyunhappy,"2026-07-13 12:07:20",753.0,2,happyunhappy
1630,16392313,tuannm3812,"2026-07-06 10:50:55",752.9,2,tuannm3812
1631,16414079,"Aman Sharma","2026-06-24 15:02:51",752.7,2,aman5153684
1632,16394799,Dragonite,"2026-07-28 11:55:29",752.7,2,"kargo113,tetsuro731"
1633,16376942,ulaph4,"2026-07-15 10:16:43",752.7,2,ulaph4
1634,16377801,shige,"2026-07-03 04:59:58",752.6,2,shigechan
1635,16604511,"Lixin Yin","2026-07-28 06:13:21",752.6,2,lixinyin
1636,16419260,hoodrichpirobo,"2026-07-02 06:44:00",752.4,2,hoodrichpirobo
1637,16501351,"Samuil Petkov","2026-07-07 16:10:48",752.3,1,samuilpetkov
1638,16536305,"Ömer Faruk Yüce","2026-07-28 06:03:54",752.3,2,merfarukyce
1639,16585546,Growingduck,"2026-07-22 12:46:20",752.3,2,jaeminkang2021
1640,16388811,monisoi,"2026-07-28 14:48:12",752.1,2,monisoi
1641,16395386,akiyamage,"2026-06-29 16:14:07",752.1,2,maurice49
1642,16589465,"Kerem çelik","2026-07-25 16:09:03",752.0,2,keremelik
1643,16424788,princehur,"2026-07-05 10:22:08",751.9,2,princehur
1644,16384859,"japan nobu","2026-07-10 01:46:42",751.9,2,japannobu
1645,16435961,ezreal77,"2026-07-12 07:58:44",751.9,2,ezreal77
1646,16392968,Syhhhhhhhhhhhh,"2026-06-25 11:22:46",751.8,2,syhhhhhhhhhhhh
1647,16381205,"Light Musing","2026-07-05 12:16:57",751.8,2,sunnyk92
1648,16601836,"Shubham Phapale","2026-07-26 14:32:19",751.8,2,shubhamphapale
1649,16532096,haodou092,"2026-07-15 15:15:01",751.7,2,haodou092
1650,16380136,jongyoon,"2026-07-03 03:13:15",751.7,2,codebricks
1651,16408078,shibushun,"2026-07-28 15:24:44",751.6,2,shibushun
1652,16485117,ubunbun18,"2026-07-07 23:22:10",751.5,2,ubunbun18
1653,16432072,YuhiVT,"2026-06-27 13:27:44",751.4,1,yuhivt
1654,16395599,Gowtham,"2026-07-23 16:28:10",751.1,2,gowtham66866
1655,16377725,"Komil Parmar","2026-07-14 05:00:48",751.1,2,komilparmar
1656,16554457,NNMax,"2026-07-16 09:42:39",750.9,1,ashok205
1657,16376831,harappa,"2026-07-07 17:19:58",750.9,2,kazuki80
1658,16378655,tokawa2997,"2026-07-11 12:03:14",750.8,2,tokawa2997
1659,16541898,zyc777689,"2026-07-14 03:45:53",750.7,1,zyc777689
1660,16387915,tw_shin,"2026-07-28 16:36:45",750.7,2,zfrank7777
1661,16561758,"Vijaya Ganesh","2026-07-21 09:21:24",750.7,2,vijayaganesh
1662,16494771,law625,"2026-07-28 03:27:19",750.5,2,law625
1663,16392927,"Mark Cooper","2026-07-21 20:15:09",750.5,2,markjcooper
1664,16386847,QAQA,"2026-07-13 13:51:59",750.5,2,kenty719
1665,16377439,pattikamo,"2026-06-23 06:07:20",750.4,2,pattikamo
1666,16384402,"Brent Krakel","2026-07-21 14:31:34",750.3,2,brentkrakel
1667,16535078,Impala16,"2026-07-20 09:08:31",750.3,1,impala16
1668,16375028,"Zero Mexico","2026-06-21 22:06:26",750.3,2,"shootzjmr,zeromexico,ztichna"
1669,16385296,"Javier Arturo Gutierrez Sanchez ","2026-07-24 15:00:26",750.2,2,javierarturogs
1670,16375843,"Ben Malaga","2026-06-17 14:54:00",750.0,2,benmalaga
1671,16583368,lucaboy,"2026-07-26 13:58:03",749.9,2,lucachns
1672,16563824,"Orion Forge","2026-07-28 15:18:23",749.8,2,ljs2546
1673,16388921,Hexylab,"2026-07-18 03:04:27",749.8,2,hexylab
1674,16442976,betmobeton,"2026-07-27 16:54:01",749.7,2,betmobeton
1675,16551297,"Ryan Adams","2026-07-27 22:16:14",749.7,2,ryanadamsai
1676,16462645,ElvisSikora,"2026-07-08 20:54:54",749.6,2,elvissik
1677,16387428,sasaki,"2026-07-13 00:34:27",749.4,2,rsasaki
1678,16592918,"Bruce Zheng","2026-07-28 09:45:21",749.2,2,brucezheng666
1679,16382751,kutty1119,"2026-07-13 16:52:34",749.2,2,kutty1119
1680,16382773,magu,"2026-07-02 14:51:28",749.0,2,magu0914
1681,16533006,Minami-Sama,"2026-07-26 20:39:58",749.0,2,minamisama
1682,16539956,"DaoHe Liu","2026-07-13 15:21:16",749.0,1,daoheliu
1683,16569359,"Jiangdan Sun","2026-07-19 09:38:06",748.8,1,jiangdansun
1684,16558575,"Mikhail Karchevskiy","2026-07-17 13:26:11",748.8,2,suvalex
1685,16445642,momoon,"2026-07-28 16:28:45",748.7,2,nomuraryota
1686,16395686,"Clark Kitchen","2026-07-25 22:43:25",748.7,2,clarkkitchen
1687,16372543,pokesom,"2026-07-28 14:26:57",748.7,2,pokeso
1688,16399990,MMA,"2026-07-27 07:52:40",748.6,2,"cotora2121,hiroto0715,jittaboys,katosh,temmawatanabe"
1689,16386743,pinoko,"2026-06-19 11:53:27",748.6,2,shojimoriya
1690,16386749,史永刚,"2026-07-28 07:30:36",748.6,2,shizehao
1691,16508454,Piiikapika,"2026-07-28 15:49:52",748.6,2,"itzzomkar,khanayanayub,kushagrasharma1730,madhukanthpoojary,princypaonam"
1692,16456102,"Corinna Leung","2026-07-27 02:10:32",748.2,2,corinnaleung
1693,16397268,"jarrett blumenschein","2026-06-27 16:28:06",748.1,2,jarrettblumenschein
1694,16378735,PTCG_CN,"2026-06-22 09:18:57",748.0,2,"gostaryu,kawaiiselphine,sharpca,xiajin7"
1695,16378759,Matsuda040708,"2026-06-17 07:19:38",748.0,1,matsuda040708
1696,16375072,"[ODS] waniz","2026-06-25 13:08:14",747.9,2,wanizz
1697,16383215,holyholy,"2026-07-26 11:07:03",747.9,2,holy5contents
1698,16391514,"Aji Samudra","2026-07-28 08:21:13",747.8,2,ajisamudra
1699,16389093,"Pult Pounders ;)","2026-07-02 19:30:24",747.8,2,"jaredforsberg,williatay"
1700,16541394,"Jason Zheng","2026-07-15 03:29:00",747.8,1,jasonzhengopenai
1701,16428718,zerotwo002,"2026-07-02 20:39:25",747.7,2,"unicorn526,wangmahua0301"
1702,16451637,goh,"2026-07-27 10:29:21",747.7,2,bungohatayama
1703,16541050,SeraphicPY,"2026-07-15 15:18:16",747.7,2,seraphicpy
1704,16447469,"Andrey Kulakov","2026-06-28 16:04:54",747.7,1,jex398
1705,16377599,BRIJITH,"2026-06-19 13:57:27",747.6,2,bmp300706
1706,16421191,"JJ Bean","2026-07-26 21:52:32",747.5,2,"billtennant,jjt0716"
1707,16427321,MaybeIcanShow,"2026-07-24 13:21:32",747.3,2,upczbw
1708,16420525,cg,"2026-07-23 12:10:40",747.2,1,chaitanyagarg2
1709,16554677,"Konstantin Zhar","2026-07-18 15:59:15",746.7,2,zharkd
1710,16559610,PieForever,"2026-07-20 01:05:46",746.6,2,pieforever
1711,16403218,"Chong Xuan Ng","2026-06-28 14:29:30",746.5,2,chongxuanng
1712,16387977,Gakupide,"2026-07-22 10:50:31",746.5,2,gakupide
1713,16387499,"Sérgio Almeida","2026-07-20 08:54:00",746.4,2,serg1oa
1714,16377066,俺達何え?チームcudgk,"2026-07-01 11:42:10",746.4,2,nipasama
1715,16449743,"Handry Novianto","2026-07-28 15:36:49",746.4,2,handrynovianto
1716,16373571,チーム運河,"2026-07-28 17:18:20",746.0,2,"kitano0104,kvinjp,ryyymy,soutacobura,yaarrow"
1717,16405345,roiall,"2026-07-17 07:38:58",745.9,2,roiall
1718,16374763,"Ryo Ochi","2026-07-20 06:42:36",745.8,2,ryoochi
1719,16475339,plato,"2026-07-16 05:03:22",745.7,2,rbmich
1720,16407812,АНАНАС,"2026-07-11 10:47:03",745.6,2,tickflag
1721,16430499,"Pokemon Catchers","2026-07-24 09:15:14",745.6,2,"del=d09ea3e2fd3da510,hanifnoerrofiq"
1722,16420764,enim,"2026-07-26 06:45:59",745.6,2,kaenim
1723,16400562,Imamu,"2026-06-21 16:43:47",745.4,2,chizzm
1724,16516291,"Raymond Guo","2026-07-23 11:08:56",745.3,2,siyiguo
1725,16570612,新木,"2026-07-25 08:58:07",745.3,2,sunchief
1726,16376869,lingyu07,"2026-07-19 14:25:52",745.2,2,lingyu07
1727,16397074,Kujaomega,"2026-07-08 12:16:31",745.1,2,kujaomega
1728,16484845,"Linda Brown","2026-07-18 05:47:57",744.9,2,profilekaggle
1729,16380293,FOYSAL,"2026-07-28 10:02:26",744.9,2,foysalemonshanto
1730,16383503,Arceus,"2026-07-06 07:09:05",744.8,2,"dibyaprakash058,parimalkorada,uselessbruh"
1731,16570465,Yuya_ViVi,"2026-07-28 16:27:56",744.7,2,yuyavivi
1732,16463890,fanmili,"2026-07-08 06:42:07",744.7,2,fanmili
1733,16376851,YaYu,"2026-07-08 01:32:37",744.6,2,kou1212
1734,16388604,"Luck is not a strategy","2026-07-02 09:50:39",744.6,2,"austinhoasianboy,zxlai77"
1735,16510632,shibuyaboy,"2026-07-10 09:10:07",744.6,2,kanarienet
1736,16534632,auouer,"2026-07-12 18:01:30",744.6,2,auouer
1737,16375487,sakimyto,"2026-07-18 23:54:41",744.5,2,sakimyto
1738,16385277,AEONcorridor,"2026-07-06 19:48:03",744.5,2,aeoncorridor
1739,16373842,"Anirudh K","2026-07-10 17:36:47",744.5,2,anirudhk
1740,16409476,jrubiosainz,"2026-07-08 07:03:18",744.5,2,jessrubiosainz
1741,16388864,テツノバスタ,"2026-06-18 14:43:45",744.4,1,"ayaponzu2525,calcifer2525,himachine"
1742,16425040,omoch1...?,"2026-07-19 16:15:36",744.3,2,agecom
1743,16455297,Gengar,"2026-07-25 03:09:54",744.3,2,"hyunew,visterbai"
1744,16380528,DeeperNet,"2026-07-03 04:34:52",744.2,2,deepernet
1745,16513393,"Tian hao Qing Nano7ko","2026-07-21 14:57:10",744.1,2,tianhaoqingnano7ko
1746,16424691,cshara,"2026-07-20 07:04:02",744.0,2,cshara
1747,16388299,CodeAmansa,"2026-07-16 18:16:11",743.9,2,bcollazo
1748,16600719,kawhi0.0,"2026-07-27 16:16:52",743.9,2,kawhi00
1749,16585249,"Pikachu Algorithm","2026-07-26 18:47:27",743.8,2,shuangxue
1750,16413350,"Igor V","2026-07-28 08:56:25",743.6,2,rostigor
1751,16388923,y.shimada,"2026-06-18 23:15:06",743.5,2,shimaday
1752,16387818,"Valeera Sanguinar","2026-07-28 15:06:26",743.3,2,loto610
1753,16376866,Tang,"2026-06-28 01:45:10",743.2,2,hirotetsu
1754,16404502,Davide,"2026-07-27 03:44:24",743.1,2,dcallega
1755,16383098,"YU YAUCHI","2026-07-08 15:21:22",743.1,2,yuyauchi
1756,16557815,"Haotian lv","2026-07-28 07:19:16",743.0,2,lightovo
1757,16596509,"suzuki neko","2026-07-25 02:01:35",743.0,1,suzukineko
1758,16391856,"Koba Empire","2026-07-17 03:05:48",743.0,2,"m10i1986,ochisamu,tomokobayashi"
1759,16441492,"Hiroyasu Okuno","2026-07-26 12:25:50",742.8,2,hiroyasuokuno
1760,16393739,"Nguyễn Giáp","2026-06-20 09:37:09",742.7,2,nguyngip
1761,16579174,ankii385,"2026-07-23 09:12:12",742.7,2,"ankii385,hanslerli828"
1762,16598428,"Yixuan Yang","2026-07-25 12:44:36",742.6,2,easoney
1763,16406057,amaotone,"2026-07-28 15:45:41",742.5,2,amaotone
1764,16448997,WinsYan,"2026-07-27 09:26:29",742.3,2,winsyan
1765,16378656,kurikuri54,"2026-07-25 02:00:16",742.3,2,kurikuri54
1766,16488067,"Jayden Jeswin Raj","2026-07-16 03:05:58",742.2,2,richardmaddox
1767,16381007,"TTU Thome","2026-06-19 08:53:43",742.2,2,ttuthome
1768,16444868,Soma,"2026-07-18 13:30:45",741.9,2,s0umaaa
1769,16395361,milix,"2026-06-19 15:55:31",741.7,1,milixm
1770,16388193,"Astandri K","2026-07-21 05:03:05",741.7,2,astandrik
1771,16572851,"ANIMA SQUAD","2026-07-28 01:36:26",741.4,2,"doorknob881,esmatic,kenny099,vickylinvicky"
1772,16387162,radozaprazny,"2026-07-28 16:45:05",741.2,2,radozaprazny
1773,16380051,NayuNayu,"2026-07-28 13:15:55",741.0,2,"nayunayu1005,nayuta0430"
1774,16489828,"Yuki Yaguchi","2026-07-28 14:03:24",741.0,2,yaguchan
1775,16373068,shyGnome3,"2026-06-16 15:39:58",740.7,2,shygnome
1776,16375681,dnish,"2026-06-18 17:16:44",740.6,2,dnishio
1777,16386438,ゆんぼぼ,"2026-06-19 01:48:02",740.6,1,yunboboo
1778,16383513,cmoney,"2026-07-16 01:40:30",740.4,2,chrisspears
1779,16391687,Momotaro1226,"2026-07-20 12:01:15",740.3,2,momotaro1226
1780,16411075,Panoptes,"2026-07-27 14:41:34",740.2,2,brockwright
1781,16537085,KKasai,"2026-07-28 12:31:39",740.2,2,kkasai
1782,16507762,Hinakokko,"2026-07-08 11:12:40",740.2,1,kokkohina31
1783,16373912,Shun,"2026-07-28 15:36:07",740.1,2,shunchan0677
1784,16448114,"Gregers Rygg","2026-07-24 13:55:37",739.6,2,gregersrygg
1785,16435830,"Ra'uf Fauzan Rambe","2026-07-01 07:51:27",739.5,2,rauffauzanrambe
1786,16371746,HIrora10,"2026-06-30 23:15:40",739.5,2,hirora10
1787,16468703,"Nishanth Rajan","2026-07-19 23:24:27",739.4,2,nishanthrajandev
1788,16430694,"Reyhan Ksatria","2026-07-04 04:39:28",739.3,2,reyhanksatria
1789,16445303,"Issac Netero","2026-07-19 15:25:20",739.3,2,kohtashikiba
1790,16377610,prime,"2026-06-26 05:11:17",738.9,2,masaakitakane
1791,16371690,osgggg,"2026-06-20 16:10:48",738.8,2,"dagtrionet,osgggg"
1792,16416332,Ohashi,"2026-07-08 15:53:49",738.6,2,jumpeiohashi
1793,16377116,"Team HAL","2026-06-25 00:42:23",738.6,2,familyhattori
1794,16382130,Yuk!,"2026-07-03 14:02:09",738.5,2,mitsuyukiokamura
1795,16481928,rumbling_b,"2026-07-10 21:40:48",738.5,2,rumblingb
1796,16417271,"Vicky Maan","2026-06-27 19:30:23",738.5,2,vickymaan
1797,16498869,smokyjp,"2026-07-20 06:41:50",738.5,2,smokyjp
1798,16373386,wongsakorn.rat,"2026-07-02 16:34:56",738.4,1,wongsakornrat
1799,16425522,8ball,"2026-07-23 06:24:52",738.4,2,miyatacaio
1800,16399641,進め！きぺお隊長,"2026-07-06 06:36:11",738.4,2,"kawasakiniko,kipeo22,minamimori,souakkk"
1801,16451511,Yuki_h,"2026-07-28 12:52:28",738.3,2,hosikusa
1802,16408276,wattanx,"2026-07-13 10:58:42",738.3,2,wattanx
1803,16389582,AGNT.gg,"2026-07-07 08:47:08",738.0,2,nathanwilbanks1
1804,16380102,まーやん,"2026-06-19 12:37:10",737.9,2,m3588naa
1805,16425631,"qianbao hou","2026-06-29 04:59:37",737.6,2,qianbaohou
1806,16445090,"Chen Hongjie","2026-07-28 08:11:23",737.6,2,"martinthetechie,tigerbalmking"
1807,16393296,SkySell,"2026-06-23 07:36:00",737.6,2,shin1shiba
1808,16395468,nyanlinnmya,"2026-07-17 19:21:33",737.4,2,nyanlinnmya
1809,16392730,"Yashdeep Prasad","2026-07-07 08:57:53",737.3,2,gptevolver
1810,16385242,Kana,"2026-07-04 07:57:12",737.2,2,kanarusugimoto
1811,16424648,Dauthui,"2026-06-30 05:06:51",737.1,2,dauthui
1812,16387453,naoido,"2026-07-11 12:52:31",737.1,2,naoido
1813,16376937,"Jeki Wan Taufik","2026-07-06 06:42:53",737.1,2,jek1wantaufik
1814,16411992,"Yiding Cui","2026-07-27 12:12:38",737.0,2,yidingcui
1815,16394596,nikepoke,"2026-07-28 12:17:28",737.0,2,nikepoke
1816,16517131,July,"2026-07-19 05:44:06",736.8,2,julyzseven
1817,16532607,"Rensei K","2026-07-19 11:33:37",736.7,2,renseikazuhama
1818,16472098,"Haixiang Xu","2026-07-24 07:05:23",736.7,2,"haixiangalex,xiyunhu"
1819,16596941,"Ravi Ramakrishnan","2026-07-25 04:37:53",736.7,1,ravi20076
1820,16388998,fp563yu,"2026-06-20 06:03:36",736.6,2,fp563yu
1821,16474391,techtech69,"2026-07-28 08:19:39",736.6,2,techtech69
1822,16436594,"Katsuki Ohshita","2026-07-28 16:24:39",736.4,2,katsukiohshita
1823,16387569,GoodMorning,"2026-06-26 14:39:02",736.3,2,zhaochenhao2003
1824,16404376,"Urazalinov Baurzhan","2026-07-28 13:22:11",736.3,2,baurzhanurazalinov
1825,16389230,"Xenon Soh","2026-06-21 07:03:06",736.2,2,xenonsoh
1826,16382349,madoka1111,"2026-07-28 14:21:25",736.2,2,madoka1111
1827,16439198,"Can Kural","2026-07-28 10:13:43",736.1,2,kamocan
1828,16381577,suzutanuki,"2026-06-21 05:34:27",735.9,2,suzutanuki
1829,16408418,"Niko Kristanto","2026-07-12 12:35:49",735.9,2,nikok6
1830,16372132,"Masahiro Nagasawa","2026-07-13 15:29:52",735.8,2,masahironagasawaa
1831,16378099,AlphaPoké,"2026-07-02 09:42:26",735.8,2,mmummmm
1832,16419757,"sidney niu","2026-06-25 08:28:19",735.8,2,sidneyniu
1833,16388144,TA,"2026-07-28 10:29:30",735.7,2,takutoinoue
1834,16382021,yamamon,"2026-07-12 05:25:59",735.6,2,yamamon
1835,16488401,Affan,"2026-07-28 03:21:14",735.6,2,mhmdaffan
1836,16565654,omaru25chan,"2026-07-24 06:17:53",735.6,2,omaru25chan
1837,16412530,mw,"2026-07-28 09:59:44",735.6,2,motokazuw
1838,16582537,Calix_lin,"2026-07-22 01:53:30",735.5,2,calixlin
1839,16433879,infamemconculcemus,"2026-07-27 11:30:32",735.4,2,jcgweb
1840,16391926,so-ta,"2026-07-27 20:31:03",735.2,2,soutaozaki
1841,16409101,bokukaraijo,"2026-06-21 16:09:10",735.2,1,bokukaraijo
1842,16387881,konaito,"2026-07-05 17:01:20",735.1,2,konaito
1843,16509089,"Samrish B","2026-07-28 13:30:37",735.0,2,samrishb
1844,16455575,TaiNingLiao,"2026-07-20 02:37:34",735.0,2,tainingliao
1845,16492376,kozzy,"2026-07-28 14:47:02",734.8,2,kozzy0919
1846,16407737,Nine1Eight,"2026-07-26 08:24:44",734.7,2,wethepeople918
1847,16483966,vivaleee,"2026-07-17 00:25:01",734.7,2,vivaleee
1848,16376129,田原,"2026-07-27 13:39:44",734.6,2,taharashouki
1849,16516982,"Shubham Sahu2003","2026-07-17 04:58:39",734.4,2,shubhamsahu2003
1850,16567666,"Golden Banana","2026-07-26 07:40:39",734.3,2,jackyvo
1851,16608789,"Shuhei Kuroiwa","2026-07-28 09:38:15",734.3,2,shuheikuroiwa
1852,16512901,joongyong,"2026-07-24 12:12:52",734.0,2,joongyong
1853,16400977,dungeon-master,"2026-06-28 13:12:56",734.0,2,anonymousgod108
1854,16595425,ROASTERS,"2026-07-28 04:52:02",733.8,2,"hasaan0000,haseebarif11,omerfarooq223,sobanbutt13"
1855,16371316,"Yoshinari Kawashima","2026-07-26 02:46:26",733.8,2,yoshinarikawashima
1856,16506718,"Pokemon Analysis","2026-07-22 01:40:33",733.8,2,pokemonanalysis
1857,16375721,natsu,"2026-07-20 15:58:27",733.7,2,okamotonatsuo
1858,16423855,"Marek Nurzynski","2026-06-23 21:00:37",733.7,1,marek3000
1859,16386998,"Clawdia Sakamoto","2026-06-25 11:11:58",733.6,2,clawdiasakamoto
1860,16499734,yuuri,"2026-07-28 08:50:12",733.6,2,yuuuuuuuuri
1861,16428291,kojimari,"2026-07-26 22:10:36",733.5,2,kojimari1029
1862,16471923,"Mikhail Breikin","2026-07-24 10:46:49",733.5,2,mikhailbreikin
1863,16586994,quezalt,"2026-07-22 18:24:30",733.5,1,quezaltendes
1864,16411111,"Gotta catch 'em all","2026-07-22 20:26:52",733.4,2,mannanthakur
1865,16499758,"Mohit Rao","2026-07-15 06:48:23",733.3,2,vmohitrao
1866,16444000,Sophie,"2026-07-12 09:18:44",733.2,2,morty3500
1867,16393767,KOwsd,"2026-07-27 15:03:29",733.1,2,suguruwaseda
1868,16390497,"James Christian","2026-07-13 17:41:46",733.1,2,kenkaocwl
1869,16584979,sqafu12,"2026-07-27 16:21:31",733.1,2,sqafu12
1870,16387130,CYLik,"2026-06-22 06:57:10",733.0,2,cylik93
1871,16429418,ScottZiemke,"2026-07-26 14:41:57",733.0,2,remynk
1872,16599212,JJ,"2026-07-28 04:47:24",732.9,2,jerry4083
1873,16449837,ShadowCoder,"2026-07-27 12:17:19",732.8,2,fondrose
1874,16372664,S.Aoki,"2026-07-27 02:26:20",732.7,2,soyaoki
1875,16392278,nisimu197,"2026-06-19 16:07:15",732.6,2,nisimu197
1876,16392412,hhku,"2026-06-19 07:37:19",732.5,2,hhkmcd
1877,16377668,Miyama,"2026-07-23 07:35:46",732.5,2,miyama9314
1878,16376360,Hack2Publish,"2026-06-24 13:59:23",732.5,2,"hosen42,tarekrahman82"
1879,16377175,kiyu,"2026-07-12 14:23:52",732.5,2,caimiac
1880,16388699,oct_path,"2026-06-22 20:31:14",732.5,2,octpath0302
1881,16466086,spacekkk,"2026-07-02 11:45:43",732.4,2,spacekkk
1882,16428379,chamboabi,"2026-07-12 14:43:34",732.4,2,"chamboabi,kevinkrank"
1883,16501246,Sahoooooo!,"2026-07-28 00:03:55",732.4,2,sahoooooo
1884,16509409,"[Deleted] efd91def-7f41-4470-ae2c-7ab43cfebfc6","2026-07-17 04:41:03",732.4,2,del=a8f3af9aeaa6ae2f
1885,16573421,Shinchan,"2026-07-21 20:40:25",732.4,1,shinae0123
1886,16389508,gagacrow,"2026-07-26 08:04:26",732.3,2,gagacrow
1887,16400854,"zumi zumi","2026-07-02 04:36:00",732.2,2,zumillion
1888,16393859,"Jesús Martín Fernández","2026-06-19 10:58:03",732.2,1,jessmartnfernndez
1889,16401552,むにちゃちゃ,"2026-07-08 11:33:21",732.1,2,munichacha
1890,16380517,fufufufufuko,"2026-06-26 14:21:39",732.0,2,iiimas00
1891,16579823,Luminousci,"2026-07-28 02:14:17",731.9,2,luminousci
1892,16597065,"Zihao Zeng","2026-07-26 05:08:00",731.9,2,zihaozeng0021
1893,16378118,WEcoS,"2026-07-26 05:34:07",731.7,2,aungkhainghtun
1894,16402961,PokéPoké,"2026-07-27 14:44:13",731.7,2,"marwanashref,rahmamohamedsayd,shiru2"
1895,16389563,"Hamadryas Baboon","2026-07-28 12:49:20",731.5,2,"ank0115,koboring,rira1020,sen469,yuta091005"
1896,16382710,魔法少女ノ魔女裁判,"2026-06-19 07:59:52",731.4,2,hayaseneruvt
1897,16377429,askbox,"2026-07-05 08:54:44",731.4,2,askboxnet
1898,16382526,高山龍馬,"2026-06-26 16:11:37",731.4,2,ryomaryoma777
1899,16403589,blackseashark@gcvt,"2026-06-25 09:33:35",731.3,2,"aryansomanna,blackseasharkgcvt,trushti"
1900,16610439,Mafaalu,"2026-07-28 17:20:17",731.2,2,mafaalu
1901,16436346,"SAGAR PAWADI N","2026-07-28 04:54:43",731.2,2,sagarpawadin
1902,16379820,"Soichiro Kuribayashi","2026-07-26 05:54:05",731.2,2,soichirokuribayashi
1903,16378682,"Shih Hua Chou","2026-06-28 06:50:47",731.0,2,shihhuachou
1904,16386095,ryusei,"2026-07-27 03:50:08",731.0,2,bakugaryusei
1905,16375609,taka,"2026-07-22 21:31:05",731.0,2,takaakiishi
1906,16557850,"Yqqxyy ","2026-07-22 04:28:41",730.9,2,yqqxyy
1907,16377729,jeruman,"2026-07-22 08:31:47",730.9,2,jeruman
1908,16402694,"TOMOYA Tsunakawa","2026-06-21 06:06:28",730.7,2,tomoyatsunakawa
1909,16378981,"Atomu Naka","2026-07-10 20:29:42",730.6,2,atomunaka
1910,16567342,rs517,"2026-07-23 12:30:40",730.5,2,ryota517
1911,16490251,Mr_Ralphie,"2026-07-28 07:25:21",730.4,2,mrralphie
1912,16371976,"Been Seo","2026-06-17 23:14:56",730.4,2,beenseo
1913,16430136,Metanoon,"2026-07-16 16:18:25",730.3,2,metanoon
1914,16465965,khj1222,"2026-07-05 04:11:01",730.2,2,khj1222
1915,16375522,"Toshiki Shinju","2026-06-17 20:42:27",730.2,1,toshikishinju
1916,16411429,Rn86222,"2026-07-14 11:53:34",730.1,2,rn86222
1917,16434408,"Vavilkin Alexander","2026-06-30 20:05:24",730.0,1,vavalex
1918,16591208,alexesn,"2026-07-28 13:51:55",730.0,2,alexesn
1919,16379894,"MORIOKA Tsuoi","2026-07-28 06:17:24",729.8,2,"iiinada,koshin953,moriokatsuoi,shogonagashima"
1920,16382045,Mamo,"2026-06-17 14:11:49",729.8,1,oobashuto
1921,16392175,fishymints,"2026-06-20 02:22:35",729.7,1,ayinfly
1922,16374581,AM,"2026-06-17 21:03:00",729.7,2,adammekky
1923,16551627,"LiFeng Wen","2026-07-17 16:41:17",729.4,2,lifengwen
1924,16430210,IamDiganta.7,"2026-06-30 17:57:06",729.4,2,iamdiganta7
1925,16379784,ima_AI123,"2026-07-28 12:27:04",729.3,2,imaai123
1926,16600491,Shree85,"2026-07-26 07:50:11",729.3,2,shree85
1927,16431675,Syuta,"2026-06-29 02:47:00",729.3,2,nakamurasyuta
1928,16380153,gonbe,"2026-07-28 15:28:36",729.2,2,"gonbe99,tacpcg"
1929,16406450,Hei_shao,"2026-07-28 16:32:33",729.2,2,heishao
1930,16373986,"Maxim Simakov","2026-07-27 20:58:49",729.1,2,maxsim73
1931,16404421,Pascal,"2026-07-22 02:36:50",729.1,2,pascalledesma
1932,16517395,yuta,"2026-07-17 02:12:17",729.0,2,enjooooy
1933,16487573,ETphonehome3876,"2026-07-07 18:34:18",729.0,2,etphonehome3876
1934,16378217,andayougui,"2026-07-16 04:42:05",728.8,2,"andayougui,rayokui,rohiomayameka,uedakani"
1935,16556346,sadwat,"2026-07-28 17:12:37",728.7,2,ivanlarin
1936,16375729,NangJP,"2026-07-05 01:41:43",728.6,2,nangjp
1937,16381884,"Kazuya Hirose","2026-06-20 16:51:01",728.5,2,kazuyahirose
1938,16371475,sitne,"2026-06-23 13:35:32",728.4,2,sitne40
1939,16560274,"kumi cho","2026-07-28 12:39:08",728.4,2,kumicho
1940,16479624,Syljun0717,"2026-07-07 12:17:06",728.3,2,aguilajunya
1941,16605239,浪漫血液,"2026-07-28 01:24:55",728.2,2,uncletian2021
1942,16462952,"Abdul Rauf","2026-07-04 15:48:03",728.2,2,abdulraufnarejo
1943,16387714,mizu.ii,"2026-06-18 09:45:40",728.2,1,mizuii
1944,16557577,photunix,"2026-07-25 16:10:30",728.1,2,photunix
1945,16576916,"HARSHIT SHARMA","2026-07-21 02:28:09",728.1,2,"harshitxdev,pernavjain"
1946,16471446,ebrownel,"2026-07-23 21:23:25",727.8,2,ebrownel
1947,16489495,hodumi,"2026-07-28 15:50:49",727.7,2,hodumi
1948,16604095,LiXingtao,"2026-07-27 06:05:33",727.7,1,lixingtao123
1949,16378592,k66,"2026-07-27 07:13:28",727.4,2,k66ninja
1950,16388521,cha7ura,"2026-07-04 05:23:13",727.3,2,cha7ura
1951,16387980,H.Y,"2026-07-27 13:24:07",727.3,2,"hiroyokomizo,keisukeitou"
1952,16406338,amamori-041226,"2026-07-18 06:35:04",727.2,2,amamori041226
1953,16482398,"Jessica Hsu","2026-07-28 14:50:25",727.2,2,jessicahsu
1954,16481896,"Willetta Dettore","2026-07-11 02:56:33",727.0,2,willettadettore
1955,16479629,DuongTien,"2026-07-04 05:29:41",726.8,2,duongtienvo
1956,16373215,Reinhard,"2026-07-26 08:01:37",726.8,2,trainhard
1957,16402617,bohemian3657,"2026-06-28 02:15:49",726.7,2,bohemian3657
1958,16395486,Myagi,"2026-07-14 12:02:38",726.7,2,myagi0617
1959,16455309,necokaiden,"2026-07-19 23:06:54",726.7,2,necokaiden
1960,16418019,渡邉瑛貴,"2026-06-29 00:47:08",726.7,2,eeeeiki
1961,16548036,"Ryan Wood","2026-07-19 00:36:49",726.6,1,rlwphd
1962,16376111,venom,"2026-07-12 13:27:15",726.5,2,venomcreations
1963,16391723,Satoluca,"2026-06-21 07:37:28",726.4,2,satoluca
1964,16372033,"Kazuhiro O","2026-06-19 12:41:53",726.4,1,kazuhiroo
1965,16428601,Birusupi,"2026-07-13 05:22:56",726.3,2,s3tnnyvpgr
1966,16494614,Trii,"2026-07-07 11:32:57",726.1,2,triikb
1967,16443942,balikin,"2026-07-08 08:25:04",726.1,2,balikin
1968,16410898,Humbletofu,"2026-07-15 06:44:38",726.1,2,humbletofu
1969,16373535,"yuji y","2026-06-20 04:31:50",725.9,2,yujiyyy
1970,16590313,"Sai Paladugu","2026-07-23 23:57:01",725.9,1,saipaladugu
1971,16393415,rsuet61,"2026-06-27 14:42:45",725.9,2,rsuet61
1972,16515739,guzus,"2026-07-11 00:24:58",725.6,2,binggibanggabongo
1973,16384877,yuziri,"2026-06-29 00:03:34",725.6,2,yuziri
1974,16433861,deepika.ss,"2026-06-25 15:42:24",725.5,1,deepikass011
1975,16394764,"Mountain peak","2026-07-19 10:03:35",725.5,2,moumouaa
1976,16392761,kosian8128,"2026-06-24 05:00:26",725.4,2,kosian8128
1977,16375653,nobker,"2026-07-26 14:19:16",725.4,2,nobker
1978,16382338,"Kers Aoyagi","2026-07-28 03:01:57",725.3,2,kersaoyagi
1979,16372154,"Wilson Mugabo","2026-06-28 16:09:27",725.3,2,wmugabo
1980,16408188,Shuzo,"2026-06-22 23:42:59",725.2,2,shuzo66
1981,16381935,"Sheldon Zhao","2026-07-28 01:01:17",725.1,2,sheldonzhao92
1982,16413074,Poemcourt,"2026-06-22 08:40:31",725.1,1,poemcourt
1983,16493592,"Prudhvi Sairam Chundru","2026-07-07 06:58:51",725.1,2,prudhvi19
1984,16382420,Yuiki,"2026-06-26 13:15:01",725.0,2,yuikijp
1985,16514726,NoxMetenis,"2026-07-22 03:53:42",724.9,2,avasgaire
1986,16385932,"Takauchi Suguru","2026-07-16 04:10:13",724.9,2,gurusut
1987,16388670,kakuteki,"2026-06-21 15:22:48",724.9,2,kakuteki
1988,16601476,MeeMee,"2026-07-28 12:25:27",724.8,2,yagi46
1989,16509978,yuuyo-arobet,"2026-07-18 04:08:04",724.7,2,reckonyuyo
1990,16386006,Xxbozohead,"2026-07-26 08:35:23",724.7,2,ryanongwx
1991,16481079,chenpengyu603,"2026-07-27 08:37:24",724.7,2,chenpengyu603
1992,16473693,K.Piro,"2026-07-27 18:29:05",724.6,2,agares02
1993,16392736,"Hiroki Koga","2026-07-28 09:55:40",724.4,2,hirokidal
1994,16560391,cher112,"2026-07-28 16:32:31",724.4,2,cher112
1995,16394818,Arrtaa,"2026-07-13 13:33:20",724.4,2,arrtaa
1996,16388156,We1chnon,"2026-07-09 10:49:32",724.3,2,we1chnon
1997,16396223,gibbonhugs,"2026-06-25 19:38:06",724.3,2,gibbonhugs
1998,16389755,Ryota1216,"2026-07-26 08:23:12",724.2,2,riyouta1216
1999,16445382,"Team BlackBox","2026-07-28 16:30:24",724.1,2,koushikrudra
2000,16511113,Rongchu,"2026-07-25 03:43:45",724.1,2,zrongchu
2001,16501564,Goalydumbdumb,"2026-07-24 03:23:16",723.9,2,goalydumbdumb
2002,16487058,"[Deleted] 4ffa6ccc-5497-40ee-9dbf-2532eb85c676","2026-07-04 17:52:52",723.8,1,del=9ab3e1420ebaee89
2003,16377183,Codyzzzz,"2026-06-20 06:54:03",723.8,2,codyzzzz
2004,16382090,tachyon_c2,"2026-07-24 19:03:01",723.7,2,tachyonc2
2005,16420762,"Japanese Kaggle Newbie","2026-07-13 23:08:06",723.7,2,japaneseredpanda
2006,16531286,f_u,"2026-07-28 15:12:30",723.6,2,fujiiiiii
2007,16388260,"Sakito Horie","2026-07-28 06:42:20",723.3,2,sakitohorie
2008,16484172,Majiro_ns,"2026-07-28 12:26:27",723.1,2,ygkojima
2009,16464804,shawnYiB,"2026-07-28 06:37:06",723.0,2,shawnyib
2010,16373910,nakashima723,"2026-06-21 06:39:31",723.0,2,nakashima723
2011,16402154,"lxh unbound","2026-06-29 04:04:19",722.9,2,lxhunbound
2012,16399924,"Empty Hand","2026-06-20 07:20:56",722.9,1,milanpeelman
2013,16408465,HechtJP,"2026-07-28 14:04:01",722.9,2,hechtjp
2014,16449303,stars_w,"2026-07-27 12:28:17",722.6,2,starsw
2015,16511145,liujiani,"2026-07-17 11:34:35",722.5,2,liujiani0605
2016,16411695,xsong2020,"2026-07-28 01:30:35",722.5,2,xstargate
2017,16375377,Mymonaka,"2026-06-19 19:12:09",722.2,2,icemonaka
2018,16378249,GENGARDEV,"2026-06-22 00:52:52",722.1,2,gengardev
2019,16386274,Nyano2525,"2026-07-25 00:27:01",722.1,2,nyano2525
2020,16375467,sunako24d,"2026-07-28 11:18:10",721.9,2,sunako24d
2021,16517433,"Mallard Duck","2026-07-28 00:35:52",721.8,2,mallardduck42
2022,16580568,MarKoz,"2026-07-27 12:04:58",721.8,2,sirgauda
2023,16400084,Galza98,"2026-06-21 03:19:40",721.8,2,galza98
2024,16418232,"Masataka Sato","2026-06-24 03:02:09",721.6,2,masatakasato
2025,16378480,punigo,"2026-07-28 12:16:38",721.6,2,fujihiland
2026,16531050,"Ishraq Tanvir","2026-07-15 21:22:30",721.6,1,ishraqtanvir
2027,16436284,mochikiichigo,"2026-07-25 03:02:02",721.5,2,mochikiichigo
2028,16385884,"Twin Energy","2026-07-14 10:12:49",721.4,2,jcxliv
2029,16408973,らすはる,"2026-07-17 11:37:01",721.3,2,yamashita
2030,16426843,InformaBook2,"2026-07-21 15:57:25",721.1,2,informabook2
2031,16380120,yu24march,"2026-06-20 10:18:57",721.1,2,yu2403
2032,16377471,shiiin9,"2026-07-08 01:42:46",721.0,2,shiiin9
2033,16408071,"Ricardo Nakadomari","2026-07-26 14:06:15",720.9,2,ricardonakadomari
2034,16381833,にゅーおじ,"2026-07-10 12:28:38",720.8,2,newgameozisan
2035,16414748,"Ryoga Naito","2026-06-24 13:49:23",720.7,1,ryoganaito
2036,16468469,"Lukas Simokaitis","2026-07-10 15:58:45",720.7,2,lukassimokaitis
2037,16398919,"Takito Kobayashi","2026-07-28 00:15:36",720.6,2,takitokobayashi
2038,16557485,"Alan Tsui","2026-07-28 07:00:06",720.4,2,atsui1120
2039,16405091,"Jake L and Kevin L","2026-06-22 06:20:39",720.0,2,kevinleenyc
2040,16376040,GluePickel,"2026-06-24 06:36:45",719.8,2,gluepickel
2041,16395614,WAKIYA,"2026-07-16 04:19:37",719.8,2,chouchoulabo
2042,16485580,Light_uts,"2026-07-25 08:58:18",719.8,2,lightuts
2043,16498859,"Changyi Zhou","2026-07-19 11:17:36",719.7,2,changyizhou
2044,16386344,好吃的台灣拉麵,"2026-06-24 11:01:28",719.6,2,ramensoup5269
2045,16533668,probability,"2026-07-28 09:50:37",719.6,2,probabilitywavepeak
2046,16381360,1++++++++,"2026-06-25 23:00:12",719.2,2,datathinker1
2047,16392785,"Vishesh Banna","2026-07-28 04:28:35",719.2,2,visheshbanna
2048,16382262,"Alessandro Campolo","2026-07-24 21:23:13",719.2,2,alessandrocampolo610
2049,16505286,Forrest,"2026-07-18 10:23:52",719.2,2,yinxiaogang
2050,16576926,"Alexander Mladenović","2026-07-28 12:22:35",719.1,2,alexandermlad
2051,16474590,ハットにゃん,"2026-07-13 12:48:32",719.1,2,k3mtmr
2052,16373035,akiakane,"2026-07-20 15:19:27",719.1,2,"aohebi7,hideohideo"
2053,16385084,"Harigane Ippei","2026-06-25 10:12:47",719.0,2,hariganeippei
2054,16438242,FinlaMor,"2026-07-19 09:15:14",719.0,2,finlamor
2055,16394955,シャカパチロボ,"2026-07-27 19:10:47",718.7,2,teppei0120
2056,16402989,Handudu,"2026-07-04 12:23:33",718.5,2,handudu
2057,16382888,"Joey Mckee","2026-06-23 18:31:54",718.5,2,joeymckee
2058,16381280,nao_370,"2026-06-21 06:16:02",718.5,2,nao370
2059,16440747,"Ghulam Ahmad","2026-06-28 00:00:44",718.4,2,ghulamjs
2060,16400050,pocky34,"2026-07-27 22:25:50",718.4,2,pocky34
2061,16374940,"20070521 assassin","2026-07-08 12:57:45",718.3,2,assassin20070521
2062,16402005,masaume,"2026-07-28 13:21:28",718.3,2,umekawa
2063,16481855,"Gao Wenjiang","2026-07-22 05:05:32",718.2,2,gaowenjiang
2064,16444030,"Yuru Kōdā","2026-07-18 11:07:45",718.1,1,thekihalaya
2065,16511582,BULBUL2DAO,"2026-07-28 14:28:01",718.0,2,kimsubbae113
2066,16418422,guohaowen,"2026-06-23 16:43:33",717.7,2,guohaowen1910
2067,16397283,"Yuto Uesugi","2026-06-22 15:57:07",717.7,2,yutouesugi
2068,16443107,chenyahui_123,"2026-07-28 12:39:37",717.7,1,chenyahui123
2069,16421188,"[Deleted] 4cf97ed9-2251-4c8d-b395-41bbc6b4957f","2026-07-19 03:07:14",717.7,2,del=3838f06403d36667
2070,16397254,"Jake Palanca","2026-06-28 02:32:13",717.6,2,jakepalanca1
2071,16388442,sugayuki_993,"2026-06-19 14:37:24",717.6,1,sugayuki993
2072,16387788,sukeke,"2026-07-24 00:18:40",717.5,2,sukeke
2073,16436127,Pocha_chachacha,"2026-07-03 08:12:45",717.4,2,pocha0818
2074,16581323,AndyLiuHz,"2026-07-21 15:28:27",717.3,2,andyliuhz
2075,16378975,"Jhu, Jhe-Yi","2026-06-17 08:17:05",717.2,1,jhujheyi
2076,16500156,"Adrian Acala","2026-07-14 04:34:37",717.1,2,pirho3141
2077,16384587,hikimay,"2026-06-29 01:29:17",717.0,2,hikimay
2078,16388778,"Team kuma","2026-06-24 17:47:04",716.9,2,iwanamishoya
2079,16389980,yawara,"2026-06-19 02:23:23",716.8,2,yawara
2080,16387239,ゆづいぶ,"2026-07-22 13:53:19",716.8,2,yuzuibu
2081,16405495,DeeSaa,"2026-07-28 15:15:21",716.6,2,deesaa
2082,16395945,suzuna0831,"2026-07-19 16:20:02",716.6,2,naohs01
2083,16399528,Technica,"2026-07-25 04:16:20",716.5,2,technica08
2084,16460352,shallowfieldagon,"2026-07-19 09:59:48",716.5,2,shallowfieldagon
2085,16376395,"Alan Scott Encinas","2026-07-11 06:05:12",716.4,2,encinas88
2086,16403572,Takuya0911,"2026-07-11 16:10:13",716.1,2,takuya0911
2087,16396019,wmore8,"2026-07-27 17:49:30",716.1,2,wmore8
2088,16487720,KirillKlem,"2026-07-21 10:48:55",716.0,2,kirillklem
2089,16573847,"Kucing Garong","2026-07-28 00:13:07",715.9,2,syaugialkaf
2090,16382620,"Kazato Takahashi","2026-06-26 12:59:47",715.9,2,kazatotakahashi
2091,16451965,DarkLayer,"2026-07-28 13:15:56",715.8,2,"lilywwo,nnpaopao"
2092,16371442,"Egor Tkachenko","2026-07-24 10:00:21",715.7,2,egortkachenko
2093,16488869,"Yang Jinneng","2026-07-27 16:13:51",715.7,2,adurey
2094,16473929,ChenHe-Hung,"2026-07-27 12:19:48",715.5,2,chenhehung
2095,16382268,lolnazo,"2026-06-19 11:40:30",715.5,2,lolnazo
2096,16395897,YanXiaohan666,"2026-06-22 16:40:59",715.5,2,yanxiaohan666
2097,16397644,"Mao Nishino (mao1756)","2026-06-21 23:33:39",715.4,2,maonishinomao1756
2098,16372435,"Uta U","2026-06-27 15:13:02",715.3,2,uta6692
2099,16385941,nakanoData,"2026-06-22 22:04:05",715.3,2,nakanodata
2100,16504383,moohsin,"2026-07-22 19:26:16",715.2,2,"jhjhjhw,rmkearne"
2101,16372554,"[RU] Nikita Kuznetsov","2026-06-19 15:06:15",715.2,2,nikitakuznetsof
2102,16586923,"Dennis Tran","2026-07-28 17:04:11",715.2,2,dennisdt
2103,16440711,Satokenize,"2026-07-04 13:31:49",714.7,2,satokenize
2104,16397070,can_cam,"2026-07-26 10:27:55",714.6,2,nougatatam
2105,16388753,"門司 匡広","2026-06-20 14:42:44",714.6,2,monjofight
2106,16374059,nowan,"2026-06-18 10:55:38",714.6,2,anderswillardleo
2107,16375954,yu_gotou,"2026-06-29 00:58:51",714.6,2,yugotou
2108,16379073,"Wisdom Dogah","2026-06-22 05:33:41",714.4,2,wisdomdogah
2109,16372793,"Kazuyoshi SUZUKI","2026-06-16 14:29:00",714.4,2,kazuyoshisuzuki
2110,16396406,"Yuki Suwa","2026-06-19 20:08:01",714.4,1,yukisuwa
2111,16372062,Hiro0811,"2026-06-21 20:55:14",714.3,2,hiro0811
2112,16379941,"R. Yamada","2026-06-29 08:14:50",714.2,2,reijiyamada
2113,16395202,mayukistarry,"2026-07-17 17:20:33",714.1,2,mayukistarry
2114,16385373,"Yuta Watanabe","2026-07-01 04:48:16",714.1,2,nkbkyumaru2303
2115,16375394,NOISEFALLACY,"2026-06-23 05:22:34",714.0,2,noisefallacy
2116,16374024,ipruning,"2026-06-18 10:58:49",714.0,2,ipruning
2117,16382516,"Eamonn Kashyap","2026-07-03 16:08:08",713.9,2,eamonnkashyap
2118,16591041,"Semyon Epanov","2026-07-27 01:27:45",713.9,2,semyonepanov
2119,16379206,"qiao jinxia07","2026-07-03 20:06:13",713.9,2,qiaojinxia07
2120,16373103,tera358,"2026-07-27 21:11:39",713.8,2,tera358
2121,16373435,"Ben Desprets","2026-06-18 00:17:36",713.8,2,benjamindesprets
2122,16509509,성태훈SonTaehoon,"2026-07-14 14:41:27",713.7,2,sontaehoon
2123,16385629,taka548,"2026-06-18 02:41:06",713.7,1,taka548
2124,16609709,deltaqbit6,"2026-07-28 13:05:32",713.7,2,"deltaqbit6,meshdrive"
2125,16376803,Kelvin,"2026-06-21 03:08:50",713.7,2,xyzdivergence
2126,16540091,"Akio Furutsuka","2026-07-28 09:43:44",713.6,2,akiofurutsuka
2127,16381250,masat,"2026-06-23 15:02:52",713.6,2,masatttt
2128,16389000,Challengestone,"2026-07-28 13:24:45",713.6,2,"fitzypkm,tavinmatiszik,timinzitari"
2129,16376731,rakumo,"2026-07-14 00:43:57",713.6,1,sirakumo
2130,16380444,menace369,"2026-07-15 23:40:34",713.6,2,menace369
2131,16384544,"Phu Hung Dang","2026-07-01 11:27:39",713.3,2,phuhungdang
2132,16375502,Robotron,"2026-07-02 14:47:43",713.3,2,wyattmchalffey
2133,16459757,naranja1223,"2026-06-30 14:18:54",713.2,3,"naoyafujishiro,naranja1223"
2134,16400172,eikichi,"2026-07-28 04:17:40",713.1,2,ekichi
2135,16376253,Pytorch,"2026-07-12 12:00:51",713.1,2,users0ma
2136,16485217,"Roy Lo TW","2026-07-25 17:31:43",713.1,2,roylotw
2137,16411657,Borrun,"2026-07-05 10:54:44",713.0,2,borrun
2138,16382451,Libra,"2026-07-08 13:46:05",713.0,2,libra2924
2139,16559322,KentaTanaka,"2026-07-19 17:16:04",713.0,2,kentatanaka1data
2140,16374893,"Brian Altan","2026-06-25 07:50:26",712.9,2,brianaltan
2141,16380465,tomworks,"2026-06-18 06:36:29",712.9,2,tomworks
2142,16570948,KazukiNagahama,"2026-07-28 17:20:59",712.7,2,kazukinagahama
2143,16554001,AlanXM,"2026-07-28 16:37:21",712.7,2,alanxm
2144,16498588,Harusayshi,"2026-07-14 02:25:13",712.7,2,sinhuahua
2145,16593546,KatoYui,"2026-07-24 12:06:38",712.7,1,katoyui
2146,16384985,"TAKESHI KANEKO","2026-07-14 08:14:10",712.7,2,canecco
2147,16418791,"kenta matsumoto","2026-07-24 07:26:53",712.6,2,genryu0210
2148,16392356,shintaro2026,"2026-06-21 07:47:45",712.6,2,shintaro2026
2149,16408826,nakazu,"2026-07-19 06:42:31",712.5,2,nakazu
2150,16417740,chuchumon0411,"2026-06-25 01:15:21",712.5,2,chuchumon0411
2151,16388379,EPHEMORIA,"2026-06-19 17:56:12",712.4,2,ephemoria
2152,16532410,one2ndpiece,"2026-07-28 04:55:55",712.3,2,one2ndpiece
2153,16408894," me-keh-dev","2026-07-27 22:28:12",712.2,2,mekehdev
2154,16388902,"Hikaru Umeyama","2026-07-04 17:17:03",712.0,2,umetaiyaki
2155,16414784,EunchaeSong,"2026-07-27 06:11:26",712.0,2,eunchaesong
2156,16415460,MoongladeAI,"2026-07-27 15:31:43",711.8,2,moongladeai
2157,16531245,"carpe diemviva","2026-07-14 11:41:28",711.8,2,carpediemviva
2158,16382937,難波彰史,"2026-06-18 14:03:47",711.7,2,s1300061
2159,16499820,Leonardo03,"2026-07-13 09:28:42",711.5,2,leonardo03
2160,16372215,Toboggan,"2026-06-20 19:59:05",711.3,1,shimaw28
2161,16380981,IIDA,"2026-07-05 08:08:43",711.2,2,shunyaiida
2162,16385079,Colin,"2026-07-28 07:54:31",711.1,2,umcolin
2163,16430278,miyakokonbu,"2026-07-28 13:51:42",711.0,2,miyakokonbu
2164,16382892,なるなる,"2026-06-18 16:49:53",710.9,2,suzunaru
2165,16376293,"The Rocket Science","2026-07-10 14:44:41",710.7,2,"caryan,minnymouse,yutotkg"
2166,16436612,NeXT.MeTA,"2026-07-16 06:35:38",710.6,2,nextmeta
2167,16425251,amashigure,"2026-07-28 06:05:34",710.4,2,amashigure
2168,16376735,"Riku Suzuki","2026-07-09 15:43:20",710.4,2,r1cky7
2169,16401588,"zhang et al.","2026-07-19 17:04:56",710.4,2,"alancai27,mger10,stepheneshundanquah,thtennant,tomiwaakingbade"
2170,16374194,"GO HIROSHIMA 2","2026-07-28 17:05:39",710.3,2,gohiroshima2
2171,16408307,NoOneAhead,"2026-06-21 14:28:41",710.1,2,jerrlu
2172,16392042,Ville,"2026-06-26 14:46:23",710.1,2,"kmp355,rayanshrestha"
2173,16442693,"David Goldrajch","2026-07-28 16:43:14",710.0,2,elie2003
2174,16372267,Kendamarron,"2026-07-22 03:04:06",709.9,2,kazuhirokuriyama
2175,16386761,kamonabe,"2026-06-22 17:37:38",709.9,1,kamonabeyy
2176,16400126,kouki__k_4869,"2026-07-20 06:32:49",709.9,2,koukik4869
2177,16386266,"Ryosuke Aihara","2026-06-18 05:57:09",709.8,2,ryosuke804
2178,16385555,"Maher el Ouahabi","2026-07-28 09:13:04",709.7,2,maherelouahabi
2179,16456332,"Juan Lavieri Goiri","2026-07-01 17:16:09",709.6,2,juanlavierigoiri
2180,16385214,pontamaru,"2026-07-22 23:54:28",709.6,2,pontamaru
2181,16372261,rikakei_no_otaku,"2026-07-08 00:19:34",709.6,2,whitelily
2182,16446266,"Ali Haydar Özdağ","2026-06-28 16:12:09",709.4,1,ahoirg
2183,16610428,liuhuangqi,"2026-07-28 16:51:30",709.4,2,liuhuangqi
2184,16393396,nifuramu,"2026-06-27 09:09:29",709.2,1,nifuramu
2185,16445392,Ryu310_bnb,"2026-07-05 06:06:59",709.1,2,ryu310bnb
2186,16385310,yayoi111,"2026-07-28 02:06:43",709.0,2,tomoyakusama
2187,16405068,PNGN,"2026-07-28 03:10:10",709.0,2,milipngn
2188,16372988,ken4500,"2026-07-04 15:52:56",708.8,2,ken4500
2189,16380917,Kai_zuta,"2026-07-28 05:34:38",708.7,2,kaizuta
2190,16538741,I4Kaggle,"2026-07-28 07:18:13",708.6,2,"pallavk,rohanjkul"
2191,16380547,"Haramball forever!","2026-07-28 16:34:10",708.4,2,envyy23120093
2192,16377326,iruka4444,"2026-06-17 05:07:54",708.3,1,iruka4444
2193,16377639,"nick gault","2026-06-20 21:51:44",708.3,2,nicholasgg
2194,16384920,EF,"2026-06-22 06:01:22",708.1,2,ethanfast
2195,16381982,HOMEWORK_L,"2026-06-22 11:07:11",707.9,2,homeworkl
2196,16381675,pokAmon,"2026-07-28 15:01:46",707.8,2,amonkizawa
2197,16406002,河村直樹,"2026-07-04 08:52:57",707.7,2,yuzsoda
2198,16549721,Mearyl,"2026-07-27 18:35:00",707.7,2,mearyl
2199,16396501,"Fahim Faisal","2026-06-20 19:46:31",707.7,2,fah1mfa1sal
2200,16416514,"Aditya Mishra","2026-07-25 21:11:18",707.6,2,adityamishranika
2201,16388992,Akamatsu,"2026-06-18 17:25:26",707.6,2,amaou44
2202,16382731,impaja,"2026-06-21 09:40:47",707.4,2,impaja
2203,16393029,"Tzuchuan Yang","2026-06-19 13:00:24",707.4,1,tzuchuanyang
2204,16373432,torusuke,"2026-07-26 01:36:06",707.3,2,"kokenbo,saneyukimakino,torusuke"
2205,16380605,Lapra5,"2026-06-24 11:22:26",707.3,2,lapra5
2206,16385009,soju,"2026-06-25 19:55:10",707.3,2,rwqiowro
2207,16378089,nanocloudx,"2026-07-19 17:49:04",707.3,2,nanocloudx
2208,16393544,そうめん,"2026-07-26 06:44:43",707.2,2,soumen2026
2209,16380685,ShoDryu,"2026-06-26 20:43:01",707.2,2,shodryu
2210,16386405,soqbcwndhtmsnj,"2026-07-16 07:17:05",707.1,1,soqbcwndhtmsnj
2211,16389834,"Thái Văn Tài","2026-07-28 15:46:57",707.1,2,thivnti
2212,16406294,N.Y,"2026-07-17 11:48:03",706.8,2,unisttt2
2213,16427121,PsAIduck,"2026-07-28 16:28:18",706.8,2,giacomoignesti
2214,16441087,asahi,"2026-06-28 01:31:02",706.8,1,asahikgl
2215,16604155,tree_zzmmmrrrr,"2026-07-28 09:32:18",706.7,2,treezzmmmrrrr
2216,16403330,Hiyato,"2026-06-20 16:13:59",706.7,2,hiyato
2217,16584269,"Taira Kaminaga","2026-07-23 07:05:47",706.7,1,tairakaminaga
2218,16380796,GarlicToday,"2026-07-13 04:22:36",706.5,2,garlictoday
2219,16541880,WasabiGas,"2026-07-25 02:33:00",706.3,1,wasabigas
2220,16401205,kmiya61212,"2026-06-21 11:23:26",706.3,2,kmiya61212
2221,16393158,Takupon,"2026-06-20 14:36:32",706.3,2,takubro
2222,16432647,pcxxxxxx,"2026-07-13 07:54:10",706.2,2,pcxxxxxx
2223,16377475,souta927,"2026-07-22 22:45:25",706.1,2,souta927
2224,16378723,CYLIM87,"2026-07-24 16:39:14",706.1,2,cylim87
2225,16440560,AkiraIshikawa,"2026-07-27 22:02:49",706.0,2,akiraishikawa
2226,16407883,"MASAYU KOBAYASHI","2026-07-26 12:41:02",705.7,2,masayukobayashi
2227,16386680,"Ilham Sadewa","2026-06-25 02:45:30",705.7,2,ilhamsadewa
2228,16377705,Aidle,"2026-07-23 00:10:39",705.6,2,shunta0225
2229,16402542,Ryos8515,"2026-06-29 13:08:22",705.6,2,ryos8515
2230,16417391,"Alex G","2026-06-23 01:50:20",705.4,2,alexlozadag
2231,16591170,"Cesar Augusto Sibila","2026-07-28 12:21:40",705.3,2,cesaraugustosibila
2232,16446187,ODOP0315,"2026-07-03 01:21:52",705.2,2,odop0315
2233,16377415,"Sugano Yuta","2026-06-20 10:46:04",705.2,2,itokichi2000
2234,16374710,Hiryu,"2026-06-27 12:55:39",705.1,2,kusurizuke
2235,16394796,pp25,"2026-06-25 13:57:57",705.0,2,personal
2236,16392439,xo_oblz,"2026-06-24 00:08:35",704.8,2,xooblz
2237,16376085,y.saito,"2026-07-05 06:24:01",704.7,2,johntronik
2238,16378788,Ksterx,"2026-07-03 14:34:33",704.7,2,ksterx
2239,16382073,R.I,"2026-07-28 02:02:01",704.4,2,rinichikawa
2240,16381114,松原柚月,"2026-06-21 02:37:11",704.4,2,diayudu26
2241,16394562,"Wataya Iga","2026-07-27 22:30:29",704.3,2,watayaiga
2242,16396755,GGMaster,"2026-07-25 05:19:26",704.2,2,dojapan
2243,16381604,kaiw,"2026-07-15 19:14:51",704.2,2,kaiwdev
2244,16553389,"Theo Neilson","2026-07-24 18:12:01",704.2,2,theoneilson
2245,16389109,マクリル（マクリル）,"2026-06-18 15:58:08",704.1,2,mark0124
2246,16510127,"Đức Nguyễn Minh","2026-07-14 09:28:55",704.1,2,ducnm030303
2247,16383440,primal,"2026-06-20 00:17:04",704.1,2,primalhost
2248,16554679,feles99,"2026-07-27 16:29:40",704.0,2,feles99
2249,16377292,nogu,"2026-07-03 08:17:38",704.0,2,yutanoguchi
2250,16509879,"Li Mingyang","2026-07-08 22:20:52",703.8,1,limityoung
2251,16377739,"Anna Wood","2026-06-19 01:53:23",703.8,2,annawood1
2252,16513092,"Gabe Mccrea","2026-07-14 14:43:26",703.7,2,gabemccrea
2253,16388382,aigood,"2026-06-18 11:36:50",703.5,2,aigood
2254,16385393,"Hyun-woo Kim","2026-07-27 00:44:19",703.5,2,hwkims
2255,16377830,"Otsuka Naotsugu","2026-07-15 04:48:13",703.3,2,otsukanaotsugu
2256,16515738,llAnjull,"2026-07-26 07:45:16",703.3,2,llanjull
2257,16372465,ykuroka,"2026-07-21 23:35:51",703.3,2,ykuroka
2258,16375997,tempjohn,"2026-07-28 15:47:58",703.0,2,tempjohn
2259,16375817,MizoTake,"2026-07-21 22:21:44",703.0,2,mizotake
2260,16488514,"Rihito Nagamatsu","2026-07-27 03:51:21",702.9,2,rihitonagamatsu
2261,16377362,Penguin,"2026-07-28 16:38:01",702.9,2,penguin069
2262,16388413,Fomo,"2026-07-02 13:25:57",702.9,2,ppxiaomo
2263,16581491,wcyue,"2026-07-28 14:23:35",702.7,2,wcyuese
2264,16382592,humita,"2026-07-21 15:49:19",702.6,2,hum1ta
2265,16437103,Taishoh,"2026-07-27 13:33:37",702.4,2,taishoh
2266,16405001,"airMac 778","2026-07-17 15:12:30",702.2,2,airmac778
2267,16373218,Enoki,"2026-07-22 22:22:32",702.2,2,tsubakinatsu
2268,16373720,MooDerEchte,"2026-07-28 02:02:35",702.1,2,davidralf
2269,16403737,"Edgar Silva R","2026-07-28 04:58:45",701.9,2,edgarsilvar
2270,16382244,RNA4219,"2026-07-28 04:23:56",701.9,2,ryona0123
2271,16510051,BoxyML,"2026-07-28 03:03:04",701.8,2,boxyml
2272,16381335,hannahepta,"2026-07-09 22:24:11",701.6,2,hannaheptapodt
2273,16393433,Master-Zero1,"2026-07-28 08:40:07",701.6,2,masterzero1
2274,16371519,"Дворкин Евгений Владимирович","2026-07-28 11:23:11",701.6,2,evgendvorkin
2275,16533440,"Meet Parekh","2026-07-17 19:16:14",701.5,2,meetparekh1
2276,16398334,pupipupi5,"2026-06-20 08:11:53",701.5,2,"asakatsutsui,tominarit"
2277,16441962,"Pedro Ruschel","2026-07-12 20:35:08",701.5,2,pedrohruschel
2278,16376814,"Real Greninjas","2026-07-28 07:00:13",701.5,2,"pmagnuson,rchurro,vvennelakanti"
2279,16391624,Kan,"2026-06-21 09:56:31",701.4,2,teppeisakai
2280,16594346,WangZihao5649,"2026-07-26 16:22:14",701.3,2,wangzihao5649
2281,16383488,"Sizhao Deng","2026-07-26 18:06:15",701.1,2,dengtesla
2282,16376652,樹神,"2026-07-06 13:53:15",701.1,2,takanorikotama
2283,16497011,juliencst,"2026-07-07 13:22:10",700.7,2,juliencst
2284,16381362,Brian,"2026-07-28 12:45:09",700.6,2,brian1981
2285,16413061,"Masashi Oohira","2026-07-28 12:23:18",700.4,2,masashioohira
2286,16552654,"Hong Dae Kim","2026-07-18 01:41:58",700.3,2,hongdaekim
2287,16385034,monaou,"2026-07-05 14:52:10",700.1,2,monaou
2288,16375312,"Anthony Ellis ","2026-06-19 00:42:51",700.1,2,chinoki346
2289,16583716,"Muhammed Eliwat","2026-07-28 17:10:47",700.1,2,muhammedeliwat
2290,16376802,Metamor,"2026-06-27 16:16:36",700.1,2,metamormc
2291,16381378,SUGI,"2026-06-25 18:27:25",699.8,2,sugi777
2292,16420836,b13902103_yuhung94,"2026-07-28 17:04:08",699.7,2,yuhung94
2293,16388587,mouriman,"2026-07-25 01:43:20",699.7,2,mouriman
2294,16417676,YasunagaTkcNkmr,"2026-07-27 08:56:50",699.5,2,yasunagatkcnkmr
2295,16386340,"A M","2026-07-23 21:21:04",699.4,2,mystakhs
2296,16375685,しろしろ,"2026-07-05 11:19:44",699.3,2,siro1216
2297,16603414,"Jordan Bleck","2026-07-28 04:58:24",699.2,2,jordanbleck
2298,16373713,Dakuma,"2026-06-19 07:38:54",699.2,2,"daiwakun,kumanotani,tenceiling"
2299,16430376,yoikoarmor,"2026-07-28 15:04:44",699.2,2,yoikoarmor
2300,16390045,"Dinesh kumar Thiyagarajan","2026-07-27 02:39:32",699.1,2,dineshkumar0705
2301,16392512,"Yujiro Seki","2026-07-23 13:49:41",699.0,2,"shunnosukeseki,yujiroseki"
2302,16404581,赤ちゃんクマ,"2026-07-23 10:19:18",698.9,2,"divabhattacharya,suman2208"
2303,16436580,IntelligentApe,"2026-07-02 08:50:24",698.7,2,"hazmannaim,mira97ge,yungsin"
2304,16444208,"Akshay Punjabi","2026-07-10 21:07:08",698.7,2,theakshay
2305,16380100,Bancho,"2026-07-22 03:38:55",698.7,2,harunaf
2306,16460694,"Achal Jain","2026-07-23 22:49:48",698.6,2,achaljain232
2307,16414614,"Barno Barno","2026-07-25 16:50:58",698.5,1,barnobarno
2308,16376488,Danny,"2026-07-28 06:21:11",698.5,2,dannybc
2309,16387847,harmo-miu,"2026-07-04 00:25:59",698.5,2,harmomiu
2310,16410464,TG_Aetheryx,"2026-07-10 13:15:19",698.5,2,"ririan,subzerin"
2311,16436678,Mikhail,"2026-07-20 08:38:10",698.3,2,mikhailz
2312,16393904,InkCartridge,"2026-07-28 13:53:30",698.2,2,inkcartridge
2313,16592342,ananppna,"2026-07-24 08:24:44",698.2,1,ananppna
2314,16510758,Narukos,"2026-07-17 04:14:09",698.1,2,narukos
2315,16417040,"Luke Blommesteyn","2026-07-22 05:44:03",698.1,2,"liubaysee,lukeblommesteyn"
2316,16395219,"takahiro k0bayashi","2026-06-21 06:51:23",697.9,2,takahirok0bayashi
2317,16371761,Chikuwabu,"2026-07-05 05:53:13",697.6,2,prgckwb
2318,16486234,"Tatsuya Kayama","2026-07-28 02:34:15",697.5,2,tatsuyakayama
2319,16401576,t.eno,"2026-07-25 15:51:14",697.3,2,iinotomoki
2320,16418966,eurusoo,"2026-07-28 15:20:23",697.2,2,eurusoo
2321,16445916,"Kuu-Lab ","2026-07-13 23:07:48",697.2,2,kuulab
2322,16588804,rick11224,"2026-07-27 10:50:07",697.0,2,rick11224
2323,16411951,Ryutogrrr,"2026-07-20 04:52:08",696.9,2,ryutogrrr
2324,16398621,yottan0304,"2026-07-16 03:07:31",696.9,2,yottan0304
2325,16381504,かすみさんち,"2026-07-25 15:04:37",696.8,2,fummaeda
2326,16376432,"ZhWing Fence","2026-07-23 01:46:25",696.6,2,zhwingfence
2327,16530924,hanhan761,"2026-07-13 01:52:14",696.5,2,hanhan761
2328,16411534,TGMATH,"2026-07-11 06:10:23",696.5,2,tgmath
2329,16372343,sawasawasawa,"2026-07-27 02:18:37",696.2,2,yukisawamura
2330,16392658,"Ajito Nelson","2026-07-27 22:21:50",696.2,2,ajito89
2331,16608949,hank0123,"2026-07-28 12:03:40",696.1,2,hank0123
2332,16371575,"Kentaro Hirose","2026-07-09 07:39:04",696.1,2,kentarohirose
2333,16372994,Marron22246,"2026-06-19 09:40:19",696.1,2,marron22246
2334,16392402,FJMT,"2026-07-22 00:26:18",696.0,2,masatoshifujimoto
2335,16403812,Aditya,"2026-06-22 13:16:44",695.8,2,adphx13
2336,16435372,OTkm_tn,"2026-07-20 06:36:52",695.2,2,otkmtn
2337,16384916,"Du Dinh","2026-06-26 07:43:41",695.0,2,dudinh
2338,16433927,Bennett_Y,"2026-06-30 04:24:03",695.0,2,bennetty
2339,16609893,Freeman0,"2026-07-28 16:13:17",694.9,1,freeman0
2340,16379177,Aevion-Labs,"2026-07-15 15:33:56",694.8,2,aevionlabs
2341,16392777,和田竜一,"2026-06-19 07:01:02",694.7,2,atrwada
2342,16431522,"Tsuyoshi Masubuchi","2026-07-15 02:48:57",694.6,2,tsuyoshimasubuchi
2343,16572011,"Kian Maghsoodi","2026-07-24 20:43:58",694.6,2,kizmodo
2344,16428300,titanascended,"2026-07-07 12:01:06",694.5,2,itsyuvrajsharma
2345,16375424,Miguel-jp,"2026-07-03 04:00:06",694.3,2,migueljp
2346,16411853,"ZEC Keita","2026-07-24 08:40:11",694.2,2,zeckeita
2347,16494153,たたたた,"2026-07-28 06:07:30",694.1,2,"miran0313,suzumaru1666,tatatata1111"
2348,16377120,"Boiled Nail","2026-07-14 14:25:40",694.1,2,"boilednail,toroihamokuba"
2349,16530851,adomot,"2026-07-13 14:45:18",693.9,2,adomot7
2350,16587178,prokiller777,"2026-07-28 11:15:33",693.8,2,"prokiller777,yaroslavkholmirzayev"
2351,16372426,auaua159,"2026-07-18 05:09:20",693.6,2,auaua159
2352,16400950,nekomanma,"2026-07-28 16:38:00",693.5,2,"kanatakon,nekomanma"
2353,16377931,"Oleg Yaroshevskiy","2026-07-14 04:52:33",693.4,1,yaroshevskiy
2354,16436632,"wen murohy","2026-06-26 07:20:08",693.4,1,wenmurohy
2355,16373095,"Toshiki Tsuchiya","2026-06-22 16:25:34",693.4,2,toshikitsuchiya
2356,16378696,Soshosai-Live!,"2026-07-17 17:42:39",693.3,2,"novice1248,sshow14,usami0611,yamazakiharuto"
2357,16424396,PICNIC,"2026-07-08 01:27:27",693.3,2,picnicaday
2358,16492829,山上海賊団,"2026-07-28 16:18:53",693.3,2,"fukuzawahayato,kagoshiki,satoasahiro,ultimatehara"
2359,16440629,"Albert Wang","2026-06-26 22:50:51",693.2,1,mianwang1024
2360,16377608,kostis,"2026-07-27 11:00:47",693.2,2,kostis7
2361,16435770,suirindo,"2026-07-07 02:50:14",693.1,2,suirindo
2362,16382497,Fayche,"2026-07-04 18:46:10",693.1,2,fayche
2363,16535099,Ri2-115,"2026-07-18 10:08:10",693.0,2,ri2115
2364,16379100,"So Mukaichi","2026-06-29 09:51:39",692.9,2,somukaichi
2365,16374417,"Santiago Maniches","2026-07-28 12:29:11",692.8,2,santmani
2366,16470813,Banger_,"2026-07-10 00:33:18",692.7,2,banger93
2367,16385218,terassyi,"2026-07-03 07:46:01",692.5,2,terassyi
2368,16416553,"Will Rowse","2026-07-18 22:56:26",692.4,1,willrowse
2369,16435285,"Benji Bromberg","2026-07-07 14:25:53",692.2,2,benjibromberg
2370,16382628,hiro_fumiko,"2026-06-18 08:33:36",692.1,2,tushiro
2371,16433241,Pikachu,"2026-07-28 12:33:22",692.0,2,anirudhkumaraheer
2372,16560356,greatestFrog,"2026-07-20 14:08:28",692.0,2,greatestfrog
2373,16587939,haogood666,"2026-07-27 01:22:54",692.0,2,haogood666
2374,16400063,"Robo Games","2026-07-17 08:41:53",692.0,2,robogames
2375,16514216,"Sheehan Brothers","2026-07-15 08:57:00",692.0,2,"ethansheehan,trevorsheehan"
2376,16372378,Kuroneko,"2026-07-07 12:34:29",691.7,2,kuronekoryu
2377,16500571,iaai,"2026-07-13 14:41:58",691.7,2,iaai21047
2378,16511634,"Otter Vibe","2026-07-28 14:28:39",691.6,2,gyuminsong
2379,16419887,shikibu9419,"2026-06-29 13:02:56",691.5,2,shikibu9419
2380,16376016,"Parker Morgan","2026-06-19 04:28:34",691.5,2,parkermorgan123
2381,16376384,YOYOPIpo,"2026-06-29 06:05:21",691.5,2,yoyopipo
2382,16426834,"Masahiro Tanaka","2026-06-25 11:44:32",691.2,2,ninben5361
2383,16404077,"Michael Pershin","2026-07-07 12:04:41",691.0,2,michaelpershin
2384,16607831,wayyyyyyy,"2026-07-28 06:18:52",690.9,1,wayyyyyyy
2385,16382491,piyomaru,"2026-06-21 02:20:19",690.6,2,pyoyusiko
2386,16511046,SoundSourceSeparation,"2026-07-28 15:08:28",690.4,2,"kinoryo,onoryosuke,ryunosuke0000,zawazawako"
2387,16474727,t_202607202,"2026-07-23 10:25:28",690.2,2,t202607202
2388,16385538,CyberGhost2077,"2026-07-12 04:11:39",690.2,2,cyberghost2077
2389,16371893,fredpk,"2026-07-28 16:34:47",690.2,2,fredpk
2390,16377411,yakiniku.nagoya,"2026-07-10 02:23:44",690.0,2,mshdhy1010
2391,16385790,Leocthl,"2026-07-13 18:36:26",689.9,2,"leocthl,marcus999"
2392,16375409,nimous,"2026-06-21 06:59:41",689.8,2,nimous
2393,16387127,mori0520mori,"2026-06-22 02:21:32",689.8,1,mori0520mori
2394,16433277,"Mai Kevin","2026-07-24 01:23:56",689.7,2,maikevin
2395,16395067,kenfuku,"2026-06-24 06:47:24",689.6,2,kenfuku
2396,16435274,nonpapa,"2026-07-26 13:45:13",689.5,2,nonpapa
2397,16372893,"Marcus Vinicius","2026-07-02 07:32:25",689.5,2,marcux777
2398,16381477,"Shawn Sullen","2026-07-10 16:28:46",689.4,2,shawnsullen
2399,16589783,codex,"2026-07-28 00:54:29",689.4,2,ctfxiao
2400,16372971,richwomanbtc,"2026-06-24 00:03:19",689.4,2,richwomanbtc
2401,16426753,"Michał Łapiński","2026-07-25 14:12:34",689.3,2,michaapiski
2402,16397501,"The Malaysia Peas","2026-07-28 09:36:34",689.2,2,"aenjicinquleur,alvintangwj,nemesiscy,tommytie"
2403,16398692,dhue123,"2026-07-27 14:06:42",689.1,2,dhue123
2404,16380964,supermelon,"2026-07-12 03:36:13",689.1,2,supermelon
2405,16579092,"Rayder Zero","2026-07-21 14:17:45",689.1,2,rayderzero
2406,16388614,安藤駿介,"2026-07-21 15:02:58",689.1,2,andoshunsuke
2407,16391383,"Raymond Brunell","2026-06-28 20:17:03",689.1,2,raymondbrunell
2408,16416135,"Aditya Sharma","2026-06-26 06:16:26",689.0,2,adityasharma01
2409,16421007,yshinok,"2026-07-25 01:05:26",689.0,2,yukishinohara0114
2410,16483720,"Masashi Nishimoto","2026-07-28 11:35:12",688.9,2,masashinishimoto
2411,16371632,結束バンド,"2026-07-21 02:06:54",688.7,2,"asmuchas,cocoaai"
2412,16551932,"Iclal Cetin","2026-07-17 17:39:10",688.7,2,claletin
2413,16382842,ABfry0620,"2026-07-02 15:29:05",688.6,2,abfry0620
2414,16425903,"Rintaro Moriwaki","2026-07-24 04:35:05",688.6,2,rintaromoriwaki
2415,16405170,stale2000,"2026-06-24 19:45:27",688.6,2,bryanwade
2416,16377675,"Darren Koh","2026-06-21 06:15:01",688.5,2,darrenkoh
2417,16382600,"Emanuel Perez","2026-06-27 04:25:25",688.4,2,emanperez28
2418,16600469,"lixinglong ye","2026-07-26 14:34:29",688.3,2,lixinglongye
2419,16373109,michaeloblak,"2026-07-08 23:29:28",688.1,2,michaeloblak
2420,16446351,gakutomo,"2026-07-26 13:19:17",688.0,2,gakutomo
2421,16384030,ZephyrRising,"2026-07-04 23:13:29",687.9,2,zephyrrising
2422,16394732,"Akito Maruo","2026-06-20 04:10:53",687.9,2,akitomaruo
2423,16390262,osugi-1,"2026-06-22 02:08:28",687.7,2,osugi1
2424,16378428,uta_ccc,"2026-06-20 20:13:00",687.7,2,utaccc
2425,16375468,m333studio,"2026-07-08 09:22:23",687.5,2,kengomukai
2426,16413375,"Shanmoshibo Heng","2026-06-25 01:22:16",687.5,2,shanmoshiboheng
2427,16382528,あれすくん,"2026-06-26 01:29:43",687.3,2,areskunsan
2428,16422439,discoverybytes,"2026-07-28 12:57:38",687.3,2,johnproudfoot
2429,16425996,宮武輝弥,"2026-07-08 04:36:37",687.3,1,carat10
2430,16418589,"tk #2","2026-07-03 06:26:42",687.2,2,tatsuokaniwa
2431,16389144,draven,"2026-07-08 10:53:48",687.1,2,ustchx
2432,16404079,"ryan panda","2026-07-25 16:54:10",686.9,2,hollowpurple
2433,16381308,KollekTCG,"2026-07-13 19:21:52",686.9,2,"franckattaix,grssystems,nathangaltie"
2434,16485281,helenkwok,"2026-07-13 13:58:11",686.8,2,helenkwok
2435,16375697,ryus1234,"2026-07-16 05:01:09",686.6,2,ryus1234
2436,16381254,"Shingo Kotake","2026-06-22 02:20:20",686.4,2,shingokotake
2437,16386714,Kyogre,"2026-07-02 12:08:52",686.0,2,"anvel913,ikejun,leek0113,tokoten0926"
2438,16384845,L1LI4N,"2026-06-18 15:21:08",686.0,1,l1li4n
2439,16426948,"Mayu Takagi","2026-07-06 06:25:39",686.0,2,mayutakagi
2440,16535952,TmDofi,"2026-07-26 20:37:30",685.9,2,tmdofi
2441,16379776,tochiri,"2026-06-18 14:32:17",685.8,1,tochiri
2442,16375979,"Jonathan Donham","2026-07-28 07:35:52",685.7,2,jonathandonham
2443,16376682,larry54321zhao,"2026-07-05 10:37:34",685.7,2,larry54321zhao
2444,16508746,"Hassaan Ibrahim","2026-07-21 11:05:52",685.5,2,hassaanibrahim
2445,16467187,YKumazaki,"2026-07-27 02:21:52",685.4,2,ykumazaki
2446,16388571,Mikio,"2026-07-01 11:05:29",685.3,2,mikiokobayashi
2447,16375572,Itton_knight,"2026-07-28 00:33:13",685.1,2,ittonknight
2448,16559892,victor,"2026-07-28 15:10:38",685.1,2,vicmcorrea
2449,16422470,Bensonli7777,"2026-07-05 14:27:30",685.0,2,"bensonli7777,sengami"
2450,16460544,mato,"2026-07-13 12:02:43",684.9,2,matthqnts
2451,16376460,"Takeshi Tanno","2026-07-28 04:01:53",684.9,2,takeshitanno
2452,16372196,PyJa,"2026-07-26 11:22:34",684.6,2,pixiux
2453,16374286,Shanghai,"2026-06-17 14:21:36",684.5,2,kaiyamurakami
2454,16427793,nnc,"2026-06-27 06:57:31",684.5,2,daimarusui3
2455,16501675,"Ifeoluwa Adewumi","2026-07-22 21:12:30",684.4,1,ifeadewumi
2456,16535964,"Mehul Mathodia","2026-07-13 13:10:07",684.4,2,mehulmathodia
2457,16430550,Ant,"2026-07-28 16:00:15",684.2,2,anthonytrevino
2458,16400218,radian0523,"2026-06-25 02:24:59",684.2,2,oonishidaichi
2459,16433332,"Amedeo Biolatti","2026-07-27 06:56:52",684.1,2,abiolatti
2460,16406311,"kaito ide 31","2026-07-28 02:41:48",684.1,2,kaitoide31
2461,16535870,sshin14,"2026-07-22 04:26:51",683.9,2,shsaito
2462,16415173,Solid_Sea,"2026-07-16 10:03:10",683.8,2,solidsea
2463,16384856,"illness fubuki","2026-07-10 01:03:08",683.8,2,morimorifubuki
2464,16393945,razona,"2026-07-01 16:01:25",683.7,2,razonadesign
2465,16376162,showtree,"2026-07-28 08:14:53",683.6,2,showtree
2466,16381017,stevenleehans,"2026-07-06 13:08:18",683.6,2,stevenleehans
2467,16379790,"33143250 - Vishnumohan Vijayan","2026-07-27 08:43:20",683.6,1,vishnumohanvijayan
2468,16391352,Shiva,"2026-06-18 22:07:55",683.5,1,shivasai77
2469,16376208,"Jonathan Effect","2026-07-21 04:31:03",683.4,2,jonathaneffect
2470,16606324,kiyomiya-k,"2026-07-28 14:27:27",683.2,1,kiyomiyak
2471,16377819,oisho,"2026-06-20 12:41:33",683.2,2,oishoes
2472,16554136,Xinzex,"2026-07-21 05:58:30",683.1,2,xinzex
2473,16376337,"Sukjae Cho","2026-07-24 19:39:40",683.1,2,jandjenter
2474,16385204,ひげだるま(inovie株式会社),"2026-07-01 10:02:06",683.0,2,inovie
2475,16375229,ことこと,"2026-07-28 02:04:07",683.0,2,koto821
2476,16375854,神～卍ぴくるすうどん卍～最強「ミラティブ配信中」,"2026-06-18 21:23:47",682.8,2,kominamiyoutube
2477,16392551,takentake,"2026-07-11 04:56:14",682.8,2,takentake
2478,16472765,y.k.,"2026-07-22 18:08:41",682.8,2,yuki0416ui
2479,16372698,"Samuel Verneri Ojala","2026-06-16 18:40:33",682.7,2,samuelverneriojala
2480,16381491,"Yuh Kim","2026-06-17 12:55:04",682.7,1,yuhkim
2481,16414174,tarako,"2026-06-23 09:19:48",682.6,2,haruto2001
2482,16473207,match051,"2026-07-27 17:38:46",682.6,2,match051
2483,16388648,arutoria,"2026-06-30 14:28:36",682.4,2,arutori0ebi
2484,16404956,msas111,"2026-06-21 13:09:42",682.3,2,msas111
2485,16442835,Yunioshi,"2026-07-28 11:31:50",682.3,2,yunioshi
2486,16385078,H.Ito,"2026-07-17 23:25:47",682.1,2,henriquetakahiroito
2487,16482984,"Zen dovid","2026-07-11 15:33:44",682.0,2,zendovid
2488,16389781,"TLM13 LABS","2026-06-22 20:52:25",681.8,2,accuratetlm13
2489,16416507,"Huttonion Inc","2026-06-23 18:30:24",681.8,2,huttonioninc
2490,16600120,"Tianfu Wang (王天夫)","2026-07-28 12:10:38",681.7,2,wangtf96
2491,16403777,shogo1229,"2026-06-24 14:21:05",681.5,2,sheqel
2492,16386110,"Jonathan Coletti","2026-06-24 03:31:29",681.5,2,jonathanncoletti
2493,16431917,kyuuuuro,"2026-07-26 15:21:01",681.4,2,"haru426,kotakota914,kuromaru4869,yamajin,yu834194"
2494,16375972,koucha,"2026-07-27 02:06:59",681.3,2,momotakaaoki
2495,16379314,"David Tan","2026-07-09 02:16:27",680.8,2,davidtangoogle
2496,16385904,"Kenst Ligu","2026-06-23 11:11:45",680.8,2,liguria228
2497,16512218,"shota nishiyama","2026-07-23 09:10:32",680.8,2,shotanishiyama
2498,16514656,Lixin73,"2026-07-28 00:53:37",680.7,2,lixin73
2499,16408160,tsuzuk1,"2026-07-28 13:18:02",680.7,2,"soreiru,tsuzuk1"
2500,16399701,Noir,"2026-07-28 04:26:41",680.4,2,nuitnoir
2501,16396009,YuyaSuzuki,"2026-07-04 11:30:28",680.3,2,yututapp
2502,16400682,Poshiri,"2026-07-01 06:59:51",680.1,2,poshiri
2503,16405743,PokePoke-777,"2026-07-27 14:41:17",680.0,2,pokepoke777
2504,16372636,いせえび,"2026-06-23 06:37:16",679.9,2,iseeebi
2505,16380518,reika555,"2026-07-05 13:58:47",679.9,2,reika555
2506,16392251,"dev yankawa","2026-06-28 16:51:32",679.9,2,devyankawa
2507,16557320,AmadeusAN,"2026-07-26 14:58:02",679.8,2,amadeusan
2508,16597205,xunchahaha,"2026-07-27 00:32:24",679.8,2,xunchahaha
2509,16551373,Alex,"2026-07-28 07:58:09",679.8,2,beaujolais
2510,16435737,MoriTeruto,"2026-07-04 04:46:35",679.5,2,moriteruto
2511,16394931,MichiFuna,"2026-07-28 15:04:50",679.5,2,michifuna
2512,16385358,kura54,"2026-06-19 10:08:38",679.2,1,kurapuchi
2513,16394353,KojiKRSE,"2026-07-05 04:22:59",679.1,2,kojikrse
2514,16381537,"Takumu Hata","2026-07-28 10:24:45",679.0,2,takumuhata
2515,16395861,Togo,"2026-07-14 08:23:35",679.0,2,"matsudai,togoiwasaki"
2516,16428726,"For Good Measure","2026-07-26 15:49:47",679.0,2,plsfix
2517,16383408,Prism,"2026-07-26 15:46:10",678.9,2,"ghostnoir,heerakkim"
2518,16420978,"Yusuke Aoki002","2026-07-28 12:29:05",678.9,2,yusukeaoki002
2519,16396460,Oniku,"2026-07-26 05:41:13",678.8,2,ryutaroueda
2520,16491110,Raki,"2026-07-19 10:47:45",678.8,2,raki21
2521,16610489,"Cascade Matrix","2026-07-28 17:06:01",678.7,1,cascadematrix
2522,16376592,"Koki Kawamura","2026-07-25 17:04:18",678.5,2,kiuko22
2523,16599289,shiv,"2026-07-27 02:21:45",678.5,2,shivaurora
2524,16373284,ktyoku,"2026-06-17 18:47:50",678.4,2,ktyoku
2525,16590222,萩原孝介,"2026-07-23 15:05:55",678.2,1,elkomacho
2526,16384229,"Mitudru Dutta","2026-06-22 16:28:16",678.2,2,mitudru
2527,16380824,orikage,"2026-07-04 00:59:58",678.2,2,orikage
2528,16426658,Roo333,"2026-07-28 04:31:26",678.2,2,roo333
2529,16394740,G_AGA,"2026-07-28 17:24:01",678.0,2,agatsssssma
2530,16489259,kosukemr4,"2026-07-06 10:25:45",677.9,2,kosukemr4
2531,16449971,DRNTK,"2026-07-27 20:04:31",677.8,2,"hironobusakuma,mk0414,tsuyuyu"
2532,16382138,"eiji noguchi","2026-06-23 05:58:02",677.6,2,eijinoguchi
2533,16387582,majigori,"2026-07-04 10:47:45",677.5,2,majigori
2534,16377042,nao2002_,"2026-07-19 16:45:23",677.5,2,naonano
2535,16375080,"Adrian Dubois","2026-06-16 21:58:44",677.5,1,adriandubois
2536,16517412,Neelima,"2026-07-10 16:47:13",677.3,1,neelima0405
2537,16490498,"AbdulHannan Siddiqui","2026-07-19 12:11:06",677.3,2,abdulhannansiddiqui
2538,16397394,Noppo,"2026-06-20 11:07:42",677.1,2,noppok
2539,16441071,blanca985,"2026-07-26 11:46:06",677.1,2,blanca085
2540,16419060,ISSEI,"2026-07-16 14:26:58",677.1,2,iiss51keygen
2541,16382408,YusukeKatoPremium,"2026-06-22 13:03:39",677.1,1,yusukekatopremium
2542,16433171,Zarkys,"2026-07-27 05:15:12",676.9,2,zarkys
2543,16402482,"professor oak","2026-07-14 20:55:34",676.8,2,"rister101,stharundhatri"
2544,16385593,n=1,"2026-06-23 16:13:29",676.8,2,photodoc
2545,16416539,"The Unovans","2026-07-28 01:53:20",676.7,2,"gerry80,mugentigre"
2546,16432519,"Shuang Ranse","2026-07-09 01:06:02",676.5,2,shuangranse
2547,16376133,viss,"2026-06-27 03:49:46",676.4,2,vissdonn
2548,16375814,"DiT PTCG AK","2026-07-28 05:33:36",676.4,2,"hs876ak,nukuitakayuki"
2549,16395265,"Mibbles' Lab","2026-07-28 14:26:21",676.4,2,mibbles
2550,16385586,"Ehimen Nathaniel","2026-06-18 02:34:23",676.3,1,ehimennathan
2551,16378429,5.5,"2026-07-28 15:38:42",676.1,2,lihaha36
2552,16372123,Takusato,"2026-06-19 17:47:11",676.1,2,shogoyamamoto16
2553,16552047,RyanHo,"2026-07-28 16:28:31",676.1,2,ryanrx
2554,16432975,AyushmanKumar819,"2026-07-03 06:45:56",676.0,1,ayushmankumar819
2555,16578169,rekhasri,"2026-07-21 05:15:18",675.9,2,rekhasri
2556,16373908,"Rin'z Uznir","2026-07-15 14:11:43",675.8,2,rinzuznir
2557,16531462,"Andrew Chistyakov","2026-07-14 08:18:05",675.7,2,andrewchist
2558,16539856,"Alejandro Gómez","2026-07-28 13:57:24",675.7,2,alejandrogomez1
2559,16385500,"Takao Mizuno","2026-06-23 13:38:34",675.7,2,mzntaka0
2560,16387408,ko_kuramoto6,"2026-07-14 15:41:53",675.6,2,kokuramoto6
2561,16380654,RZ,"2026-07-26 04:12:37",675.6,2,pokoh19
2562,16385323,Y2Dex,"2026-06-29 09:24:19",675.6,2,christopherlortiz
2563,16392933,"Joseph Laurienzo","2026-07-15 07:23:36",675.5,2,josephlaurienzo
2564,16375987,quwon_000,"2026-07-17 10:23:31",675.4,2,quwon000
2565,16374391,"Brian Yong","2026-06-20 07:02:39",675.3,2,brianyong
2566,16433291,mhi,"2026-07-09 02:07:41",675.2,2,mhirano
2567,16390273,"the mudkips","2026-07-04 03:45:41",675.1,2,dominicserrano
2568,16392711,"Tomohiro Kawamoto","2026-06-22 10:56:57",675.1,2,tomohirokawamoto
2569,16427363,"shunsuke,nashiki","2026-07-26 10:35:27",675.1,2,shunsukenashiki
2570,16376487,CoreyJamesLevinson,"2026-06-25 15:20:57",675.0,2,returnofsputnik
2571,16380510,kazu107,"2026-06-28 04:09:00",674.9,2,kazu107
2572,16394860,YugoHamada,"2026-06-19 13:56:07",674.9,1,yugohamada
2573,16381040,thunder_ftg,"2026-06-27 03:19:54",674.6,2,thunderftg
2574,16395018,キーウィ,"2026-07-28 13:29:11",674.6,2,specialkiwi
2575,16373375,denden,"2026-07-11 15:13:28",674.5,2,norichtorich
2576,16392519,tonpeeee_pokemon,"2026-07-13 08:09:15",674.4,2,"berrytea,smeargle31415,yamakaggler"
2577,16380918,tadashikato,"2026-06-26 00:26:03",674.4,2,tadashikato
2578,16581165,"Alpha Duo","2026-07-28 11:51:49",674.1,2,"piyusht0207,rinnyjoshi"
2579,16393835,TorNoz,"2026-07-28 13:32:59",674.1,2,torigoenozomi
2580,16411115,G_nuoh,"2026-06-23 06:15:39",674.1,2,gi02coffee
2581,16407946,Jotaro,"2026-06-29 16:45:56",673.9,2,jotaro
2582,16385615,sukesuke012,"2026-07-23 16:02:16",673.8,2,sukesuke012
2583,16371792,"Shunsuke Kurita","2026-06-17 05:26:19",673.6,2,shunsukekurita
2584,16376072,"Jed Mijares","2026-07-12 04:14:18",673.6,2,gerardmijares
2585,16607710,Maxy5illion,"2026-07-28 03:18:22",673.4,2,maxy5illion
2586,16376001,昊天宗乱披风九九归一,"2026-06-27 02:51:53",673.4,2,kagamikoakatsuki
2587,16576933,"ADITYA NARAYAN SHARMA","2026-07-21 21:27:22",673.4,2,adityans211721
2588,16372411,"Yoshimura Soichiro","2026-07-17 03:53:38",673.3,2,yoshimurasoichiro
2589,16382098,TooaimiKa,"2026-06-17 13:49:41",673.2,1,tooaimika
2590,16377958,"yash bhaskar","2026-07-28 17:09:17",673.0,2,yash9439
2591,16382683,katsuya-pokeca,"2026-06-27 14:20:54",673.0,2,katsuyapokeca
2592,16389099,puraza,"2026-07-28 09:25:15",672.9,2,puraza
2593,16395027,Sophie555,"2026-07-26 03:27:48",672.9,2,sophie555
2594,16558710,"Longzhou Zhang","2026-07-17 10:30:14",672.8,2,scottishere
2595,16385630,きれいナビ,"2026-07-09 10:27:16",672.8,2,kireinavi
2596,16483171,"RJ Jarecki","2026-07-20 01:14:24",672.7,2,rjjarecki
2597,16392674,"Keita Yanome","2026-06-25 02:42:10",672.6,2,yanomekeita
2598,16373683,ini,"2026-07-10 23:38:53",672.5,2,inui0702
2599,16530676,jaehwan02,"2026-07-21 14:25:26",672.4,2,jaehwan02
2600,16389930,"xiang li122","2026-07-20 03:06:04",672.3,2,xiangli122
2601,16432459,"Nozomi Maki","2026-07-09 20:49:07",672.2,2,millak
2602,16371969,Latitu,"2026-06-18 00:39:32",672.1,2,latitu
2603,16501039,"AI AI","2026-07-22 14:53:56",671.9,2,aiaiyk
2604,16384858,dolphin,"2026-06-22 04:40:18",671.8,2,jbradburn
2605,16373511,"Got That Weedle?","2026-07-02 00:13:29",671.6,2,robboyd
2606,16381201,しゃけた,"2026-06-21 22:53:51",671.6,1,syaketa
2607,16375478,Herrmannw,"2026-06-17 19:54:35",671.6,2,herrmannw
2608,16482906,JiaXi94,"2026-07-16 01:54:46",671.3,2,jiaxi94
2609,16439282,otashue,"2026-07-28 17:19:14",671.1,2,otashue
2610,16443789,"Felix P","2026-07-13 14:39:49",671.1,2,felixp21
2611,16391515,"Collin Christensen","2026-06-19 05:38:09",670.8,1,cchristens
2612,16391764,DenisEdwards,"2026-07-27 18:45:26",670.8,2,denisedwards
2613,16391830,"Flood Beast","2026-07-25 19:39:13",670.6,2,floodbeast
2614,16441729,NekoChan-NekoChan,"2026-07-28 15:30:44",670.6,2,nekochannekochan
2615,16423927,Pichazu,"2026-06-24 12:56:06",670.5,2,pichazu
2616,16383236,Vishwa,"2026-07-24 06:55:13",670.5,2,rv1922
2617,16376736,redm,"2026-06-23 02:34:40",670.3,2,michaelmilstead
2618,16514274,"Bastian Schmidt2026","2026-07-21 04:03:13",670.3,2,bastianschmidt2026
2619,16373133,"takuya noto","2026-06-24 07:55:33",670.3,2,takuyanoto
2620,16373242,"GIVE ME A JOB","2026-06-19 02:31:04",670.0,2,tarokogawa
2621,16607763,"Haixin Yue","2026-07-28 07:34:14",669.8,2,haixinyue
2622,16378268,atayanZ123,"2026-06-21 08:03:10",669.6,2,atayanz123
2623,16440968,"Chris Dalzell","2026-07-28 04:54:32",669.4,2,cdalzell
2624,16378235,SuperNorman,"2026-06-25 02:46:34",669.3,2,supernorman
2625,16385200,"Sam Branham","2026-07-28 01:56:49",669.3,2,sambranham
2626,16432396,Ethereal49,"2026-07-28 05:24:59",669.2,2,ethereal49
2627,16471075,"William Catt","2026-07-28 04:17:35",669.2,2,willcatt
2628,16388412,toshizo,"2026-06-22 11:55:31",669.2,2,toshizo
2629,16381511,piska,"2026-07-20 02:47:21",669.1,2,piskasavi
2630,16431613,"Rijul Gupta","2026-06-25 21:16:57",669.1,2,rijulgupta
2631,16411045,askBillyWhatMamaDid,"2026-06-22 00:54:55",668.9,1,askbillywhatmamadid
2632,16384334,"William Humphrey","2026-07-15 22:02:12",668.8,2,williamhumphreyyy
2633,16412815,"Prashant Kikani","2026-06-22 07:36:52",668.7,1,prashantkikani
2634,16393128,TTITIM,"2026-06-21 03:27:46",668.4,2,ttitim
2635,16443800,"Adam Conan","2026-07-05 15:04:31",668.3,2,adamconan
2636,16425459,Eli_Zohar_BIU,"2026-07-28 10:11:12",668.2,2,"elikazum,zoharmashiah"
2637,16377518,"Jagannath Athmaraman","2026-06-18 00:59:17",668.2,2,jagannathathmaraman
2638,16430358,koumiyata,"2026-07-28 15:32:01",668.0,2,koumiyata
2639,16374974,Shiri,"2026-06-25 10:57:44",667.9,2,kennethbryan13
2640,16381395,selylime,"2026-07-28 06:36:56",667.8,2,selylime
2641,16384819,shota,"2026-07-18 06:27:19",667.7,2,shotay
2642,16375790,"Matthew Potteiger","2026-06-17 00:55:21",667.5,1,matthewpotteiger
2643,16377843,Mindnightdestroy,"2026-06-29 07:00:27",667.4,2,mindnightdestroy
2644,16442033,"Kei Yamashita","2026-07-15 11:52:55",667.4,2,potatohead37
2645,16400190,"yuki jyono","2026-07-04 06:22:09",667.4,2,yukijyono
2646,16378278,keitaro_nakashima,"2026-06-23 08:58:25",667.3,2,keitaronakashima
2647,16377605,makimakiver,"2026-06-27 09:04:32",667.2,2,yutakashibata
2648,16485609,Vaibhav_486,"2026-07-18 11:14:09",667.1,2,vaibhav486
2649,16376326,Pacomin,"2026-06-17 05:43:38",666.8,2,pcmn1000
2650,16372540,A.Ishibashi,"2026-06-21 10:36:32",666.8,2,akihiroishibashi
2651,16498504,"Overfitted Onix","2026-07-08 14:12:39",666.6,2,"anusmitaroytech,terminaljoint"
2652,16388607,"Rivals Duo","2026-07-06 13:45:39",666.3,2,"ccafioncool,jashsurendra"
2653,16372161,SmithyAlan,"2026-06-19 16:39:38",666.2,2,smithyalan
2654,16371460,てうぽけ,"2026-07-18 12:11:02",665.9,2,"c0a24013,siitake667"
2655,16382499,sakama,"2026-06-23 09:48:56",665.9,2,sakama45
2656,16483760,Matt,"2026-07-07 05:47:07",665.8,2,mattvonrohr
2657,16381495,shanpu,"2026-06-18 23:35:31",665.8,2,shanpu
2658,16500797,akasatana0401,"2026-07-11 02:22:16",665.8,2,akasatana0401
2659,16392308,"yosuke kurosu","2026-06-19 03:08:07",665.6,1,noblacknolife
2660,16592088,haillee,"2026-07-28 05:42:12",665.5,2,anapo01
2661,16378321,"Arda Karakaş","2026-06-18 12:00:08",665.5,2,ardakarakas
2662,16472830,weimean,"2026-07-23 00:20:25",665.5,2,gtwm98
2663,16392076,EmperorGodking,"2026-07-24 05:07:10",665.4,2,emperorgodking
2664,16374279,"Aman Atar","2026-07-26 16:20:51",665.4,2,amanatar
2665,16375340,Mewrone-X,"2026-07-28 10:29:09",665.3,2,"kentokodama,xhiroron,xkorosuke"
2666,16380229,"Kaiba Corporation","2026-07-12 04:11:32",665.0,2,mkesen
2667,16372539,Takibi,"2026-06-24 23:57:19",665.0,2,takibi
2668,16394075,PLAYERshi,"2026-06-28 16:40:55",665.0,2,playershi
2669,16430069,"Antonino Zumbo","2026-07-27 23:23:03",664.9,2,olliz92
2670,16559682,oftitzhi,"2026-07-28 03:22:51",664.9,2,oftitzhi
2671,16388551,monicrew,"2026-07-26 11:55:21",664.7,2,"erikatakada,itaosan,kentatakeo"
2672,16414814,"Kan #2","2026-07-07 13:07:08",664.7,2,kantamotohashi
2673,16586742,"Ricardo Paizinho","2026-07-25 04:17:56",664.6,2,ricardopaizinho
2674,16371898,platypus2000jp,"2026-06-18 03:02:44",664.4,2,platypus2000jp
2675,16378990,Bakuney,"2026-06-21 06:06:19",664.4,2,kunipoke
2676,16384331,sury,"2026-06-30 00:06:17",664.2,2,suryii
2677,16475995,marc_town,"2026-07-20 02:35:49",664.1,2,marctown
2678,16404846,Dmitriy,"2026-06-21 11:34:38",663.9,2,dmitriybty
2679,16378899,"I wanna be the very best","2026-07-12 15:25:14",663.9,2,"elisenerissa,ferterahadi,ninjainjapan,ongszeyin"
2680,16373491,"hiroki ogata","2026-06-18 15:03:34",663.9,1,hirokiogata0825
2681,16597194,zhiyue666,"2026-07-25 06:14:28",663.9,1,zhiyue666
2682,16402097,"Kengo Yoko","2026-07-11 06:08:44",663.8,2,kengoyoko
2683,16390283,pipperv,"2026-07-06 01:46:22",663.7,2,pipperv
2684,16441579,"kosuke uematsu","2026-07-06 04:27:31",663.5,2,kosukeuematsu
2685,16378569,YT,"2026-07-14 12:35:39",663.5,2,yutatkd
2686,16448901,"Theodore Bennett","2026-07-26 12:36:03",663.4,2,sayidl
2687,16454463,"Jack Yeung","2026-07-28 14:17:29",663.3,2,"redoctopusk,youngjack123"
2688,16387153,Hahnter,"2026-07-23 06:02:39",663.3,2,zachhahn
2689,16404091,OSZ8,"2026-06-22 03:28:52",663.3,2,oscarz8
2690,16470093,One,"2026-07-02 11:34:28",663.2,2,moderantnoukoussi
2691,16395111,dararu,"2026-07-23 08:11:10",663.1,2,vochicong
2692,16438909,TaSuy,"2026-07-01 08:47:13",663.0,2,taikiyoneyama
2693,16598731,ストール,"2026-07-28 15:15:08",662.9,2,"eniakutagawa,wallstall"
2694,16400975,Kristian,"2026-07-25 07:33:18",662.8,2,aldisued
2695,16379819,"hardik rathod","2026-06-22 06:05:21",662.8,2,hardikrathod001
2696,16371979,"Natalia Jaśkowska","2026-06-25 13:38:45",662.7,2,nataliajakowska
2697,16408448,h_noson,"2026-07-03 10:57:48",662.6,2,hnoson
2698,16375591,dafujii,"2026-06-19 07:58:45",662.2,2,daikifujii
2699,16380628,taku_sid,"2026-07-15 11:32:17",662.1,2,takusid
2700,16447882,"Galactic Adminz","2026-07-06 23:01:21",662.0,2,"hydreigon,jpgeib,naqibahmedkadri,sidharthkumarpradhan"
2701,16483066,yayayabebe,"2026-07-25 16:22:58",661.9,2,yayayabebe
2702,16405045,"half pizza","2026-06-23 13:15:29",661.9,2,halfpizza
2703,16397773,SuicuneGS,"2026-06-30 09:26:09",661.9,2,suicunegs
2704,16591372,"Agustín Arellano","2026-07-25 00:27:13",661.8,2,agustnarellano
2705,16488958,"Matsumoto Takeru","2026-07-21 14:21:28",661.6,2,matsumototakeru
2706,16513071,XiaoYan12,"2026-07-26 17:15:16",661.6,2,xiaoyan12
2707,16404909,"Edward Lue Chee Lip","2026-07-11 04:43:31",661.5,2,edwardluecheelip
2708,16372229,goncharo,"2026-07-08 13:59:51",661.4,1,goncharo
2709,16406623,keith,"2026-07-26 13:40:19",661.4,2,kamatt
2710,16374302,Will,"2026-07-28 16:56:00",661.1,2,wguesdon
2711,16382565,Jerryssk31,"2026-07-22 01:55:31",660.9,2,jerryssk31
2712,16387832,salmon2nd,"2026-07-22 20:11:01",660.9,2,salmonjiro
2713,16394479,"Jason Anderson","2026-07-24 00:52:42",660.7,2,jander6364
2714,16593110,yuki0731,"2026-07-28 13:20:21",660.7,2,yuki0731
2715,16388956,micchy,"2026-07-09 12:22:57",660.5,2,micchy326
2716,16444705,mmath2,"2026-07-04 06:15:47",660.5,1,mmath2
2717,16376033,"Mega LayerEX","2026-07-28 16:05:09",660.3,2,"kuto0633,shimacos,skntbass"
2718,16430712,"MD. Nazmus Sakib Anik","2026-07-16 19:11:57",660.2,2,beyondlogic
2719,16600240,DavidFreelan,"2026-07-28 03:19:53",660.1,2,dfreelan
2720,16387416,ryopulse,"2026-06-23 09:12:53",660.0,2,ryopulse
2721,16496887,bkrumms,"2026-07-23 00:03:02",659.9,2,bkrumms
2722,16372849,Pech1,"2026-07-21 14:24:07",659.9,2,pechi998244353
2723,16597318,"Hiroaki Inokuchi","2026-07-25 07:39:07",659.8,2,lippy20260725
2724,16405011,MeWe,"2026-07-25 21:26:49",659.8,2,luizguilhermebonadio
2725,16375546,\bleel00,"2026-07-28 00:06:45",659.7,2,bleel00
2726,16418253,ToGaChan,"2026-07-21 09:52:56",659.7,2,togachan
2727,16382865,"Kazuki Shiraishi","2026-07-23 09:39:49",659.6,2,shirapon24
2728,16406814,溶岩,"2026-06-23 13:02:12",659.6,2,yoganmagin
2729,16379613,Yotsuba_4848,"2026-06-21 16:00:03",659.5,2,yotsuba4848
2730,16371549,"Kunal Aarse","2026-07-27 18:11:19",659.4,2,"evansussex,kunalinfinite"
2731,16467439,"Luca Torre","2026-07-20 14:58:06",659.2,2,lucatorre
2732,16382112,"Shuri Ikeno","2026-07-20 15:27:08",659.2,2,shuriikeno
2733,16373993,"Kohei #2","2026-06-17 16:29:51",659.2,2,koheiterashita
2734,16397498,Pumpkin@Pokeca,"2026-06-29 06:02:17",659.2,1,pumpkinpokeca
2735,16425970,"Nicolai Karcher","2026-06-26 20:42:21",659.0,2,pejophylo
2736,16373583,"Pokemon Garı Gacıyo","2026-07-24 00:24:54",658.9,2,"ahmedberatozer,alperen5252525,baranakyldz,seyitkaangunes"
2737,16376936,"Tak Jim","2026-06-17 13:07:21",658.9,2,tak3jim
2738,16382511,"shu-tanuma ","2026-06-20 05:20:59",658.9,2,shutanuma
2739,16495007,winstonton,"2026-07-09 15:38:17",658.9,2,winstonton
2740,16404677,S3R3Bii,"2026-07-21 02:59:55",658.8,2,jamesjeaniv
2741,16463095,"Masayuki Ueno","2026-07-28 16:05:56",658.7,2,agoringang
2742,16412064,illunome,"2026-07-17 14:55:27",658.5,2,tergelmunkhbat
2743,16385824,"[Deleted] 0e0ece22-59bf-4783-a38a-548ae01e7bea","2026-06-18 21:44:00",658.3,2,del=11a4fcd604048af3
2744,16509524,"Pelayo Puerta","2026-07-12 08:33:19",658.3,2,pelayopuerta
2745,16403917,Hidaka,"2026-06-21 05:47:20",658.3,1,hidakatsubasa
2746,16603144,"Kevin Soto Burgos","2026-07-27 22:21:33",658.1,2,kevinsotoburgos
2747,16432932,"HOUSEI Inc.","2026-07-28 15:03:44",658.0,2,"feluck,harutok,hidema,sonhoutei,wujinyi5"
2748,16378130,kinakomochi,"2026-06-18 06:03:37",658.0,2,kinakomochi
2749,16600882,"Anish Gharat","2026-07-26 15:50:09",658.0,2,anishgharat
2750,16375793,nyoomp,"2026-06-18 03:37:04",657.9,2,paul374
2751,16383962,sola_vrc,"2026-07-28 06:00:39",657.9,2,solavrc
2752,16374634,yukinoka,"2026-06-27 18:44:42",657.9,2,yukiinokaa
2753,16382322,yanakatsu,"2026-06-26 15:42:19",657.8,2,yanakatsu
2754,16418974,mikelou1,"2026-07-28 11:49:10",657.8,2,mikelou1
2755,16514109,"James Cann","2026-07-19 00:01:13",657.8,2,jamescann
2756,16403408,meteoru,"2026-06-20 17:40:03",657.6,1,meteoru
2757,16374915,kevin28gou,"2026-07-05 09:51:30",657.4,2,kevineen
2758,16482038,team-N24,"2026-07-05 13:46:25",657.4,2,"hiroyukitanaka50s,kentaroono,nekot0"
2759,16383933,namachiya,"2026-06-17 19:35:16",657.4,1,namachiya
2760,16376532,"Ryosuke Takeda","2026-06-25 01:00:42",657.4,2,ryosuketakeda
2761,16377107,cp11122,"2026-07-28 11:32:05",657.2,2,cp11122
2762,16383407,yoshi,"2026-06-27 20:27:37",657.0,2,yoshikisatoh
2763,16408376,NomiBoo,"2026-07-12 06:51:16",656.8,2,nomiboo
2764,16458803,"FC Crustacean","2026-07-28 13:40:28",656.7,2,dauriel
2765,16509753,"TCG Curator","2026-07-23 23:25:30",656.7,2,danielwatabe
2766,16408249,"Ryosuke SHIMIZU","2026-07-06 19:42:45",656.6,2,tttgazerttt
2767,16427901,RyotaNakanishi,"2026-07-16 07:56:35",656.6,2,ryotanize
2768,16379435,chenyZan,"2026-07-28 10:47:37",656.5,2,chenyzan
2769,16387464,kkkk,"2026-07-28 16:01:23",656.4,2,kkkk4649
2770,16493834,浅田浩一,"2026-07-23 14:09:32",656.3,2,asadakouichi
2771,16374538,"Aaron Fletcher","2026-07-07 00:43:20",656.3,2,aaronfletcher
2772,16380893,"Kimiaki Nakamura","2026-06-25 10:15:29",656.2,2,kimiakinakamura
2773,16402915,leocrivels,"2026-06-26 12:56:30",656.2,2,leocrivels
2774,16373867,tomoki225255,"2026-07-26 14:46:32",656.2,2,tomoki225255
2775,16417069,TimmyX,"2026-07-13 16:13:39",656.2,2,timmyx
2776,16569336,"Bulan Mei","2026-07-19 09:31:16",655.9,1,drbrownm
2777,16376775,"TrustHub hiroingk","2026-06-18 08:20:23",655.8,2,hiroingk
2778,16386043,skorry,"2026-06-21 08:52:44",655.8,2,skorry
2779,16442679,"Lam Mo Kit ","2026-07-28 07:49:23",655.8,2,lammokit
2780,16385289,"yuichiro miyamae","2026-06-18 02:27:32",655.8,2,yuichiromiyamae
2781,16604480,kk.13kk,"2026-07-27 07:30:13",655.7,1,kk13kk
2782,16380494,ryupoke,"2026-07-12 12:28:18",655.7,2,ryupoke
2783,16475086,tamoko,"2026-07-27 10:46:54",655.7,2,tamoko
2784,16371970,mrk,"2026-07-28 14:15:44",655.7,2,matsubaratakuji
2785,16588478,ooxKxoo,"2026-07-23 08:02:55",655.6,2,ooxkxoo
2786,16395810,Oddball45000,"2026-07-12 16:52:59",655.4,2,oddball45000
2787,16390808,"THE TORQUE WRENCHES","2026-07-28 16:31:26",655.3,2,"akicolor,lutramasaki,mameta"
2788,16376065,泣きむしサメチャン,"2026-07-28 16:55:15",654.9,2,gengen1012
2789,16388406,K3nsho,"2026-06-21 17:18:57",654.8,2,kenshomiyasaka
2790,16416086,ksew364,"2026-07-26 10:49:58",654.7,2,ksew364
2791,16515838,roy,"2026-07-28 15:57:11",654.7,2,yanhuiwang01
2792,16420131,hiroki596,"2026-07-25 13:46:21",654.6,2,hiroki596
2793,16385382,KentoKuri,"2026-07-28 12:36:00",654.1,2,kentokuribayashi
2794,16501201,HS,"2026-07-26 20:40:16",654.0,2,"haiyuesun,in5an1tywho"
2795,16417302,hbchao,"2026-06-23 00:48:14",654.0,1,hbchao
2796,16375780,CurveCowboy,"2026-07-15 14:05:09",653.9,2,curvecowboy
2797,16371393,"Tahsin Arafat","2026-07-28 01:18:37",653.8,2,tahsinarafat
2798,16398204,"Kaung Htet San","2026-06-24 05:38:29",653.8,2,kaunghtetsan275
2799,16511323,Suchai,"2026-07-28 16:52:21",653.3,2,"chairispumchai,tansuchin"
2800,16489511,PowerLawsEverywhere,"2026-07-11 13:50:57",653.3,2,powerlawseverywhere
2801,16372222,lkevincc,"2026-07-28 15:28:53",653.3,2,jjsdfd22
2802,16424506,Wawa_shizuka,"2026-07-20 03:00:22",653.3,2,wawashizuka
2803,16373808,"Yuka,Ota","2026-07-28 16:52:02",653.2,2,yukaika
2804,16609243,qiuqiu,"2026-07-28 14:22:51",653.2,2,qiuqiuh
2805,16372832,"Dian Deng","2026-07-05 02:54:37",653.0,2,diandeng
2806,16378357,kash2031,"2026-07-21 03:06:27",652.9,2,kash2031
2807,16451815,HSBMAX,"2026-07-28 12:34:45",652.9,2,mdiciohack
2808,16376176,Kakeru,"2026-07-09 06:46:50",652.8,2,kakeruyoshinaga
2809,16532173,"Piplup Squad","2026-07-23 00:11:26",652.8,2,yyleaves
2810,16512470,"Tomoki Tanzawa","2026-07-11 02:30:17",652.7,2,tomokitanzawa
2811,16378360,"ABC Leokin-TV","2026-07-01 01:13:57",652.6,2,abcleokintv
2812,16382738,joshuachoo,"2026-06-30 13:56:57",652.5,2,joshuaachoo
2813,16385371,"Shoya Kurokawa","2026-06-19 22:17:31",652.4,2,shoyakurokawa
2814,16373998,yusuke0723,"2026-06-18 09:02:09",652.4,2,yusuke0723
2815,16372899,"Lurk Shade","2026-07-03 04:15:22",652.3,2,lurkshade
2816,16377823,おやつパンダ,"2026-06-26 15:41:32",652.2,2,yoichi0839
2817,16373843,okayu777,"2026-06-20 16:29:47",652.2,2,okayu777
2818,16551477,"Sammarieo Brown","2026-07-20 08:40:21",652.1,2,sammarieobrown
2819,16378672,yamamekko,"2026-06-23 05:52:44",651.9,2,yamamekko
2820,16556869,"Nikita Romanenko","2026-07-28 17:03:31",651.8,2,juniorromanenko
2821,16401131,hiroshun,"2026-07-04 05:20:35",651.8,2,hiroshun
2822,16382081,OchiAI820,"2026-07-16 14:42:57",651.8,2,"dasoku,ochiai820"
2823,16385953,Ajishio,"2026-07-25 12:52:31",651.8,2,ajishio
2824,16402994,"SHOICHIRO NISHIDA","2026-07-06 01:51:19",651.7,2,shoichironishida
2825,16411931,"Amon Suzuki","2026-07-26 15:29:59",651.7,2,amonsuxuki
2826,16425691,nishikun,"2026-07-21 17:34:45",651.6,2,nishikun1216
2827,16513546,EUGENEYEUNG,"2026-07-28 03:32:25",651.4,2,eugeneyeung
2828,16389573,"Shu Kato","2026-07-18 10:14:41",651.4,2,"kamasho,shukato"
2829,16415235,surugawannoebi,"2026-07-07 18:49:21",651.4,2,surugawannoebi
2830,16382768,tanitou,"2026-06-23 03:02:15",651.2,2,tanitou
2831,16465251,"tsing hua","2026-07-03 16:10:00",651.2,2,tsinghua666
2832,16425929,sqdhnt,"2026-07-21 04:50:38",650.9,2,sqdhnt
2833,16609655,flop,"2026-07-28 12:47:45",650.8,1,yyysss1
2834,16573544,guragura_0702,"2026-07-20 06:38:29",650.8,1,guragura0702
2835,16376399,kashort,"2026-07-02 08:03:45",650.6,2,kashort
2836,16427183,mokemokemokemoke,"2026-06-24 12:09:17",650.6,1,mokemokemokemoke
2837,16394178,"Raunak Dey","2026-07-28 05:10:26",650.5,2,raunakdey07
2838,16377539,mands,"2026-06-18 09:09:21",650.4,2,masudashun
2839,16402072,長野秀俊,"2026-06-25 02:35:52",650.3,2,hidetoshi602
2840,16372335,"Baidalin Adilzhan [dsml.kz]","2026-07-27 16:03:24",650.3,2,baidalinadilzhan
2841,16371791,MeMu,"2026-07-12 12:34:40",650.2,2,memutsuki
2842,16372632,YukihiroMaeda,"2026-06-27 07:18:56",650.2,2,yukihiromaeda
2843,16547968,KGIN,"2026-07-27 23:19:49",650.1,2,kityugin
2844,16384139,"keito k4","2026-06-18 14:09:26",649.9,2,keitok4
2845,16440959,hosoka-r,"2026-06-27 02:32:37",649.3,1,hosokar
2846,16437037,Abhinav_Abhinav_the_one,"2026-07-22 18:11:33",649.3,2,abhinavabhinavtheone
2847,16407243,SeaEag1e,"2026-06-27 06:54:58",649.3,2,seaeag1e
2848,16388403,ゆしりめ,"2026-06-18 11:57:10",649.1,1,yuthirime
2849,16374579,uuji-qvp,"2026-07-26 20:09:20",649.1,2,uujiqvp
2850,16374256,Hayauchiwasabi,"2026-06-18 00:17:05",649.1,2,kaiikeda
2851,16428287,"Arkat Khassanov","2026-06-24 15:13:09",649.1,1,arkatkhasanov
2852,16399265,yashilinnnnnn0216,"2026-07-27 08:27:44",648.9,2,"shioyas,yamada102336,yashilinnnnnn0216"
2853,16482388,agedashi_touhu,"2026-07-22 22:25:53",648.9,2,agedashitouhu
2854,16373707,VMelville,"2026-06-21 17:34:31",648.9,2,vmelville
2855,16462942,"Seymour Schmidt","2026-07-03 03:20:40",648.8,1,angrybread
2856,16580392,"Faith Ogundimu","2026-07-28 17:21:06",648.6,2,faithogun
2857,16511624,芦澤　潤,"2026-07-09 08:11:32",648.6,1,aszwjn
2858,16510481,"MEWTWO CANT WIN","2026-07-13 07:04:26",648.3,2,mewtwocantwin
2859,16383304,BuffaloMike,"2026-06-19 15:34:46",648.2,2,buffalomike
2860,16389186,Ry_Sa,"2026-06-21 11:30:53",648.1,2,ryqsaq
2861,16381197,SoPro,"2026-06-19 00:44:34",648.1,2,"ddrtraveler,fuzorizumu,meshigakari"
2862,16464688,soranaki0404,"2026-07-01 14:35:16",648.0,2,naki0404
2863,16432706,nnadrian,"2026-06-29 22:07:39",647.8,2,nnadrian
2864,16428200,tsuvo,"2026-06-29 03:51:04",647.8,2,shotarootsubo
2865,16372779,Dancing_RYAN,"2026-07-09 12:37:05",647.7,2,res1235
2866,16373221,Ohnishiiii,"2026-06-26 07:54:32",647.6,2,keisukeonishi
2867,16385247,h_jun,"2026-06-24 02:54:29",647.5,2,lhjoon77
2868,16384715,keigo_take,"2026-06-17 22:19:01",647.4,1,keigotake
2869,16540111,Irabala,"2026-07-28 12:50:18",647.4,2,irabala1
2870,16400957,"AKIRA TAKADA","2026-06-24 16:02:03",647.0,2,akiratakada
2871,16607155,"Madiyar Khamzanov","2026-07-28 15:21:38",647.0,2,mkhamzanov
2872,16377307,"Akifumi Okubo","2026-07-20 19:06:45",646.7,2,paracanthurus
2873,16585879,Santhana,"2026-07-25 15:05:20",646.6,2,santhanalekshmic
2874,16372740,SunaD0630,"2026-07-28 11:01:27",646.5,2,sunad0630
2875,16381937,加藤連太郎,"2026-07-12 03:09:21",646.5,2,rentarokato
2876,16550928,"Vignesh Reddy Julakanti","2026-07-18 21:17:17",646.4,1,vigneshreddyju
2877,16552293,"Matteo Pintore","2026-07-28 14:43:22",646.3,2,matteopintore
2878,16374742,"Gotta Prompt ’Em All","2026-07-02 13:55:45",646.2,2,mik123456
2879,16377190,mochamocha_Y,"2026-07-28 07:14:58",646.0,2,mochamochay
2880,16569696,NineThree,"2026-07-21 07:33:52",645.9,2,xiaoazuzong
2881,16606659,Yuu7777,"2026-07-28 14:20:38",645.8,2,yuu7777
2882,16390204,1000PARTY,"2026-07-08 23:10:57",645.7,2,"osadayuiki,sisfelia"
2883,16387389,DaiPh,"2026-07-28 15:42:46",645.6,2,"jumpingdaidai,phoebe0511"
2884,16371445,KuzmichTheVeshkin,"2026-07-14 00:16:03",645.6,1,"eviltsundera,loonypenguin,veshkinartem"
2885,16414343,"Kazuya Shiroshita","2026-06-29 13:13:23",645.5,2,kazuyashiroshita
2886,16432931,warabiimu,"2026-06-28 12:47:01",645.5,2,"harunnwaaaa,warabiimu"
2887,16556955,"Sinan Calisir","2026-07-25 07:36:24",645.4,2,snnclsr
2888,16377595,Mark`n,"2026-06-17 06:06:14",645.3,2,masarusanada
2889,16375766,"Ten Uchikawa","2026-06-29 11:23:18",645.1,2,tenuchikawa
2890,16382642,pokecard_kaggle,"2026-07-22 15:47:14",645.0,2,pokecardkaggle
2891,16383648,idk,"2026-06-26 07:21:28",644.9,2,erraticum
2892,16376419,VAAAANG,"2026-06-19 16:57:42",644.9,2,vaaaang
2893,16584097,HoaCaiTeam,"2026-07-28 17:06:06",644.9,2,"harrylute,khoaphamdang123,vthiphm"
2894,16440704,"Fidèle José kOUAGOU","2026-06-26 23:54:49",644.8,1,fidlejoskouagou
2895,16404856,chiri.,"2026-06-27 16:10:46",644.7,2,so10436
2896,16544358,"Kyuhwan Cho","2026-07-20 09:07:36",644.7,2,octoarden
2897,16421245,"Hiroshi U","2026-07-03 00:15:00",644.6,2,hiro0921
2898,16391117,moeuuu,"2026-06-26 23:33:10",644.6,2,moeuuu
2899,16388358,yskt_min,"2026-06-19 11:44:00",644.6,1,ysktmin
2900,16386877,"[Deleted] b62b5e0a-0771-47bf-93b0-1d6d0c94542f","2026-06-29 02:05:29",644.6,2,del=60666b9afa732c84
2901,16376430,Garchomp,"2026-07-28 09:05:26",644.5,2,ryotaeki
2902,16394697,Magikarp0916,"2026-06-20 11:10:18",644.5,2,magikarp0916
2903,16377483,箕面からこんにちわ,"2026-06-18 03:10:41",644.5,1,mamoruch
2904,16404193,"Shubham Choudhary","2026-06-21 09:31:16",644.3,2,shubhch32
2905,16460538,"Baby-Doll Eyes","2026-07-20 19:39:47",644.2,2,"elliotcmh,jonathansin,szehonyin"
2906,16375840,わかくさコーン,"2026-07-05 11:23:14",644.2,2,kumakuratomoya
2907,16470869,ITF_Esys_Kasu,"2026-07-28 14:19:27",644.1,2,"roshirif,wabisabiwasabi,zumizumi0625"
2908,16375535,Ryon,"2026-06-27 23:02:02",644.1,2,ryonzhang36
2909,16397169,Yorukuma,"2026-07-26 05:39:29",643.9,2,yorukuma
2910,16390165,"LIn Lin","2026-07-12 10:50:05",643.9,2,"andyyou,linbao2001"
2911,16384578,eierapfelxx&OYAMA,"2026-07-26 14:58:16",643.9,2,"eierapfelxx,oyama001"
2912,16415413,RosieLi0626,"2026-07-19 23:04:47",643.8,2,rosieli0626
2913,16382252,suwat513,"2026-07-25 10:30:39",643.7,2,suwat513
2914,16434592,"Collatz conjecture","2026-07-28 00:55:08",643.6,2,testloc
2915,16383061,塩尻祐大,"2026-06-20 18:29:43",643.6,2,yudaivstar
2916,16393604,yoiki,"2026-06-26 04:29:38",643.5,2,yoshiakiishihara
2917,16484471,isLawliet,"2026-07-24 07:40:22",643.5,2,islawliet
2918,16407833,ArthurDa,"2026-06-26 17:42:48",643.4,2,arthurda
2919,16374021,（かえる）,"2026-07-22 13:22:19",643.3,2,kaeru039
2920,16429048,"Sean Jones","2026-07-18 17:51:57",643.0,2,seanjones444
2921,16374334,"Kenshin Kikuchi","2026-06-29 10:49:11",643.0,2,kenshinkikuchi
2922,16386375,mk,"2026-06-18 10:57:41",642.9,1,koshiromurai
2923,16424883,"salty bear","2026-06-24 05:07:44",642.9,1,shiomunny
2924,16383118,pokemob,"2026-06-22 11:55:23",642.9,2,pokemob
2925,16423313,balake235,"2026-06-29 17:03:18",642.7,2,balake235
2926,16388698,ItsukiYamamoto,"2026-06-21 01:34:59",642.7,1,takotopusu
2927,16378648,"Andrew Daniels","2026-06-17 10:36:51",642.6,2,andrewdanielsaus
2928,16445750,サングラスクマ,"2026-07-26 07:44:14",642.5,2,chikotasu
2929,16448353,HaruFu,"2026-06-29 12:47:04",642.5,1,harufu
2930,16387911,"Woohyun Nahm","2026-07-20 10:55:26",642.4,2,woohyunnahm
2931,16515399,Hungchien,"2026-07-16 05:23:11",642.3,1,hungchienpter
2932,16409208,"Sky kun","2026-07-26 12:24:03",642.2,2,skykun
2933,16472469,TanmayxD,"2026-07-05 16:48:15",642.2,2,tanmayxd
2934,16373503,Pensuke,"2026-07-14 12:44:03",642.1,2,"pensukecube,rintarokoide"
2935,16383299,Twil3akine,"2026-06-21 01:55:16",642.1,2,twileakine
2936,16373853,Pokkén,"2026-07-26 15:38:45",642.0,2,"denpa92,tcgengine,viewlagoon"
2937,16501044,"Songyot P","2026-07-27 17:06:52",641.9,2,songyotpi
2938,16408484,ko_fusion_JPN,"2026-07-28 00:00:21",641.9,2,kofusionjpn
2939,16373672,Yamadai,"2026-06-18 06:02:36",641.8,2,yamamotodaiki00
2940,16379345,0xWhalet,"2026-06-18 09:00:39",641.6,2,whalet
2941,16375552,yousan,"2026-06-18 04:16:40",641.5,2,ayousanz
2942,16373461,Aslan168,"2026-06-19 17:39:56",641.4,2,aslan168
2943,16371435,"Suzuki Mari","2026-07-27 11:01:01",641.3,2,suzukimari
2944,16374441,"Finlay Anderson","2026-06-17 01:00:15",641.2,2,finlayanderson
2945,16376304,Ervey,"2026-07-28 07:24:51",641.2,2,"angelcaramn,erveyg"
2946,16431830,"kaneko takafumi","2026-07-26 08:22:14",641.0,2,kanekotakafumi
2947,16459058,"xiao long745","2026-07-26 23:35:24",640.7,2,xiaolong745
2948,16375544,YukiMaitani,"2026-06-17 23:58:19",640.6,1,yukimaitani
2949,16555683,"joji yanagii","2026-07-16 15:20:18",640.6,1,jojiyanagii
2950,16392085,ElephtAI,"2026-07-15 08:26:37",640.5,2,yuchengj
2951,16386071,R.Kaikura,"2026-06-18 09:05:07",640.4,1,higodm2
2952,16385544,CourtB559,"2026-06-21 19:49:47",640.2,2,courtb559
2953,16392227,matsubarajotaro,"2026-06-23 03:45:01",640.1,1,matsubarajotaro
2954,16395692,toiru1999,"2026-07-05 15:55:48",640.0,2,toiru1999
2955,16379476,MasaPokemon,"2026-07-28 08:32:43",639.9,2,masapokemon
2956,16402239,hinata1119,"2026-06-20 13:37:02",639.9,1,hinatafukasaku
2957,16374525,okg,"2026-07-13 05:56:23",639.8,2,okgggg
2958,16394762,"Y M","2026-07-10 15:48:44",639.8,2,ym0207
2959,16559390,"Kai Ikuta","2026-07-17 12:41:01",639.8,1,ikkunjyanaika
2960,16383777,maniginam,"2026-07-28 00:00:07",639.7,2,maniginam
2961,16381500,yomogi221,"2026-06-17 12:56:21",639.6,1,yomogi221
2962,16373644,yankoGPT,"2026-06-26 03:12:30",639.5,2,"machi70,sota365,yamamoto908"
2963,16381805,"Iwakiri Takuya","2026-06-18 13:15:04",639.5,1,iwaktaku
2964,16404708,Bijiumi,"2026-07-26 21:17:03",639.5,2,bijiumi
2965,16373017,EL,"2026-07-13 00:45:12",639.4,2,raphaelgusmao
2966,16534703,"Igor Khomyanin","2026-07-21 06:55:54",639.3,2,igorkhomyanin
2967,16571449,smithhoo,"2026-07-19 17:29:13",639.3,2,smithhoo
2968,16375401,Ruhex,"2026-07-07 04:01:11",639.3,2,ruhex9258
2969,16464066,Locomorange,"2026-07-09 09:59:13",639.2,2,locomorange
2970,16414861,Wellch,"2026-06-22 14:21:46",639.2,1,wellch
2971,16497982,joinus,"2026-07-28 15:10:49",639.0,2,joinus2003
2972,16406178,inbalkiv,"2026-06-29 19:54:56",638.9,2,inbalkiv
2973,16381878,DaisukeFukuda6636,"2026-06-18 13:00:52",638.8,2,daisukefukuda6636
2974,16391190,keidroid,"2026-07-28 14:56:46",638.8,2,keidroid
2975,16396502,TheDigitalCK,"2026-07-28 15:26:55",638.7,2,thedigitalck
2976,16375124,openrasmus,"2026-06-19 18:04:54",638.7,2,openrasmus
2977,16380730,hashimu,"2026-06-28 06:47:20",638.5,2,hashimu
2978,16542101,AryaT,"2026-07-14 17:10:28",638.3,2,aryamachinelearning
2979,16378645,小山佳祐,"2026-06-17 08:34:14",638.2,2,keisukefbr
2980,16391863,cannotflypig,"2026-06-24 04:34:02",638.1,2,cannotflypig
2981,16380862,"Famous VibeCoder On The Earth","2026-07-28 08:13:17",638.0,2,"chenstillstude,jevanmarcelius,sikuree"
2982,16380522,ToMo,"2026-06-18 14:08:53",637.9,2,tomohiroh
2983,16378992,rlpokemon,"2026-07-03 08:09:31",637.7,2,taurids
2984,16383855,"Zer0 Karat","2026-07-28 14:19:18",637.7,2,zer0karat
2985,16541620,"zzz zzz6789","2026-07-15 13:28:20",637.7,2,zzzzzz6789
2986,16584855,KeineAhnung810975,"2026-07-28 07:44:24",637.6,2,keineahnung810975
2987,16376152,hookbook,"2026-07-01 02:57:19",637.6,2,hookbook
2988,16379869,kekekk,"2026-06-17 09:52:56",637.6,2,kekekk
2989,16504095,たかゆき,"2026-07-12 08:43:30",637.6,2,takayuki0127
2990,16402264,xue1213,"2026-06-23 16:32:56",637.5,2,xue1213
2991,16372292,yamy893,"2026-07-28 14:39:48",637.4,2,yamy893
2992,16382403,Shake912,"2026-07-27 13:15:58",637.3,2,shake912
2993,16375767,Dracufeuer,"2026-06-29 06:40:18",637.3,2,"behrouzbarati,hollenfoc"
2994,16609012,brxdrlq,"2026-07-28 16:20:48",637.2,2,brxdrlq
2995,16402105,Kitaev,"2026-07-26 14:19:58",637.2,2,takumihikichi
2996,16481635,"Tanaka Chiromo","2026-07-12 15:29:40",637.2,2,tanakachiromo
2997,16377792,ASAGAO,"2026-07-03 09:11:14",637.2,2,shunsukenaito
2998,16384037,inu1234567,"2026-06-19 07:02:32",636.8,2,inu1234567
2999,16385646,BlueBuild4,"2026-07-01 13:13:14",636.7,2,bluebuild4
3000,16373654,"カツラギ シン","2026-06-18 08:43:54",636.7,2,nqxw1kqw
3001,16379617,nabepoke,"2026-06-18 06:41:00",636.6,2,nabepoke
3002,16376536,Utakata-SciFi,"2026-06-21 20:30:16",636.5,2,koarunozue
3003,16473979,"pikap pika pikaa pikachuuuuuuu","2026-07-26 10:53:26",636.5,2,"ansonshek,mayac5,sendodo"
3004,16514331,SarsaShen,"2026-07-12 17:01:54",636.4,2,sarsashen
3005,16486249,elfiaa,"2026-07-20 02:22:19",636.4,2,elfiaa
3006,16582521,Johay,"2026-07-23 19:22:52",636.2,2,joohayon
3007,16581147,Itoochu,"2026-07-28 12:12:55",636.1,2,itoochu
3008,16378303,suh-sunaneko,"2026-06-17 08:01:21",635.9,2,suhsunaneko
3009,16399970,"Tomohide N","2026-06-20 07:56:49",635.9,1,tomohiden
3010,16553914,"Anadi Gupta","2026-07-16 07:27:24",635.8,1,anadiskt
3011,16446317,あびかし,"2026-06-28 11:27:30",635.6,1,abcomsb
3012,16391315,"Teddy McBride","2026-06-22 02:00:37",635.6,2,tedcr100
3013,16386691,nomal_sheep,"2026-06-18 06:32:55",635.4,1,nomalsheep
3014,16426607,"Andrin @ Tufa Labs","2026-07-21 07:39:39",635.4,2,andrinrehmann
3015,16434060,"Sorachi KATAYAMA","2026-07-26 15:02:52",635.2,2,sorachi125
3016,16383381,Mereci,"2026-06-26 17:49:44",635.1,2,mereci
3017,16371328,"Syed Saad Hasan Emad","2026-07-28 07:25:39",635.1,2,syedsaadhasanemad
3018,16392523,sea_mountain,"2026-07-05 13:19:33",635.1,2,seamountain
3019,16382908,kimkimkirn,"2026-06-27 05:35:20",635.0,2,kimkimkirn
3020,16376364,TK-1120,"2026-06-21 23:49:37",635.0,2,tk1120
3021,16383163,yamato498,"2026-06-17 16:05:52",634.8,1,yamato498
3022,16472583,takahia,"2026-07-03 04:16:13",634.8,2,takahia
3023,16414053,タニシ,"2026-07-28 04:38:31",634.8,2,tanishiharu
3024,16406858,BinomialSheep,"2026-06-27 20:28:55",634.7,2,binomialsheep
3025,16567117,cttdrm,"2026-07-24 16:09:41",634.7,2,cttdrm
3026,16389558,"Yuki Fukamizu","2026-07-24 04:50:09",634.5,2,marketfuka
3027,16558396,"Zhou Songyu","2026-07-27 15:33:42",634.5,2,zhousongyu
3028,16380828,フクフク,"2026-06-30 09:54:43",634.4,2,hukuhukuchandayo
3029,16412526,Kaikaku,"2026-07-28 14:32:47",634.4,2,kaikaku
3030,16541652,"Cutest butt Ive ever had","2026-07-14 05:36:53",634.3,1,qurm96
3031,16402690,Keanan,"2026-07-28 17:12:42",634.2,2,citerne
3032,16389916,"Hiroshi Ikeda","2026-06-18 17:38:05",634.2,1,hiroshiikeda314
3033,16393850,"Yuji Nomura","2026-07-16 13:32:03",634.1,2,yujinomura
3034,16375434,OKDI,"2026-06-22 02:47:26",633.7,2,"kemo16858,ssk1217,toratako,yutoochi"
3035,16570030,"Hajime Ogawa","2026-07-28 13:29:04",633.7,2,hajimeogawa
3036,16389425,"Aisen Lopez-Ramos","2026-07-14 05:27:17",633.7,2,adl5423
3037,16372299,YYma1201,"2026-07-17 04:33:28",633.6,2,yyma1201
3038,16396272,"Terminal 7","2026-07-03 00:30:29",633.6,2,mry539
3039,16372843,trisector,"2026-06-17 02:06:41",633.3,2,trisector
3040,16388099,tomokawa,"2026-06-22 22:32:40",633.3,2,tomokawa
3041,16538607,"Akshat Mathur","2026-07-27 14:32:44",633.1,2,akshatmathur08
3042,16463400,guglilac,"2026-07-14 07:25:50",632.9,2,guglilac
3043,16443449,Wazowski,"2026-06-30 16:44:10",632.9,2,naoki10
3044,16380639,Indianelephant,"2026-06-17 21:20:30",632.8,2,indianelephant
3045,16434090,Steven66886688,"2026-07-01 04:52:49",632.8,2,steven66886688
3046,16373049,tanako-,"2026-07-28 02:40:03",632.8,2,tanako
3047,16514320,yogimo,"2026-07-09 22:39:03",632.7,1,yogimo
3048,16470631,DapperOctopus,"2026-07-20 18:46:33",632.5,2,jamesfiacco
3049,16378332,"Sweta Jain","2026-06-21 06:22:24",632.2,2,swetajain04
3050,16391756,"MAKOTO MATUDA","2026-07-16 01:47:23",632.1,2,makotomatuda
3051,16544667,CaMaLabs,"2026-07-27 19:04:01",632.0,2,camalabs
3052,16533269,AKhan02,"2026-07-14 23:17:39",631.9,2,akhan02
3053,16382375,"Takumi Hino","2026-06-25 18:38:52",631.8,2,na2mkn
3054,16376229,eryu1225,"2026-06-21 04:52:04",631.7,2,eryu1225
3055,16380426,snowfairytea,"2026-07-21 12:58:33",631.7,2,snowfairytea
3056,16486024,"k hakuri","2026-07-12 23:29:18",631.5,2,"hasakit,khakuri"
3057,16380063,"Leopard Jaguar","2026-06-18 03:19:54",631.4,2,hirotototo
3058,16415007,"yuki #6","2026-06-22 15:19:14",631.4,1,inuyu25
3059,16384288,"Gumi Bera","2026-07-02 21:21:16",631.4,2,gumibera
3060,16481749,"sato mozuku","2026-07-03 12:49:31",631.3,1,satomozuku
3061,16495066,Nirgenre,"2026-07-27 18:23:32",631.2,2,"evanmaksud,fahimzafri,niazmohaimanabtahi,nirgenre"
3062,16373075,"Naoki Okuda","2026-06-17 16:29:21",631.1,1,"ak33ss,kazumintya,naokiokuda"
3063,16392629,Leundai,"2026-06-23 02:19:33",631.1,2,leundai
3064,16431659,jannchie,"2026-07-18 17:58:41",631.1,2,jannchie
3065,16392550,ZAKI8742,"2026-06-19 04:34:52",631.0,1,zaki8742
3066,16460715,"Jett Huang","2026-07-28 11:03:16",631.0,2,jetthuang
3067,16372841,Leona_Giga,"2026-06-20 12:31:54",631.0,2,leonagiga
3068,16376818,StockMagikarp,"2026-07-22 03:09:20",630.9,2,"rareone0602,tommytang0122,yawei1234"
3069,16378351,ララ！ラボ,"2026-06-17 15:56:30",630.9,2,"akaaku,jokato"
3070,16395000,"tomo48""","2026-06-29 13:11:01",630.9,2,tomo48
3071,16431183,KouchSato,"2026-06-25 15:43:18",630.8,1,kouchsato
3072,16453868,Retlinac,"2026-07-28 14:00:14",630.7,2,johninan
3073,16417978,Quillbolt,"2026-07-24 08:44:43",630.6,1,tunminhhunh
3074,16386085,KodaiKatayama,"2026-06-18 05:34:57",630.6,1,kodaikatayama
3075,16397244,jskymfe,"2026-06-22 13:43:51",630.6,2,jskymfe
3076,16481113,user_san,"2026-07-28 01:43:37",630.5,2,usersan
3077,16402947,"Thomas Cook","2026-07-06 21:01:11",630.5,2,curiouskoala
3078,16394906,KentoHako,"2026-07-20 16:16:40",630.5,2,"kentohako,ypar0329"
3079,16500067,AlJan,"2026-07-25 23:04:12",630.3,2,aljannico
3080,16376157,nishiki,"2026-07-27 17:40:45",630.2,2,mnishiki
3081,16411822,"Aditya Palit","2026-07-18 15:28:22",630.2,2,epicvstuff
3082,16388857,handaiyazo,"2026-07-16 17:24:08",630.1,2,"atsuyasuzuki0905,chihoo,imanishiwataru"
3083,16378502,Kohta.F,"2026-06-19 09:33:44",629.9,2,kohtaf
3084,16602171,zzholo,"2026-07-28 06:27:04",629.8,2,zzholo
3085,16481498,"Saurabh Kumar","2026-07-25 02:00:45",629.7,2,sk25oct
3086,16548242,"Too Young Too simple","2026-07-15 12:35:33",629.7,2,yuezhuo0544
3087,16401393,amokun,"2026-07-27 22:10:50",629.7,2,amokun
3088,16447175,"Kamalesh Panda","2026-06-28 14:44:50",629.7,1,kamaleshpartha
3089,16435217,"Snow Yan","2026-07-26 02:59:32",629.7,2,snowy615
3090,16383339,"Rishiraj Acharya","2026-06-24 10:50:22",629.6,2,rishirajacharya
3091,16542313,"Min-Le Su","2026-07-15 23:29:44",629.5,2,minlesu
3092,16445397,スズキケント,"2026-07-22 10:14:20",629.5,2,suzukento
3093,16445128,Isao,"2026-07-12 01:58:10",629.4,2,utm529fg
3094,16418915,alvinwnguyen,"2026-07-26 07:38:26",629.4,2,alvinwnguyen
3095,16380504,"Tsubasa Kanno","2026-07-04 02:24:39",629.2,2,tsubasatech
3096,16380242,Nullx2,"2026-06-25 12:31:46",629.0,2,jack3low
3097,16381882,!!,"2026-07-25 03:54:53",628.9,2,nightdeer2017
3098,16372356,maximoming,"2026-07-28 16:29:16",628.8,2,maximoming
3099,16395174,kaerururu,"2026-06-28 09:02:23",628.8,2,kaerunantoka
3100,16433945,Leifson1337,"2026-07-05 21:34:06",628.7,2,leifson1337
3101,16455555,"Ryuuji Yoshinaga","2026-07-02 11:23:44",628.6,1,ryuujiyoshinaga
3102,16372043,tarou_imokenpi,"2026-06-24 11:36:12",628.5,2,tarousanimo
3103,16507405,junhyeokFP,"2026-07-13 08:14:36",628.4,2,junhyeokfp
3104,16385873,HaogeBob,"2026-06-22 03:37:26",628.4,1,haogebob
3105,16383220,"Roma Tikhonov","2026-06-21 21:36:35",628.3,2,tikhonovroma
3106,16485091,imaima,"2026-07-23 12:50:34",628.3,2,imaimakaggle
3107,16575131,tsu_22_1,"2026-07-20 12:28:46",628.2,1,tsu221
3108,16383858,"Cheshire Cat","2026-06-18 18:55:53",628.1,2,ytaka23
3109,16584403,sajarin,"2026-07-23 08:04:33",628.1,2,sajarin
3110,16562713,niraale,"2026-07-26 15:18:10",628.0,2,niraale
3111,16489533,crescent15,"2026-07-05 10:15:22",627.9,1,crescent15
3112,16382331,"Yunus Emre Sarıduman","2026-06-29 01:40:21",627.6,2,emresariduman
3113,16411779,"Kawamura Shoma","2026-06-22 04:19:21",627.5,1,kawamurashoma
3114,16378122,"Norihide Endo","2026-07-05 06:26:56",627.1,2,endoit
3115,16403838,kabukicho,"2026-06-22 22:03:53",627.1,2,kabukicho
3116,16382053,yoshi2no,"2026-06-17 13:47:34",627.0,1,yoshi2no
3117,16381138,yk724985,"2026-06-18 07:06:28",627.0,2,yk724985
3118,16552831,Tomeiser,"2026-07-26 15:13:15",627.0,2,tomeiser
3119,16379512,soyukke,"2026-07-28 02:32:34",627.0,2,soyukke
3120,16464938,Xyrhen,"2026-07-21 07:16:29",626.8,2,enriquelpeztorres
3121,16377948,"Naoki Maeda","2026-06-26 21:47:41",626.8,2,naokimaeda
3122,16383961,Paramita,"2026-06-19 15:54:36",626.8,2,paramita82
3123,16410431,"Alina Chuang","2026-07-08 15:40:57",626.7,2,"alinachuang,juvechankasemporn,shmartinchow,zdavis94"
3124,16440525,"hamza khokhar890","2026-07-04 21:36:55",626.6,2,hamzakhokhar890
3125,16378895,sieru-copan,"2026-07-11 06:39:06",626.5,2,sierucopan
3126,16386868,yuki-yukiii,"2026-06-18 09:48:43",626.4,1,yukiyukiii
3127,16386255,からし,"2026-06-21 06:49:49",626.4,2,karax66
3128,16421134,shimasoft,"2026-07-06 11:56:05",626.2,2,yoshiakishimabukuro
3129,16376518,Kyota,"2026-07-14 14:54:09",626.1,2,kyotaroizumi
3130,16386772,Kawakami,"2026-07-16 08:56:33",625.9,2,raita003
3131,16545151,"Energy Attached","2026-07-15 01:57:09",625.9,2,xuebingui
3132,16441646,大久保寿人,"2026-06-28 06:32:02",625.7,1,hisa0353
3133,16380700,KK_1999,"2026-06-17 11:31:32",625.7,2,thebigfundamental
3134,16381228,"Yuki Yanagi","2026-06-20 04:21:39",625.6,2,yyanagiras
3135,16402290,tamanegi1111,"2026-06-22 13:08:04",625.6,1,tamanegi1111
3136,16561818,"Issac “Izreal” Davis","2026-07-19 22:03:32",625.6,1,issacizrealdavis
3137,16543335,svackle,"2026-07-23 10:06:13",625.5,2,svackle
3138,16561199,Bulbasaur,"2026-07-26 12:41:43",625.4,2,gufanmingmie
3139,16433283,"Henrique Mancini Castilho","2026-06-25 20:41:30",625.4,2,sharshock
3140,16382154,宮原景信,"2026-06-19 05:01:45",625.3,2,kagenobu
3141,16410906,"Casey Bennink","2026-06-21 22:40:43",625.2,1,caseybennink
3142,16402840,greengreenpurple,"2026-06-21 06:44:33",625.0,2,greengreenpurple
3143,16459903,"Bisa 1","2026-07-26 21:26:43",624.9,2,carolinheidt
3144,16377053,Ushimaru,"2026-07-28 03:06:11",624.9,2,behindkun
3145,16552021,"Dennis Hüggenberg","2026-07-21 12:38:11",624.8,2,dennishggenberg
3146,16438316,cyan32,"2026-07-01 12:43:51",624.8,2,cyan32
3147,16537147,Ninym06,"2026-07-24 07:51:08",624.7,2,ninym06
3148,16410955,protoAgent,"2026-07-05 00:16:37",624.6,2,protolabsstudio
3149,16580016,Keisuke_kaggle,"2026-07-21 11:13:56",624.5,1,keisukekaggle
3150,16424512,Arbidos,"2026-06-24 00:40:57",624.5,1,arabidopsisthalian
3151,16398189,GS,"2026-06-21 06:29:18",624.5,2,gaisuzuki
3152,16479766,xxhogehogexx,"2026-07-06 22:57:35",624.4,2,xxhogehogexx
3153,16420862,カエル同好会,"2026-07-28 15:05:12",624.2,2,"ikaikasama,nagiya,takumifujinami"
3154,16402341,I'mAI0320,"2026-06-28 12:54:14",624.2,2,imai0320
3155,16371915,nun,"2026-07-11 04:43:14",624.2,2,ayumusaito
3156,16377404,Kokoro0711,"2026-06-18 13:14:46",624.2,2,kokoro0711
3157,16388846,"Daisuke Okada","2026-07-07 01:13:45",624.1,2,daisukeokada
3158,16381567,peacemonkey,"2026-06-17 18:35:52",624.1,2,peacemonkey
3159,16389973,HirotaSaurus,"2026-07-03 16:53:44",623.9,2,hirotasaurus
3160,16557372,"Dylan Dove","2026-07-17 22:50:08",623.5,2,dylandove
3161,16382679,ちょはん,"2026-06-20 15:25:04",623.4,2,tyohan
3162,16393213,Lonnie,"2026-07-26 04:53:11",623.4,2,lonnieqin
3163,16444968,筒井勝利,"2026-07-10 15:18:28",623.4,2,metauri
3164,16387463,"Kazuhiro Sato","2026-06-19 14:19:33",623.3,2,polarcoder
3165,16372522,PRMNC,"2026-07-27 03:12:33",623.2,2,"ichi2804,nanameru,yoheifutamura"
3166,16585402,leoYuyty,"2026-07-24 16:29:07",623.1,2,leoyuyty
3167,16389894,poijio,"2026-07-27 05:44:28",623.0,2,poijio
3168,16397215,SKMAAX,"2026-07-26 08:18:09",623.0,2,s06120takuma
3169,16564217,"SEUN OH","2026-07-25 12:40:57",622.9,2,ohseun0210
3170,16501011,runa,"2026-07-07 14:28:33",622.7,1,runa1212
3171,16401519,Gachimoto,"2026-06-25 13:04:42",622.6,2,fujimotec
3172,16405107,MushaKGL,"2026-06-21 12:58:02",622.4,1,mushakgl
3173,16375428,"Active Grass Touchers","2026-07-24 12:20:31",622.4,2,"classycheese,clhleung,dennisliu2,huggietron,kjdevaccount"
3174,16406657,"Kana Yamaguchi","2026-06-23 02:46:25",622.3,2,kanayamaguchi
3175,16543826,"Naoki Yamada","2026-07-28 10:03:59",622.2,2,naokiyamada1106
3176,16387314,"Rojiura Studio","2026-06-20 06:19:55",622.2,2,yusukenamai
3177,16382928,kuu🍣,"2026-06-28 16:55:16",622.1,2,fumiyakume
3178,16392990,"Kou Nishioka","2026-07-24 07:12:11",622.1,2,kounishioka
3179,16402531,"Tsubasa Hirose","2026-06-20 14:47:55",622.0,2,tsubasahirose
3180,16384727,"Rohit potdukhe","2026-06-18 21:38:34",621.9,1,rgpotdukhe
3181,16587008,Doranap,"2026-07-23 20:59:10",621.4,2,doranap
3182,16446325,NaoKato,"2026-06-28 10:53:43",621.4,1,naokato
3183,16417304,tyindolent,"2026-07-10 08:47:02",621.4,2,tyindolent
3184,16398756,suzume41,"2026-06-21 04:23:25",621.3,2,suzume41
3185,16381460,小野修平,"2026-07-02 00:43:06",621.2,1,littlechama
3186,16386353,"村松 大介","2026-07-01 21:50:46",621.2,2,nattoucurry
3187,16385666,Toshiko1031,"2026-06-18 03:15:01",621.0,1,toshiko1031
3188,16381527,masaxsuzu,"2026-06-17 13:27:25",620.9,1,masaxsuzu
3189,16406436,Milcrape,"2026-07-07 14:11:21",620.8,1,"hiroakina,kazz9276"
3190,16394523,TwinTV,"2026-07-04 20:24:40",620.8,2,"tinautran,yelloweevee"
3191,16375373,owaowata,"2026-06-22 15:00:21",620.7,2,owaowata
3192,16383808,TK0227,"2026-06-18 16:51:11",620.7,1,tk0227
3193,16439233,sharkself,"2026-06-26 16:41:02",620.7,1,sharkself
3194,16382548,"ToMY F.","2026-07-21 15:48:20",620.6,2,tomyfdev
3195,16428144,서재원,"2026-07-28 01:15:21",620.6,2,seojaewonskku
3196,16380804,"YUSEI SAKAI","2026-06-17 12:52:17",620.6,2,yuseisakai
3197,16494559,sho129,"2026-07-26 09:22:42",620.6,2,sho129
3198,16385999,umsyspokeka,"2026-07-06 10:08:30",620.4,2,umsyspokeka
3199,16484755,"Kana Kuroyanagi","2026-07-05 07:06:40",620.2,1,kanakuroyanagi
3200,16534061,sota1111,"2026-07-28 15:00:23",620.1,2,sota1111
3201,16407696,"Yusuf Murtaza","2026-06-24 07:55:29",620.1,2,yusufmurtaza01
3202,16376382,Obvio7,"2026-07-13 08:13:25",620.1,2,obvio7
3203,16390807,"Luca Guerra","2026-06-24 19:02:27",619.6,2,lucague
3204,16454014,Kaii,"2026-07-04 05:30:24",619.6,2,kaiikaggle
3205,16381413,tony998244353,"2026-07-12 13:57:03",619.6,2,tony998244353
3206,16386056,iwatsushi,"2026-07-20 23:27:12",619.4,2,iwatsushi
3207,16419524,折扇戏美人,"2026-06-23 17:23:26",619.4,2,qiujiawei
3208,16399502,KuboiYusuke,"2026-07-04 04:43:15",619.3,2,kuboiyusuke
3209,16389409,andmohiko,"2026-06-20 02:06:58",619.2,2,andmohiko
3210,16372916,Ichigo_E,"2026-07-05 01:16:38",619.2,2,ichigoe
3211,16375529,"Yohei Moriyasu","2026-07-08 04:08:55",619.1,1,yoheiyohe
3212,16408013,Hayhay2323,"2026-07-06 00:12:21",619.0,2,hayhay2323
3213,16385871,"James Foxall","2026-07-21 16:55:02",619.0,2,jamesfoxall
3214,16375808,ITK8191,"2026-06-19 19:21:19",618.9,1,itsuki9180
3215,16388824,norizuca,"2026-06-20 15:16:23",618.9,1,norizuca
3216,16382606,kabik,"2026-06-18 00:35:35",618.7,1,kabikk
3217,16404889,"Shion Fukuzawa","2026-06-21 21:51:14",618.5,1,shifubear
3218,16516407,takuei,"2026-07-24 03:10:44",618.3,2,takuei
3219,16374190,"aa mujou","2026-06-18 08:39:22",618.3,2,aamujou
3220,16382067,ベイズVMAX,"2026-07-28 05:08:30",618.2,2,syaron10
3221,16484524,福島広暉,"2026-07-06 04:17:22",618.1,2,kichinoai
3222,16373222,monzblog,"2026-07-12 15:03:16",618.1,2,monzblog
3223,16393228,sryo,"2026-06-24 13:55:43",618.1,2,sryo188558
3224,16399504,gon_fox,"2026-06-28 06:57:02",618.0,2,gonfox67
3225,16441104,HCRL,"2026-07-28 14:53:20",618.0,2,"irohasorange,mrooto,rahaia"
3226,16388236,tetsu31,"2026-07-24 08:47:51",617.9,2,tetsu31
3227,16381835,plume013,"2026-07-11 06:44:45",617.7,2,plume013
3228,16428771,uma.k42.mr,"2026-07-05 18:36:44",617.7,2,umak42mr
3229,16514807,"Kobayashi Sena","2026-07-14 00:54:42",617.6,1,kobayashisena
3230,16388938,osam,"2026-06-23 14:44:21",617.4,2,mitsuya2635
3231,16428020,Zak88511,"2026-07-09 12:26:42",617.4,2,zak88511
3232,16377095,miura-iori,"2026-06-26 06:25:49",617.3,2,miuraiori
3233,16451588,チャーハン,"2026-07-05 08:30:39",617.3,2,almach76
3234,16442334,Akikukeo1,"2026-07-05 11:47:19",617.2,1,akikukeo1
3235,16441395,PaShm,"2026-07-15 13:55:24",617.2,2,sugaishun
3236,16381447,"Yukari Kotoha","2026-07-14 08:14:00",617.1,2,yukarikotoha
3237,16384216,atpmara,"2026-06-19 05:19:09",616.7,2,atpmara
3238,16393588,saku_tohoku,"2026-07-11 06:54:40",616.6,2,sakutohoku
3239,16395520,oldoty,"2026-06-28 09:11:48",616.5,2,oldoty
3240,16493136,"Rikuto Sawada","2026-07-06 12:20:44",616.5,1,rikutosawada
3241,16372541,"Evex Developers","2026-07-01 07:14:04",616.4,2,"del=5942c8061baf72a5,edamamex"
3242,16382300,"Paras Sharma","2026-06-26 01:01:21",616.4,2,blazeofchi
3243,16371601,"Hayato AIDA","2026-06-22 15:23:18",616.3,2,h4eida
3244,16380831,coken256kit,"2026-06-20 07:47:03",616.3,2,coken256kit
3245,16450857,Par_Kahe,"2026-06-29 11:32:10",616.3,1,parkahe
3246,16432990,"Stas Chereshkevich","2026-07-06 18:58:28",616.2,2,staschereshkevich
3247,16403942,lackmind,"2026-07-23 13:42:43",616.1,2,lackmind
3248,16548494,"Jennifer Yang","2026-07-16 15:28:58",616.1,2,xxjennyxx
3249,16435269,Blu3s,"2026-07-28 14:50:32",615.9,2,atteincueo
3250,16380459,ytkaggleSyan,"2026-06-24 10:50:33",615.8,1,"shilatch,ytkagglesyan"
3251,16419163,Xander,"2026-07-28 07:50:49",615.7,2,canqiang
3252,16403464,Ontamasan85,"2026-06-20 16:46:49",615.6,1,ontamasan85
3253,16431717,wsdsby,"2026-07-27 05:26:33",615.6,2,wsdsby
3254,16398539,Hamachi,"2026-07-28 11:44:44",615.5,2,hamatz
3255,16574408,"Yuma Eto","2026-07-20 08:53:41",615.4,1,yumaeto
3256,16436225,yucho147,"2026-07-20 22:06:45",615.4,2,yucho147
3257,16400889,cAco3,"2026-06-24 16:42:35",615.2,2,caco3r
3258,16443408,"D kameT","2026-07-19 13:46:56",615.1,2,dkamet
3259,16380825,baudo828,"2026-06-18 14:54:09",615.1,2,baudo828
3260,16389795,"Naziba Tasnim","2026-06-18 16:15:33",615.1,1,nazcet
3261,16419994,尾崎裕基,"2026-06-24 02:41:24",615.1,1,yukio511
3262,16395207,"Abeeb Adesina","2026-07-16 04:57:53",615.0,2,adesinaabeeb
3263,16372445,ADS,"2026-07-21 13:31:19",615.0,2,hiro0920
3264,16376346,yuu2704,"2026-07-10 11:54:29",614.7,2,yuu2704
3265,16414646,"One Move Ahead","2026-07-15 07:13:48",614.7,2,mikeintokyo
3266,16392238,Jouta_123,"2026-06-19 02:38:12",614.7,2,jouta123
3267,16504008,edmnnd,"2026-07-19 18:26:02",614.6,2,edmnnd
3268,16392835,TeamSCSQ(チームスクスク),"2026-07-28 16:10:03",614.6,2,"hiroyukifuse,komage,kosukehibino,yobinoritakumi,zenichiro0419"
3269,16391619,"Edwin Ho","2026-06-19 04:29:10",614.6,1,edwinho555
3270,16372630,"Yohei Kobashi","2026-07-17 10:13:27",614.4,2,yoheikobashi1980
3271,16378273,"Yuichi Yoshida","2026-07-05 22:47:59",614.3,2,yu0000001
3272,16591008,"Chris Woolgar","2026-07-26 05:31:00",614.3,2,chriswoolgar
3273,16572731,TAKA_3118,"2026-07-23 21:57:49",614.0,2,taka3118
3274,16537303,"Bùi Đức Anh","2026-07-13 16:20:08",613.9,2,danhyoyo
3275,16479585,miyabi315,"2026-07-22 07:01:02",613.8,2,miyabi315
3276,16555483,Brianhk,"2026-07-17 17:38:08",613.8,2,brianhk
3277,16539209,"Shiv Satyam","2026-07-28 12:06:21",613.8,2,shivsatyam
3278,16381292,makosukepapa,"2026-06-25 05:15:32",613.7,2,makosukepapa
3279,16397625,"Matin Urdu","2026-06-30 10:18:20",613.6,2,"arianurdu,benediktschink,matinurdu,rahulappapogu,sethkarten"
3280,16371895,"DD Adai","2026-06-27 08:34:00",613.5,2,ddadai
3281,16379071,haru0707,"2026-06-18 10:04:24",613.5,2,haru0707
3282,16536261,ryoga,"2026-07-12 18:34:15",613.5,1,ryoga27
3283,16417933,Denki39,"2026-06-24 01:53:03",613.4,2,noctsyndrome
3284,16394351,"Momotaro YAMADA","2026-06-24 16:35:59",613.3,2,"momotaroyamada,tsudowatanabe"
3285,16378176,"hosaka kodai","2026-07-09 01:55:59",613.2,2,hosakakodai
3286,16423354,"Mr.Sriram Vaidyanathan","2026-07-23 15:10:41",613.2,2,mrsriramvaidyanathan
3287,16373347,"Tatsuya Ariga","2026-07-18 09:51:23",613.0,2,tatsuyaariga
3288,16377191,LaiCxm,"2026-07-28 03:13:40",612.8,2,laicxm
3289,16412229,Ni123456&,"2026-07-28 14:25:56",612.8,2,bingdongni
3290,16419890,"Super Mippo","2026-07-02 10:35:06",612.6,2,supermippo
3291,16371611,gosu.Kouts,"2026-06-24 00:14:52",612.5,2,gosukouts
3292,16416889,nescence,"2026-06-24 05:24:58",612.4,1,nescence0
3293,16377622,bigwave2,"2026-06-17 11:42:27",612.3,1,bigwave2
3294,16397600,dddmd,"2026-07-28 06:05:47",612.2,2,dddmdd
3295,16491957,"ok method","2026-07-11 07:59:44",612.1,2,okmethod
3296,16609882,Attacker,"2026-07-28 17:02:57",612.1,2,aleaiest
3297,16377703,AlterEgoProject,"2026-07-28 08:37:41",612.1,2,alteregoproject
3298,16382598,Aiagate,"2026-06-21 04:30:30",611.8,2,aiagate
3299,16377090,ODers,"2026-07-16 17:36:18",611.7,2,"chengyuliou,jameshunggg,kekevin,tonypai"
3300,16388797,heren-27,"2026-06-20 00:43:57",611.7,2,heren27
3301,16418613,"Taito Yoshimura","2026-06-23 12:46:33",611.6,1,taitoyoshimura
3302,16598812,guruguru000,"2026-07-25 16:20:51",611.6,2,guruguru000
3303,16488905,yamasaKit,"2026-07-28 14:45:10",611.6,2,yamasakit
3304,16378242,つるかす,"2026-06-17 07:00:50",611.5,1,lkryyoo
3305,16376790,"Hiểu Vy","2026-06-24 18:24:40",611.5,2,thangnm1
3306,16392290,"alonso bardales","2026-06-26 14:25:36",611.5,2,alonsobardales
3307,16371627,laddaL,"2026-07-24 01:50:33",611.3,2,"fumin325,hayato240,kotabrog,locol23,tkitagaw"
3308,16387413,"Ryoma Suzuki","2026-06-18 10:29:13",611.3,1,ry0maggle
3309,16604999,"Haixiang Ding","2026-07-28 00:14:25",611.2,2,bruceding123
3310,16450711,"Shivam Gupta","2026-07-04 12:55:44",610.9,2,pg541425
3311,16406840,"K MATSUI","2026-06-21 09:56:59",610.7,1,kmatsi
3312,16456438,Honty01,"2026-06-30 05:09:15",610.7,1,honty01
3313,16516023,"Kyle Bean","2026-07-14 18:30:11",610.7,2,kbean413
3314,16559420,"Ilia Iliev","2026-07-21 14:56:14",610.7,1,iliailiev1
3315,16393033,nakonisu,"2026-07-11 08:46:57",610.3,2,weaqy6yjvjxzu
3316,16595328,"Neeyam Muddappa","2026-07-25 04:02:50",610.2,1,neeyammuddappa
3317,16558193,"Nishant Dahal","2026-07-22 04:23:08",610.1,2,nishantdahal
3318,16395851,ningeeen,"2026-06-24 12:53:24",610.0,1,"kurogoma999,ningeeen"
3319,16394554,pokecrey,"2026-07-28 15:18:19",610.0,2,thalleseboli
3320,16389103,"Neko #2","2026-07-28 13:22:11",610.0,2,ootake
3321,16393041,DeepMew,"2026-07-17 17:10:42",609.8,2,yuushasama
3322,16472643,"Siqi Jia","2026-07-27 07:38:26",609.8,2,miasisi
3323,16530249,"Xiaoqing Su","2026-07-16 11:54:22",609.8,2,xiaoqingsu99
3324,16395327,Lemming,"2026-06-19 15:23:02",609.7,1,lemmingy
3325,16373157,"Yuma Takeuchi","2026-06-21 17:35:44",609.5,2,yumatakeuchi
3326,16376531,miruto,"2026-06-24 01:05:05",609.4,2,toshiyukiotake
3327,16386294,"SOUTA Sakurai","2026-07-27 03:31:45",609.3,2,soutasakurai
3328,16468554,"Giuseppe Lentini","2026-07-01 22:21:43",609.2,2,sepp1999
3329,16578596,TaoZui649,"2026-07-21 08:12:10",609.2,1,taozui649
3330,16410915,dacho,"2026-07-04 17:36:16",609.1,2,slothcafe
3331,16560485,"Venkatakrishnan R","2026-07-18 17:22:22",609.1,2,vk2003
3332,16381002,"[Deleted] a61d24f8-61c6-4d78-8adc-5e0e8a502481","2026-07-01 22:31:18",609.1,2,del=ae1097d2e7663f7b
3333,16415941,"Robert Bach","2026-07-20 19:04:26",609.0,1,baobach
3334,16377979,チーム魔剤,"2026-07-17 15:59:59",609.0,2,"kkubokawa,masugonn,momonaka"
3335,16374247,"Ingyun Ahn","2026-07-28 07:42:11",609.0,2,"ingyunahn,yutaekimdawn"
3336,16384194,"Yohei Nakajima","2026-06-27 14:20:18",608.9,2,theyohei
3337,16382438,ayaya09,"2026-06-22 09:06:30",608.5,2,ayaya09
3338,16474082,Sho,"2026-07-28 15:13:05",608.4,2,shosugise
3339,16380566,hiroyuki-sh,"2026-07-23 14:59:56",608.3,2,hiroyukish
3340,16448366,IDG,"2026-07-27 00:00:58",608.3,2,israeldiegoguerra
3341,16493258,"SongU hah","2026-07-06 08:35:09",608.3,2,songuhah
3342,16379522,hibi,"2026-06-17 18:31:41",608.3,2,hibi2571
3343,16371414,"PRANAY MANE ","2026-06-27 02:53:20",608.2,2,mpranay53
3344,16373303,"anthony mbadiwe ikeme","2026-07-14 01:43:59",608.1,2,anthonymbadiweikeme
3345,16437309,Jeon,"2026-07-06 05:55:40",608.1,2,jjeonst
3346,16386316,"Ben Xiao","2026-07-04 06:49:51",608.1,1,speccra
3347,16374017,DforDragon,"2026-07-28 15:56:49",608.0,2,dfordragon
3348,16384249,"Stanislaus Dusek","2026-06-18 11:35:55",607.9,2,stanislausdusek
3349,16376267,sakupoyoooon,"2026-06-17 07:15:19",607.8,1,sakupoyoooon
3350,16414066,Guenoir,"2026-07-19 21:51:01",607.8,2,joshuamichael15
3351,16581741,"Dipam Chakraborty","2026-07-28 16:45:25",607.8,2,dipamc77
3352,16373956,tsumuit,"2026-06-17 01:09:44",607.8,2,tsumuit
3353,16389408,PokeMoE,"2026-06-23 16:46:17",607.8,2,"oimotmg,shikachii"
3354,16372118,"Nao Komura","2026-07-24 08:36:53",607.7,2,naokomura
3355,16555621,"Vladi Ivanov","2026-07-16 15:00:28",607.7,1,vladi160
3356,16385092,"AI Agent By TYMU","2026-06-18 00:47:01",607.6,2,aiagentbytymu
3357,16374816,"Nathan Arellano","2026-07-06 15:03:43",607.6,2,nathanarellano
3358,16410656,"Dustin L","2026-07-04 18:59:45",607.4,2,lidstone
3359,16375828,fujihara,"2026-07-19 01:36:27",607.3,2,fujihara
3360,16530426,kohei222,"2026-07-18 05:45:36",607.2,2,kohei222
3361,16377401,"Bill Xu","2026-07-11 04:44:41",607.2,2,billll
3362,16395187,FMBRO,"2026-07-26 14:26:20",607.1,2,"dansawazaki,tanakayoshihito"
3363,16373070,Kaleidoooooo,"2026-06-18 03:58:24",606.9,2,"calvinshi,renjiewei"
3364,16431176,Takuma_Toda,"2026-07-04 07:11:19",606.7,1,takumatoda
3365,16508565,"Lucas Bruzzone","2026-07-09 16:24:21",606.7,2,lucasbruzzone
3366,16534257,yamashuuu,"2026-07-13 00:03:54",606.6,2,yamashuuu
3367,16459801,yuki10008,"2026-07-05 08:44:21",606.5,1,yuki10008
3368,16418277,"Sahasra Kondapalli","2026-07-07 04:05:55",606.5,1,sahasrakondapalli
3369,16479959,TAKAHIROooOO,"2026-07-03 05:36:02",606.5,1,takahirooooo
3370,16426844,Felis,"2026-07-24 10:09:14",606.2,2,ilyaafanasenko
3371,16546694,xiaowang,"2026-07-16 21:21:15",606.2,2,wanshitong
3372,16386264,みちみちすたーきんぴか,"2026-06-20 05:39:37",606.2,1,"mtmt777,nekinova"
3373,16431074,iketatsu,"2026-06-25 06:35:48",606.1,1,iketatsu
3374,16479799,"Kavin Thakur KM","2026-07-03 18:44:56",606.0,2,kavinthakurkm
3375,16515743,スズキタケヤ,"2026-07-10 08:28:05",605.9,1,takeahand
3376,16451454,"Akshay Mathur","2026-07-27 15:02:21",605.9,2,akshaymathur777
3377,16375387,"Kingsley Compton","2026-06-24 02:58:58",605.9,2,kingsleycompton
3378,16464458,"Ishizue Lab","2026-07-27 14:48:07",605.8,2,ishizuelab
3379,16426945,ayasse,"2026-06-24 13:06:43",605.8,1,ayasse
3380,16375482,takerusQ,"2026-06-18 15:05:44",605.7,2,takerusq
3381,16463217,"Jason Chou","2026-07-24 17:09:09",605.7,2,jayshihchou
3382,16604561,"Shumpei Kobayashi","2026-07-28 03:51:39",605.7,2,shukob
3383,16383136,mushikera,"2026-07-28 17:08:35",605.7,2,ys1005
3384,16439519,Jackuang,"2026-07-01 16:45:01",605.5,2,jackuang
3385,16515659,Moca,"2026-07-10 08:26:06",605.5,1,mocaluna
3386,16381981,patamaru,"2026-06-17 14:13:24",605.2,1,patamaru
3387,16407445,EitaF,"2026-07-25 12:11:02",605.0,2,eitafukumoto
3388,16376285,shion,"2026-07-17 04:58:36",605.0,2,k0tame
3389,16388842,"Thomas Semczyszyn","2026-06-23 01:56:21",604.8,2,thomassemczyszyn
3390,16401132,kanadomekei,"2026-06-27 03:31:31",604.8,2,kanadomekei
3391,16383317,どんぐりん,"2026-07-02 20:41:32",604.7,2,"dongurin,soh2626"
3392,16385391,ぽいぽいスプラッシュ,"2026-06-21 07:16:31",604.6,1,"bamutaro,sayu1201"
3393,16411649,Arata,"2026-07-06 04:04:17",604.5,2,resnext
3394,16381188,SUN,"2026-06-23 17:20:57",604.5,2,taiyohosokawa
3395,16377606,"Takuro Abe","2026-06-18 05:48:04",604.4,2,takuroabe
3396,16380166,"satoshi rizard","2026-06-22 16:04:12",604.3,2,satoshirizard
3397,16377502,chinaq,"2026-06-24 03:32:09",604.2,2,chinaq
3398,16531626,"Chenxi Zhao21","2026-07-14 07:36:34",603.9,2,chenxizhao21
3399,16388685,SatOmOri,"2026-06-18 12:49:43",603.8,1,satomori
3400,16393574,zk,"2026-06-27 05:54:18",603.7,2,zkk0401
3401,16485489,"shogo yoshioka","2026-07-18 23:35:06",603.5,2,shogoyoshioka
3402,16373756,"THAI TA","2026-06-22 16:47:18",603.4,2,vanthaita
3403,16386079,roroppu,"2026-06-18 14:42:45",603.3,1,roroppu
3404,16489942,"Well-Baked Body","2026-07-22 13:12:26",603.3,2,orang3333
3405,16541408,"Kotaro Yamazaki","2026-07-22 15:17:10",603.3,2,kotoro
3406,16388333,"Joey Dufourd","2026-06-19 10:09:40",603.3,2,joeydufourd
3407,16608876,Hosuke,"2026-07-28 12:44:31",603.2,2,hosuke
3408,16413249,cherry_luvly,"2026-07-22 11:03:21",603.2,2,cherryluvly
3409,16433831,SIGOTO,"2026-07-10 14:09:51",603.1,2,sigoto
3410,16377403,"Sumant V J","2026-06-28 04:03:30",603.1,2,sumantvj
3411,16422090,"poki poki","2026-07-27 14:01:22",603.1,2,"masterofall,sanjay20052"
3412,16445985,AgoniE,"2026-06-28 12:40:21",603.0,1,agnoie
3413,16531745,"Chonghao Peng","2026-07-25 10:10:28",602.9,2,chonghaopeng
3414,16397760,YamamotoKazuya,"2026-06-20 07:01:14",602.9,2,yamamotokazuya
3415,16425665,"fumiya utsuno","2026-07-15 05:52:43",602.9,1,"fumiya326,kuboken,rikutokuwayama"
3416,16534108,"Shuichi Fushimi","2026-07-28 07:21:39",602.8,2,shuichifushimi
3417,16534286,yoshifumi-mori,"2026-07-12 10:59:28",602.7,1,yoshifumimori
3418,16385656,MichaelJKnowles,"2026-06-28 01:23:21",602.7,1,mjknowles
3419,16377233,Tommy,"2026-07-23 00:31:34",602.7,2,yusuketominaga
3420,16383888,"Sebastian Lashmet","2026-06-24 18:28:55",602.5,1,sebastianlashmet
3421,16425048,渡辺光洋,"2026-06-27 00:56:38",602.4,2,koyokoyo72
3422,16433330,capella,"2026-07-05 08:46:53",602.3,2,capella007
3423,16389547,SAKU,"2026-06-23 04:20:25",602.3,2,yuutasakurada
3424,16461498,"Juan Resendiz","2026-07-05 16:35:48",602.0,2,jrz813
3425,16383533,"Shigeru Kondou","2026-07-14 23:37:55",601.8,2,shigerukondou
3426,16377781,Takasawy,"2026-07-13 14:39:53",601.8,2,takasawy
3427,16482646,yunien,"2026-07-10 07:29:51",601.8,2,yunien
3428,16432117,volume_pomeranian,"2026-07-23 20:32:31",601.7,2,"pomeranian0213,volumedreamer"
3429,16386416,"YOSHI SHIRA","2026-06-18 05:30:16",601.7,1,yoshishira
3430,16552596,Yuuupok,"2026-07-19 03:58:38",601.5,1,yuuupok
3431,16567019,"haoran huang430","2026-07-19 04:34:15",601.4,1,haoranhuang430
3432,16389742,"Nicholas Low","2026-06-21 07:39:53",601.4,2,lowhorngjiun
3433,16391763,"Saito kazuki","2026-06-28 16:08:53",601.3,2,saitooookazzooo
3434,16432704,永谷宏介,"2026-06-25 11:58:14",601.3,1,nkohsuke
3435,16398826,"Kevin Ramirez","2026-07-22 02:47:30",601.3,2,alfarojo
3436,16443310,hacotowha,"2026-07-28 11:28:27",601.2,2,hacotowha
3437,16419115,"Wejdan Al-Ahmadi","2026-06-29 10:04:09",600.6,1,wejdanalahmadi
3438,16410503,"Fran Milla","2026-07-11 17:28:50",600.5,2,franmillaab
3439,16515652,"Mega Dimension Lush","2026-07-10 07:59:02",600.4,1,yukisawa05
3440,16372578,TERUTERU,"2026-06-20 22:08:04",600.3,2,monz65
3441,16445054,"Naoki Susami","2026-07-27 06:14:03",600.2,2,naokisusami
3442,16382523,CodeHacker,"2026-07-28 14:36:43",600.1,2,junhanzangai
3443,16401285,"Yusei Sakagami","2026-06-22 15:01:00",600.1,2,yuseisakagami
3444,16443605,jinjaeru,"2026-07-25 06:31:20",600.0,2,"jinjaeru,kuzu86"
3445,16377030,oggata,"2026-06-17 04:19:31",600.0,1,fumitoshiogataoggata
3446,16606656,Yaroslav,"2026-07-28 17:19:23",600.0,2,yaroslavrogoza
3447,16607974,"Gakutei Yuuna","2026-07-28 04:55:49",599.9,1,wooddis
3448,16371530,"sora ukita","2026-07-27 00:26:13",599.8,2,soraukita
3449,16591171,Yann,"2026-07-23 21:24:09",599.6,1,ylamidon
3450,16381294,"Junliang Ye","2026-07-01 09:40:47",599.6,2,junliangye
3451,16531294,"Zhao Liying","2026-07-11 09:53:13",599.5,1,yeohzhonghanervin
3452,16408617,h0jicha,"2026-07-14 19:51:03",599.5,2,h0jicha
3453,16393970,"Kai Buchmueller","2026-06-19 21:36:26",599.5,1,kaibuchmueller
3454,16505377,jkatdare,"2026-07-24 15:39:53",599.2,2,jkatdare
3455,16483504,Skyyy93,"2026-07-10 10:24:57",599.1,2,skyyy93
3456,16375082,CaRuff,"2026-06-18 19:54:34",599.1,2,caruff
3457,16382502,yuta_muds,"2026-06-17 15:58:55",599.1,2,yutamuds
3458,16444985,"Bruno Jos/e Marques","2026-07-01 23:55:30",598.9,2,brunojosemarques
3459,16376352,"Blair Dupre","2026-06-27 22:06:32",598.9,2,blairdupre
3460,16584477,fura,"2026-07-22 08:55:08",598.7,1,fura002
3461,16395478,Gappy,"2026-07-28 16:37:30",598.6,2,takahirohigasa
3462,16376497,RED,"2026-06-22 03:59:10",598.6,1,keijitakeshita
3463,16385069,"saishi hghr","2026-07-19 06:40:45",598.2,2,saishihghr
3464,16377852,nakano?neru?maru?ruru,"2026-06-18 04:00:38",598.2,2,nuru2zm
3465,16376249,Jay,"2026-07-23 07:28:51",598.1,2,a22658802
3466,16384416,ohnuma,"2026-06-17 20:20:05",597.9,1,ohnuma00
3467,16484829,Mtnkkit,"2026-07-04 07:15:00",597.8,1,mtnkkit
3468,16373829,knshnb,"2026-06-22 15:23:06",597.8,2,knshnb
3469,16379802,Kiyo-Dai,"2026-07-22 08:27:33",597.7,2,k1yoda1
3470,16388524,あじゃる,"2026-07-02 03:26:25",597.3,2,ajaljal
3471,16397781,watawata_user,"2026-07-05 15:18:21",597.2,2,watawatauser
3472,16408194,irontomato,"2026-06-21 13:57:25",597.1,1,irontomato
3473,16381843,岸本蒼唯,"2026-06-17 13:55:07",597.1,1,kazzhead
3474,16419152,yayoc,"2026-07-15 12:33:45",597.1,2,yayoctokyo
3475,16380114,RyuseiHiko,"2026-07-07 02:42:59",596.9,2,ryuseihiko
3476,16395638,dansuke,"2026-07-06 06:37:49",596.9,2,onokou
3477,16422267,"Stef Limited","2026-07-02 22:24:18",596.8,2,steflimited
3478,16403422,"Isabella Wu","2026-06-20 20:44:05",596.8,1,isabellawoo01
3479,16373205,YAKIIMO3,"2026-06-29 09:30:27",596.6,2,yakiimo3
3480,16380990,"YUTO KOJIMA","2026-07-09 15:29:30",596.4,2,kojimatech
3481,16394302,nugui-nugui,"2026-06-19 12:28:53",596.3,1,nuguinugui
3482,16496529,"Suravi Reddy","2026-07-10 17:33:11",596.2,1,suravireddy
3483,16375680,pensukesan,"2026-07-28 16:27:49",596.2,2,pensukesan
3484,16445954,yukiyuti,"2026-07-28 06:04:16",596.2,2,yukiyuti
3485,16378846,"Prify Philip","2026-06-20 12:54:40",596.2,2,amchuz
3486,16440818,twakaiki,"2026-07-09 09:10:45",596.0,2,bassahosi
3487,16385539,MoMy,"2026-06-20 15:42:55",595.5,2,ysasaki
3488,16603911,"YiHao Ma","2026-07-28 16:05:55",595.4,2,myheeer
3489,16380070,Limo,"2026-06-21 15:30:12",595.4,2,kotodama
3490,16552229,"Pranshu Bahadur","2026-07-17 11:10:51",595.2,1,pranshubahadur
3491,16436336,Foxyone,"2026-06-26 05:56:48",595.2,1,foxyone
3492,16383194,t-hash1995,"2026-07-02 02:14:44",595.2,2,thash1995
3493,16379315,"Ryounosuke Kouriki","2026-06-17 09:37:13",595.0,2,ryounosukekouriki
3494,16408985,"hiroki kameyama","2026-06-23 14:17:40",595.0,2,hirokikameyama
3495,16375476,YATAShotaro,"2026-06-17 15:23:49",594.9,1,yatashotaro
3496,16392823,Saikattyo,"2026-07-14 07:28:12",594.9,2,katsuyasaito
3497,16381027,Yusukey12,"2026-07-03 08:00:30",594.9,2,yusukey12
3498,16579942,"Rubin Sahota","2026-07-24 11:51:42",594.6,2,rubinsahota
3499,16384779,LLLJ,"2026-06-26 07:24:52",594.6,2,tli004
3500,16442032,熊本啓汰,"2026-06-27 15:03:59",594.6,2,kuma0707
3501,16386210,DoAI,"2026-07-22 02:21:24",594.5,2,kyoheid
3502,16472651,aym283,"2026-07-02 08:30:12",594.4,1,aym283
3503,16375648,"Natsuki Kasubata","2026-06-23 00:00:51",594.4,2,natsukikasubata
3504,16403618,"TomTom Taylor","2026-07-13 06:17:13",594.4,2,tomtomtaylor
3505,16372693,"Alexandr Utkov","2026-07-26 08:45:35",594.4,1,alexandrutkov
3506,16450601,"H IMedit","2026-07-27 12:27:40",594.3,2,himedit
3507,16381200,JackChenghao,"2026-06-18 05:29:51",594.2,2,jackchenghao
3508,16395891,"yugen louis","2026-07-16 18:14:02",594.0,2,yugenlouis
3509,16530493,"[Deleted] f2d6eeab-c08f-45e0-9436-3293b744d84d","2026-07-17 07:05:28",593.8,2,del=58489163878dd4ff
3510,16371449,hondana29,"2026-07-27 09:29:05",593.8,2,tanadaaa
3511,16412446,Jack12xl,"2026-06-26 11:24:58",593.8,2,jack12xl
3512,16389040,Athar,"2026-06-21 06:28:22",593.6,2,kruuze
3513,16399780,Mokuron01,"2026-06-20 08:21:38",593.6,1,ao072101
3514,16446448,"Diogo Sena","2026-07-24 02:54:56",593.6,2,diogodmsena
3515,16377185,Y-Kitaro,"2026-07-28 15:26:47",593.5,2,yhataktaro
3516,16379427,DreDree,"2026-06-17 11:32:51",593.5,1,dredree
3517,16379775,"Ryutaro Murayama","2026-07-06 15:25:55",593.4,2,ryutaromurayama
3518,16391773,poketaro3,"2026-07-28 03:11:54",593.4,1,poketaro3
3519,16392626,"Takahiro Matsumoto","2026-06-24 04:32:49",593.3,2,takahirom0221
3520,16387790,foooota,"2026-07-06 08:11:23",593.3,2,toshizodev
3521,16438654,mayuki,"2026-07-26 01:26:18",593.2,2,mayukiokunomayuki
3522,16488544,"Hikaru Yamamoto","2026-07-23 23:00:05",593.2,2,yamamotostudio
3523,16460071,"Evan Kim","2026-07-10 18:49:56",593.1,2,evandekim
3524,16431913,sugawarachikara,"2026-07-28 03:11:56",593.1,2,sugawarachikara
3525,16462304,"Phillip Choi","2026-07-10 23:38:23",593.1,2,pchoi85
3526,16408496,"Yosuke Yamaji","2026-06-21 14:48:55",592.9,1,yosukeyamaji
3527,16414523,"Qin Wen","2026-07-04 07:28:36",592.9,2,qinwen
3528,16380569,natz,"2026-06-17 11:12:36",592.9,2,natz01
3529,16394644,ジェニファー,"2026-07-28 07:51:08",592.9,2,m1333666888
3530,16382421,Ericakcc,"2026-07-04 08:06:54",592.9,2,ericakccakcc123
3531,16373538,原田龍馬,"2026-06-18 08:29:28",592.6,2,hryoma
3532,16531958,YDDDDDD999,"2026-07-21 16:58:33",592.5,2,ydddddd999
3533,16377691,Akanashi,"2026-06-17 15:34:51",592.4,1,akanashi
3534,16379287,"yuki #3","2026-07-07 14:57:27",592.4,2,yuki123ikemen
3535,16387786,NiuNiu,"2026-07-27 18:36:45",592.3,2,"harwet,outlier4933,rockyowo,xmkevin2004"
3536,16420864,_vasu_.063,"2026-06-23 12:52:10",592.2,1,vasu063
3537,16386410,Heros,"2026-07-03 16:10:28",592.1,2,hero16masa
3538,16381096,sender1999,"2026-07-14 17:31:02",592.1,2,"mksmks11,sender1999"
3539,16380738,jalp,"2026-06-29 11:22:41",592.1,2,jpanvel
3540,16378281,"PRINCE KUMAR YADAV","2026-07-28 06:27:20",591.9,2,prince0yadav
3541,16423969,"Marius K","2026-07-02 14:13:02",591.9,2,abujaman
3542,16408517,nitoyon,"2026-06-21 14:24:12",591.9,1,nitoyon
3543,16384958,DaJimmy,"2026-07-16 23:37:41",591.9,2,dajimmy
3544,16382999,"EMANUELE MARLIA","2026-07-08 02:14:29",591.7,2,emanuelemarlia
3545,16371472,tomioka,"2026-07-27 13:27:37",591.7,2,tomiokar
3546,16535693,"Imran Abubeker","2026-07-22 20:00:35",591.6,2,imranabubeker
3547,16397273,maaggle,"2026-06-24 12:16:19",591.4,2,maaggle
3548,16387950,"KAI JP","2026-07-19 00:29:43",591.3,2,trikai
3549,16422207,MEROBO,"2026-06-30 16:55:04",591.3,2,m3robo
3550,16395661,yuhei,"2026-07-28 08:12:42",591.2,2,yugrayu
3551,16400770,LeonArdoV.,"2026-07-28 11:54:25",591.2,2,lzsecurity
3552,16380183,Lesiu,"2026-06-24 23:56:44",590.9,2,klesik
3553,16392919,"kiwi apple","2026-07-04 04:30:59",590.8,2,kiwiapple
3554,16385517,"Takamasa Muto","2026-06-18 06:57:19",590.8,2,takamasamuto
3555,16395433,DeMoN_2202,"2026-06-22 06:16:23",590.7,2,harshit22020
3556,16436249,tamref,"2026-07-28 00:45:40",590.7,2,tamreff3290
3557,16411733,"Yehun Jeon","2026-07-16 10:14:45",590.7,2,yehunjeon
3558,16427514,"Nene Gotanda","2026-06-25 11:38:29",590.7,2,nenegotanda
3559,16486923,"Santiago Jauregui","2026-07-27 13:51:14",590.6,2,santij95
3560,16377265,"Takeo Mitsumoto","2026-06-17 13:23:01",590.4,1,takeomitsumoto
3561,16387688,"Yusuke #2","2026-06-18 09:17:07",590.2,1,warriashishuer
3562,16595320,HotpotAstaroth,"2026-07-28 17:16:03",590.1,2,zabdieljulian
3563,16579105,Hanrui,"2026-07-28 09:31:22",590.0,2,sps5855
3564,16380385,"Yoshinari Fujinuma","2026-06-24 18:43:59",590.0,2,yoshinarifujinuma
3565,16413641,"Natpaphon Nukhunthod","2026-06-26 10:21:12",590.0,2,natpaphonnukhunthod
3566,16399463,OgawaraMakoto(Noah),"2026-06-21 14:19:41",590.0,2,ogawaramakoto
3567,16417680,Gary,"2026-07-16 07:18:37",589.9,2,hsiaogary
3568,16411660,Kota000,"2026-07-28 15:02:37",589.9,2,"kota000,nyantama0526"
3569,16388132,"Mrutyunjay Joshi","2026-06-18 10:34:25",589.8,1,mrutyunjayjoshi
3570,16608471,"Jack Deng","2026-07-28 11:06:16",589.7,1,jackdeng123
3571,16385162,STR-PAPA,"2026-06-22 10:15:07",589.6,2,daikikanematsu
3572,16381373,Fuzoku,"2026-07-22 01:10:37",589.6,2,"kento28,kobuyaki,musyokutoumei,tsuna28427"
3573,16440969,chocoseiya,"2026-07-06 22:18:20",589.6,2,chocoseiya
3574,16406126,"Dominic Lo","2026-07-05 14:05:53",589.5,2,doloknight
3575,16424460,NaviCE,"2026-07-24 16:56:49",589.5,2,navice
3576,16387809,"Jack Gell","2026-07-26 14:27:12",589.5,2,jackgell
3577,16569404,"Eldwin Sianto","2026-07-27 16:13:49",589.5,2,eldwinsianto
3578,16391961,"Haruya Tanaka","2026-07-28 06:12:51",589.3,2,haruyatanaka
3579,16389487,"Iwami Daisuke","2026-06-20 02:27:57",589.3,2,iwamidaisuke
3580,16515368,"jam yann","2026-07-22 13:10:52",589.3,2,jamyann
3581,16578316,TTT,"2026-07-21 07:36:44",589.3,1,tadahiroasami
3582,16414284,bit_shinon,"2026-07-02 16:34:13",589.2,2,shinn05uke
3583,16391027,POGINATORS,"2026-07-02 17:38:23",589.1,1,"arknnnnnnnnnn,kartikeyasawhney,shreyaanbhat"
3584,16392966,taaaaaaaaaa,"2026-07-24 02:10:30",588.8,2,taaaaaaaaaa
3585,16421124,3fk,"2026-07-07 00:03:26",588.7,2,"botchi,pwm3517,tatsuyatsuno"
3586,16382054,"Shakthi Kondamoni","2026-07-18 04:04:09",588.6,2,shakthikondamoni
3587,16413842,okaze92,"2026-07-13 11:03:18",588.5,1,okaze92
3588,16375090,"n shuhei","2026-06-17 19:13:11",588.4,2,sapphirens
3589,16379518,nishiyamadaiki,"2026-06-22 11:34:23",588.4,1,nishiyamadaiki
3590,16382415,"Kawee Lekmuenwai","2026-06-28 23:33:42",588.4,2,kaweelekmuenwai
3591,16378737,"yusuke emoto","2026-07-02 10:19:37",588.3,2,yusukeemoto
3592,16373881,Chunibyo,"2026-07-03 12:53:33",588.3,2,chunibyo
3593,16379996,nya000000n,"2026-06-17 17:21:26",588.2,1,nya000000n
3594,16373889,toruneko,"2026-06-28 00:27:23",588.2,2,toruneko
3595,16515665,"The Fool","2026-07-10 08:09:42",588.0,1,soushi0642
3596,16388602,hosyan,"2026-07-27 12:01:23",588.0,2,"hosyan3279,mureee54,nerohix"
3597,16575549,oreo,"2026-07-23 14:34:06",587.9,2,s2125s
3598,16412653,ホテルくましい,"2026-06-22 07:19:21",587.9,1,kumasshii
3599,16381237,TakosukeAI,"2026-07-01 14:10:30",587.8,2,takosukeai
3600,16604693,"Chunlai Li","2026-07-28 09:32:42",587.8,1,lichunlai123
3601,16555299,hirow,"2026-07-20 14:55:24",587.7,2,hiroacjp
3602,16513367,TheGreaterGood,"2026-07-25 05:49:36",587.6,2,thegreatergood
3603,16409547,"Kauê Cezário Cunha","2026-07-19 00:00:16",587.3,2,kaucezriocunha
3604,16391873,tk.mit0127,"2026-07-28 13:45:37",587.3,2,tkmit0127
3605,16382493,RyotaNakajima,"2026-06-17 16:11:13",587.2,1,ryotanakajimazzz
3606,16598156,"Steve Mulyono","2026-07-25 12:26:58",587.0,1,stevemulyono
3607,16390913,"Subhan Hussain","2026-07-07 19:31:41",587.0,2,subhanhussain0205
3608,16388660,"SHOUHEI IKEDA","2026-07-20 07:32:54",586.9,2,shouheiikeda
3609,16420976,"Semih Işık","2026-06-25 14:46:31",586.7,2,semihik
3610,16411390,リュミオーネTom,"2026-06-22 05:54:52",586.7,1,tomlyumione
3611,16388802,uhyoppo,"2026-07-22 13:25:01",586.5,2,"kitiban,kona571,uhyoppo,zagazaga"
3612,16372207,"Xuan Zhang","2026-06-17 15:10:42",586.5,1,xuanzhang001
3613,16427756,solle,"2026-06-24 13:40:00",586.4,1,solle458
3614,16375381,"Team Rockets MAGIKARP","2026-06-25 19:34:39",586.3,2,"opulentisaeon,ren2140"
3615,16593194,"zhexun Liu","2026-07-28 14:22:33",586.3,2,zhexunliu
3616,16420520,"Dhruv Bansal","2026-07-07 06:05:50",586.2,1,dhruvb2028
3617,16435850,soramame0311,"2026-06-26 03:00:59",586.1,1,ano12pmo
3618,16395157,"Eesh saxena","2026-06-21 04:21:06",585.8,2,eeshsaxena
3619,16376530,yuto,"2026-06-29 12:12:27",585.7,2,yutoseeda
3620,16419675,waiwai0121,"2026-07-27 09:33:21",585.7,2,waiwai0121
3621,16378059,yuna5577,"2026-06-18 12:10:10",585.6,2,yuna5577
3622,16411382,東アジアフォレストリバー探検隊,"2026-06-25 09:07:54",585.3,2,jumpeitsujimoto
3623,16385418,チームサティスファクション,"2026-07-21 00:04:01",585.3,2,"kopetan,yuuhaya"
3624,16377301,feles42,"2026-06-26 01:48:06",585.2,2,feles42
3625,16571246,"Prakhar Sahu","2026-07-19 18:50:02",585.1,1,prakharsahup
3626,16486470,Ryoji.Yokosawa,"2026-07-28 14:12:05",584.9,2,ryojiyokosawa
3627,16385158,Kaiyu28,"2026-06-19 01:35:07",584.9,1,kaiyu28
3628,16372377,"DŨNG HỒ ANH","2026-07-26 13:16:37",584.8,2,dnghanh000
3629,16373619,"Tae Shin","2026-06-18 14:51:00",584.7,2,taeshin
3630,16381085,"takuya asami","2026-07-24 06:39:36",584.7,2,takuyaasami
3631,16385213,mizoi,"2026-07-16 07:59:21",584.6,2,mizoijin
3632,16558418,すりーぴんぐ,"2026-07-28 07:58:13",584.4,2,nakamurararara
3633,16377590,AwA,"2026-06-22 09:37:02",584.3,1,itoda10
3634,16384013,mi22mi,"2026-07-24 18:48:28",584.2,2,mi22mi
3635,16401241,chy345,"2026-07-23 02:26:29",584.2,2,chy345
3636,16487856,Choco,"2026-07-28 12:03:00",584.1,2,cheuklunho
3637,16561585,みちひろ,"2026-07-18 10:02:56",584.1,2,michi67
3638,16507163,"Chirapathleo Saelim","2026-07-08 10:37:28",584.1,2,chirapathleosaelim
3639,16395911,sashimi0402,"2026-06-23 11:41:06",583.9,2,sashimi0402
3640,16400372,8KMO,"2026-07-27 16:07:11",583.9,2,yangzhansheng
3641,16512154,佐藤滉太,"2026-07-23 05:49:39",583.8,2,s1300200
3642,16379914,"Ryusei Murakami","2026-06-17 18:28:44",583.8,1,ryuseimurakami
3643,16375844,CarsonHu,"2026-07-17 14:34:21",583.7,2,carsonhu
3644,16375597,"Muhammad Ibrahim Qasmi","2026-06-19 19:50:55",583.5,2,ibrahimqasimi
3645,16376918,"Yuuma Funasaka","2026-07-28 15:09:19",583.5,2,yuumafunasaka
3646,16379720,"Occult Lab","2026-07-07 11:43:41",583.4,2,ryojikato
3647,16531312,Mitsuki83,"2026-07-14 04:57:26",583.4,2,mitsuki83
3648,16471068,tsukida,"2026-07-26 07:12:07",583.3,2,tsukida
3649,16473275,Chrismaghuhn,"2026-07-15 16:45:18",583.2,2,chrismaghuhn
3650,16382660,solenoider,"2026-06-20 16:37:28",583.2,2,solenoider
3651,16383862,zzz_nya,"2026-06-18 22:06:21",583.2,2,zzznya
3652,16388603,Albert,"2026-07-23 16:28:56",583.1,2,albertanthony
3653,16372468,k3nt,"2026-06-22 13:13:16",583.1,1,kent34
3654,16379028,NIT_PokemonS,"2026-07-21 04:41:31",583.1,2,"nitpokemons,rinsei33110,unknownkt"
3655,16411462,m-murao,"2026-07-01 01:21:55",583.0,2,mmurao
3656,16381879,nicov8810,"2026-06-18 00:08:52",583.0,2,nicov8810
3657,16394348,"Shirag Maharaj","2026-07-08 10:09:49",583.0,2,chaksquieto
3658,16402527,oimo_tabetai,"2026-06-20 14:12:14",582.8,1,oimotabetai
3659,16373599,Thomas,"2026-07-15 02:02:59",582.8,2,tommurakami
3660,16408051,ruten,"2026-06-21 15:36:12",582.8,1,daisukemiyoshi
3661,16407703,"Cybolt Solutions","2026-07-28 05:07:54",582.7,2,troycallahan
3662,16375662,akamiko,"2026-07-23 02:38:18",582.6,2,akamiko
3663,16380903,nekobo,"2026-06-29 15:20:32",582.6,1,nekobo
3664,16542616,LearningToday,"2026-07-27 17:38:28",582.3,2,learningtoday
3665,16400433,hoshimori,"2026-06-24 15:00:56",582.2,2,hoshimori
3666,16397495,"MiTo Barchetta","2026-06-20 01:42:38",582.2,1,mitobarchetta
3667,16392782,"Hiroto Tarora","2026-07-17 04:09:32",582.2,2,hirototarora
3668,16429512,"Cerys Jones","2026-06-25 05:18:19",582.1,2,cerysjonestcg
3669,16377537,Neko,"2026-06-27 02:22:40",582.1,2,neko7sora
3670,16398199,"Alex Boyd","2026-06-26 09:49:55",582.0,2,alexrayboyd
3671,16374407,kakenn,"2026-06-18 09:11:11",582.0,2,kakenn
3672,16399820,Kagura_UT,"2026-07-28 09:30:29",581.9,2,tatsuhikou
3673,16373941,poalo824,"2026-07-17 19:06:18",581.7,2,poalo824
3674,16421198,akachocobo,"2026-06-28 14:23:14",581.7,2,akachocobo7
3675,16378188,midnq,"2026-06-20 18:39:56",581.6,2,midnqly
3676,16394132,"Ryohei Matsumoto","2026-06-24 14:10:38",581.1,2,te28matsumoto
3677,16386902,Sifar12,"2026-06-18 07:08:43",581.0,1,sifar12
3678,16407118,choku777,"2026-06-25 08:14:32",581.0,2,choku777
3679,16482425,"mengyi lin","2026-07-13 15:17:53",580.9,2,mengyilin21
3680,16378218,niino,"2026-07-04 02:52:19",580.8,2,niiino
3681,16468387,JBMetrix,"2026-07-23 21:41:54",580.8,2,jasonbrewster
3682,16440905,ahawd,"2026-06-27 03:05:56",580.8,2,wd2314
3683,16424921,dburns,"2026-06-30 05:02:14",580.7,2,dburns
3684,16582983,MohsinLakhani,"2026-07-26 20:56:41",580.6,1,hybridx
3685,16375061,"Teru O.","2026-07-12 22:50:10",580.4,2,terno1011
3686,16428730,"Douglas Winston","2026-06-25 02:41:01",580.3,1,douglaswinstonr
3687,16385669,Soragaki,"2026-07-26 16:32:09",580.1,2,chaikila
3688,16374801,ZEZE,"2026-07-16 03:48:53",580.1,2,"danielcecim,joovitorpires"
3689,16382750,"Ats Kubo","2026-06-21 01:17:14",579.9,2,atskubo
3690,16377065,CleAAAAAA,"2026-07-21 22:56:21",579.8,2,"kirvk013,sunning11"
3691,16467800,"Sébastien henry","2026-07-17 15:51:47",579.7,2,sebmontreal
3692,16470612,"Jack Wallace","2026-07-10 13:30:04",579.7,2,jackwallace95
3693,16402050,daphniapulex,"2026-06-21 17:15:51",579.6,2,daphniapulex
3694,16399593,"X- ray","2026-07-28 15:27:57",579.6,2,xray0924
3695,16399564,SAKB,"2026-07-24 14:18:40",579.5,2,"aiko20487,beniiiimon,soyjoy777,usinghtc"
3696,16384882,"Cowboy P","2026-06-25 03:13:18",579.3,2,philipwallis
3697,16381980,Shizk2205,"2026-06-20 10:09:21",579.3,2,shizk2205
3698,16406182,FabrizioFedericoni,"2026-06-25 11:17:19",579.2,2,ffedericoni
3699,16377314,D_en3120,"2026-07-01 20:09:42",579.2,2,den3120
3700,16389721,"Kazuma Mori","2026-07-21 02:37:09",579.2,2,mk7wx3
3701,16379857,"シン ソウイチロイ","2026-06-22 13:47:30",579.2,2,ykpokeka
3702,16531342,"Ibuki Nagashima","2026-07-28 04:37:34",579.1,2,ibukinagashima
3703,16380271,"No Free MIST Energy","2026-07-28 14:10:38",578.9,2,"hinatatokuda,kotatumurisroom,kwtwaaaa,ueight8"
3704,16380888,"yato higa","2026-07-18 14:36:56",578.9,2,yatohiga
3705,16450596,stellab,"2026-07-04 05:46:55",578.9,2,stellabradai
3706,16394588,yuhas0726,"2026-07-18 20:31:25",578.7,2,yuhas0726
3707,16387163,"Konno Ryoya","2026-07-07 12:11:33",578.6,2,konnoryoya
3708,16387852,Fri314,"2026-06-18 10:08:41",578.5,1,fri314
3709,16416307,RuiFSPinto,"2026-07-28 07:43:31",578.5,2,ruifspinto
3710,16380692,ささきん,"2026-06-26 22:34:06",578.3,2,sasakin
3711,16391335,"Paul Lockett","2026-06-24 15:45:05",578.2,2,paullockett
3712,16471174,YozenPoke,"2026-07-28 07:15:11",578.2,2,yozenk1ll
3713,16557342,"Yosef Winatmoko","2026-07-17 11:01:05",578.1,1,yosefardhito
3714,16419421,williamm,"2026-07-25 20:34:08",578.1,2,williamm7
3715,16424325,"Yang Gao","2026-07-13 18:50:09",577.7,2,yangg40
3716,16578229,"Dez Calimese","2026-07-26 15:31:54",577.6,2,dezcalimese
3717,16384528,"Rafael Montañez","2026-06-19 15:30:46",577.4,2,rafaelmontaez
3718,16382332,"Pol Urós","2026-07-26 14:41:26",577.3,2,polurs
3719,16464897,Med.T,"2026-07-16 09:39:28",577.1,2,toutamohamed
3720,16415802,"KUSHAGRA MATHUR","2026-07-21 21:17:01",577.1,2,kushubhai
3721,16382797,"Gosuke Watanabe","2026-07-28 16:01:14",577.1,2,gosukewatanabe
3722,16514925,LPNG,"2026-07-12 12:56:47",577.0,2,pibrizo
3723,16486814,yhgg1,"2026-07-05 15:02:04",576.9,1,yuheih
3724,16376546,talkinglion,"2026-06-22 03:57:47",576.7,1,talkinglion
3725,16388914,"Yamada Iwao","2026-06-28 12:02:41",576.7,2,order0
3726,16373240,hattori88,"2026-06-18 15:45:36",576.6,2,soichirohattori88
3727,16466588,pineorpine,"2026-07-28 06:57:03",576.6,2,pineorpine1999
3728,16609481,milek,"2026-07-28 16:43:18",576.6,2,liaojiaxuan
3729,16383820,"Marco DG","2026-07-17 05:20:03",576.4,2,marcodg
3730,16387008,"ZICHENG LING","2026-07-24 02:14:08",576.4,2,lingzicheng
3731,16400162,"Shunsuke Higashi","2026-06-22 10:35:50",576.3,2,shunsukehigashi
3732,16371751,C&P,"2026-06-17 15:11:50",576.3,1,"cristinaaguilera,pablesky"
3733,16373209,nakusnakus,"2026-06-18 16:53:52",576.0,2,nakusnakus
3734,16382068,lucasta1,"2026-07-13 14:23:19",576.0,2,lucasta1
3735,16500402,じやない,"2026-07-07 12:53:48",575.9,2,nairen0402
3736,16379419,"Xan Morice-Atkinson","2026-07-25 13:14:20",575.8,2,xangma
3737,16403736,keta39,"2026-07-07 12:17:58",575.6,2,keta39
3738,16399878,sol12378,"2026-07-04 15:06:56",575.5,2,sol12378
3739,16381129,"mamaPaPa Cloude","2026-07-02 14:48:45",575.4,2,"lamana0120,makisaito"
3740,16398986,"Hammad Zahid","2026-06-22 06:02:06",575.3,1,hammadansari7
3741,16565691,minoneru,"2026-07-28 13:25:46",575.2,2,kotaminoshima
3742,16378807,negi-develop,"2026-07-08 09:46:23",575.1,2,negidevelop
3743,16373934,graybackcat,"2026-07-06 05:34:50",575.0,2,graybackcat
3744,16473840,N.Saito,"2026-07-28 15:55:06",575.0,2,naoki3110
3745,16569220,"Sridip Basu","2026-07-19 10:59:37",574.9,2,sridipbasu
3746,16382447,ONunez55,"2026-06-22 15:50:48",574.8,2,onunez55
3747,16488485,"田中太郎 #2","2026-07-26 17:18:10",574.7,2,ozi3ozi3
3748,16556820,"what peter","2026-07-26 23:25:49",574.6,2,"whatpeter,yangzekai06"
3749,16398119,"Iwasaki Takanori","2026-06-22 22:01:21",574.4,2,iwasakitakanori
3750,16411172,ML_Bear,"2026-07-07 01:27:13",574.4,2,naotaka1128
3751,16386632,情理とこうせい,"2026-07-12 13:09:59",574.4,2,"joya0214,ryotarokonishi,yuyafujiwara0123"
3752,16384732,"Francesco Sardo","2026-06-24 18:04:07",574.3,2,fransardo
3753,16375656,currentbranch,"2026-07-06 09:18:37",574.3,2,currentbranch
3754,16381161,naokichi4869,"2026-06-17 16:13:19",574.3,2,naokichi4869
3755,16385763,moe,"2026-06-23 22:25:06",574.3,2,caramoe
3756,16376298,Toriitechforge_John,"2026-07-28 13:32:55",574.1,2,toriitechforge
3757,16376412,yuanzhiyi,"2026-07-03 09:40:28",574.0,2,yzy114514
3758,16372376,iwtn,"2026-06-27 13:47:20",573.9,2,itanium217
3759,16373504,"沢栗 ぺんた","2026-06-27 17:06:00",573.9,2,pentasawaguri
3760,16392430,HoooosE,"2026-06-19 05:39:53",573.8,1,hoooose
3761,16377354,yashjakhar99,"2026-07-08 16:49:26",573.7,2,yashjakhar99
3762,16410994,whitness00,"2026-07-20 18:00:45",573.7,2,whitness00
3763,16387055,kt,"2026-07-03 23:03:16",573.6,2,kolife01
3764,16406302,"Numa x Numa","2026-07-21 12:28:10",573.4,2,numaxnuma
3765,16376182,ポケカ頑張る,"2026-07-27 12:29:31",573.4,2,junmiyazakikaggle
3766,16376413,kinocode,"2026-07-03 11:03:51",573.3,2,kinocode
3767,16387935,Kento_1938,"2026-07-03 02:34:18",573.3,2,kento1938
3768,16535742,"Duru Dökmen","2026-07-15 20:00:31",573.3,2,ddurino
3769,16372980,"Yuminosuke Sato","2026-07-06 04:03:53",573.1,2,yuminosukesato
3770,16400852,testuser,"2026-06-21 06:50:33",573.1,1,kazuhiro494949
3771,16382960,poyothon,"2026-07-10 08:02:49",573.0,2,"akasidm,kurozutyannel,odanado,pipikapipi"
3772,16389180,fu,"2026-07-27 11:34:36",573.0,2,pot3823
3773,16384542,"Kev' Vervier","2026-07-12 19:17:07",573.0,2,kevinvervier
3774,16398196,yamuyamu,"2026-06-21 12:57:25",572.9,2,yamuyamu
3775,16405002,satofi,"2026-07-14 12:27:43",572.9,2,satofi
3776,16385450,"We Are Slow","2026-07-18 02:56:48",572.9,2,"cmudkip,ksun123"
3777,16563740,carbonapi,"2026-07-25 15:34:00",572.8,2,nonempty
3778,16392162,"Packsilog TCG","2026-06-22 09:58:43",572.8,2,packsilogtcg
3779,16377552,"Brad Thompson","2026-06-19 07:50:38",572.7,2,bradleybates
3780,16379805,keisuketsukagoshi,"2026-06-21 11:55:35",572.7,2,ktsukago
3781,16379922,itohudo,"2026-06-18 04:05:41",572.5,2,itohudo
3782,16380890,akahane,"2026-07-27 10:40:49",572.2,2,shuheiakahane
3783,16383389,"Jebriel Abdul","2026-07-21 02:38:27",572.2,2,jebrielabdul
3784,16405204,uttc,"2026-07-28 07:26:55",572.2,2,juichunyen
3785,16371677,TMiki,"2026-06-27 10:59:41",571.9,2,tomohiromiki
3786,16484762,"Ryosuke Suzuki","2026-07-04 14:42:28",571.8,2,ryosukesuzuki77
3787,16456469,KE1TA0144,"2026-06-30 05:11:44",571.8,1,ke1ta0144
3788,16459011,karatsu,"2026-07-15 14:14:35",571.7,2,eic410
3789,16402724,YY0422,"2026-07-05 08:08:25",571.6,2,"inuzukichan,yotayamada0422"
3790,16412598,"Nobu Hirai","2026-06-22 07:18:55",571.6,1,nobuyukihira
3791,16373184,"Yuki Tani","2026-06-16 16:44:14",571.6,1,yukitani
3792,16578264,Zadios,"2026-07-27 10:42:44",571.5,2,zadios
3793,16387093,"Jun AKita","2026-07-28 16:14:10",571.4,2,junakita
3794,16432999,jack9999ske,"2026-06-28 13:02:36",571.4,2,jack9999ske
3795,16532844,p00pyd00py,"2026-07-14 18:12:56",571.2,2,p00pyd00py
3796,16373818,SoraTakanashi,"2026-07-24 22:17:31",571.1,2,soratakanashi
3797,16410455,"Dillen Perumal","2026-07-04 01:27:14",571.1,1,dxllen
3798,16551860,"Arnie Jimenez","2026-07-27 17:22:32",571.0,2,arniejimenez
3799,16376358,"PKMN Trainers L & Brando","2026-07-28 00:29:35",571.0,2,"brandondong275,lavanvivekanandasar"
3800,16490041,EspeonGO,"2026-07-05 12:54:00",570.9,1,ekayhwang
3801,16539190,Rainfun,"2026-07-23 06:28:08",570.9,2,afterrain42
3802,16376865,CSCMU,"2026-07-06 02:00:50",570.5,2,"saimaisaifah,trukkanchanunt"
3803,16487385,"Nikhil Khetani","2026-07-04 22:07:01",570.4,1,nikhilkhetani
3804,16465821,"hiromu matsukiyo","2026-07-02 14:04:27",570.3,2,hiromumatsukiyo
3805,16380526,minasehiro,"2026-07-03 01:03:07",570.1,2,minasehiro
3806,16402701,PandaBananas,"2026-07-02 15:51:42",570.1,2,kurtmooney
3807,16376264,抹茶ラテ,"2026-07-16 03:34:27",570.0,2,matchalatte123
3808,16381540,Spacekuma,"2026-07-01 08:39:35",569.7,2,kimsunghyun76
3809,16380578,mcw999,"2026-07-02 15:22:43",569.5,2,mcw999
3810,16393418,"Takahide Seki","2026-07-28 03:36:19",569.4,2,takahideseki
3811,16426232,Kobasun,"2026-07-21 06:56:58",569.4,2,kobasun
3812,16390180,600626_วายุ,"2026-06-20 16:17:58",569.3,2,wayutharai
3813,16420240,佐藤広基,"2026-07-27 02:23:24",569.2,2,kiriko3
3814,16375356,"SEIICHIRO Kojio","2026-06-18 11:23:18",569.1,2,seiichirokojio
3815,16558644,"Dheeraj Dhillon","2026-07-17 23:52:31",569.1,2,djdhillon
3816,16497595,"Felipe Sens Bonetto ","2026-07-07 21:09:46",568.9,2,felipesens
3817,16451563,"Shawya Saito","2026-07-10 13:05:47",568.9,2,shawyasaito
3818,16381421,fasly,"2026-06-24 03:21:17",568.9,2,fasly2416
3819,16382159,reitan4742,"2026-06-28 12:39:58",568.8,2,reitan4742
3820,16374066,"STS Works","2026-06-23 00:13:39",568.8,2,stsworks
3821,16472060,Pyouneetm,"2026-07-27 00:43:35",568.6,2,pyouneetm
3822,16372056,4eta,"2026-07-19 10:08:13",568.5,1,bio4eta
3823,16389642,MSGG411,"2026-07-11 09:23:53",568.5,2,msgg411
3824,16387568,"[Deleted] f93f72aa-ca48-4829-8831-265cb3b5fc8c","2026-07-14 04:04:07",568.4,2,del=e283efe244b5cedb
3825,16396236,"Sacha Comte 02","2026-07-10 20:00:48",568.4,2,"aelio7,sachacomte02"
3826,16461209,"Ngoc Nguyen Tuan","2026-07-04 07:13:13",568.4,2,ngocnguyentuan
3827,16393774,"Chen Ken","2026-07-28 00:33:44",568.3,2,nutastray
3828,16394629,BasicallyBot,"2026-07-22 18:50:20",568.1,2,shayanmandrekar
3829,16381425,"Eli C. Lowry","2026-07-27 13:01:36",568.0,2,eliclowry
3830,16376456,"Ryota Matsuki","2026-06-18 12:50:09",567.9,2,budoto
3831,16407004,"Roland Gerlinger","2026-07-28 05:52:24",567.9,2,rolandgerlinger
3832,16405757,"Fuki Urakawa","2026-07-18 15:07:36",567.6,2,mayo1110
3833,16380658,世界のたまちゃん,"2026-06-18 12:58:25",567.5,2,sekatama
3834,16373763,Tensa.bit,"2026-06-21 18:59:50",567.5,2,tensabit
3835,16408088,"Toshiki Nishiyama","2026-07-28 11:35:59",567.5,2,toshikinishiyama
3836,16442959,kkunizaw,"2026-06-28 13:57:08",567.3,2,kkunizaw
3837,16411955,"NAKANISHI Yoshiaki","2026-06-22 05:54:52",567.3,1,nakanishiyoshiaki
3838,16563171,ichYam,"2026-07-22 16:08:34",567.2,2,ichiyam
3839,16373616,IndigoPlateau,"2026-07-11 01:43:11",567.2,2,"abefukasawa,lucasmiura"
3840,16377588,uninc2000,"2026-07-24 00:46:11",567.2,2,uninc2000
3841,16382051,"Masataka Sawada","2026-06-19 05:52:14",567.2,2,masatakasawada
3842,16405188,"Insper TCG","2026-06-29 00:47:37",567.2,2,victordolnikoff
3843,16375816,shibachan,"2026-06-19 14:15:59",567.2,2,shibachan
3844,16402280,Uchitom,"2026-06-24 13:18:16",567.1,2,uchitom
3845,16404778,"Takuma Sakamoto","2026-07-27 11:23:53",567.1,2,takuma0417
3846,16386820,tellurium_rrr,"2026-07-27 21:45:27",567.0,2,telluriumrrr
3847,16382115,BluezLee,"2026-07-28 16:51:08",566.9,2,bluezlee
3848,16381625,podenco,"2026-06-17 15:08:18",566.8,2,podenco
3849,16378614,souyakuchan,"2026-06-22 06:43:32",566.5,2,souyakuchan
3850,16382778,"Ken Page","2026-06-27 05:58:38",566.4,2,kenpage
3851,16508166,R.O,"2026-07-08 13:07:31",566.4,1,rokumura
3852,16437307,"Nobu Nagayoshi","2026-07-19 12:29:58",566.3,2,nobunagayoshi
3853,16371545,"ayasaki rin","2026-06-24 12:51:14",566.1,2,ayasakirin
3854,16376175,Klee319,"2026-07-08 13:28:17",565.6,2,klee319
3855,16387934,"zNext Against the World","2026-07-25 03:50:35",565.5,2,znext98
3856,16380500,"Haekal D","2026-07-28 11:44:24",565.4,2,"haekald,rintsuda"
3857,16454065,"Christian Rangel","2026-07-25 17:25:08",565.4,2,christianrangel1
3858,16376003,"Ryoma Terazawa","2026-07-04 07:17:49",565.4,2,ryomaterazawa
3859,16375728,TmT,"2026-07-15 04:05:11",565.1,2,tamotamo
3860,16441623,nitronine269,"2026-07-15 14:17:18",565.0,2,nitronine269
3861,16538979,tngmb08,"2026-07-16 13:55:29",565.0,2,tngmb08
3862,16407472,結君水鶏口,"2026-06-29 17:11:52",564.9,2,ykuina
3863,16389944,"Brian Chuan","2026-06-23 14:09:48",564.6,2,brianchuan
3864,16459966,opavinia,"2026-07-08 12:32:24",564.6,2,opavinia
3865,16377242,domkade,"2026-06-19 12:03:38",564.5,1,domkade
3866,16584176,RonKovic,"2026-07-28 11:25:32",564.5,2,ronkovic
3867,16382356,"Sho Hasegawa","2026-06-23 06:49:26",564.4,2,shohasegawa
3868,16372296,"Toshiaki Satsuma","2026-07-21 05:37:04",563.9,2,toshiakisatsuma
3869,16388671,カワセイ,"2026-07-27 13:54:34",563.8,2,kawasei
3870,16386501,arrow_utpoke,"2026-07-01 09:41:27",563.8,2,arrowutpoke
3871,16403396,ihiratch,"2026-07-09 14:51:37",563.7,1,ihiratch
3872,16412913,"Lohitha Reddy Aramati","2026-07-24 22:33:55",563.6,2,aramatilohithareddy
3873,16386512,funahara,"2026-06-26 07:09:41",563.6,2,funahara
3874,16375459,niimi_kaggle,"2026-06-21 02:07:49",563.2,2,niimikaggle
3875,16373857,Tyshi79,"2026-07-26 10:11:50",563.2,2,tyshi79
3876,16397200,cata,"2026-06-19 23:51:01",563.2,1,adgjmptw1324
3877,16414402,"Quentin Gense","2026-06-26 09:21:25",563.1,2,quentingense
3878,16432856,kawauso9n,"2026-07-28 06:37:12",563.1,2,kawauso9n
3879,16421669,ichitaro3,"2026-07-28 13:19:42",562.9,2,"ichitaro3,joldge,kazumasatakahashi,nao1nao"
3880,16380576,takanori-suzuki-desu,"2026-06-21 12:12:54",562.9,2,takanorisuzukidesu
3881,16403723,"Djenk Ivanov","2026-06-24 17:30:22",562.9,1,djenkivanov
3882,16377016,ega_water,"2026-06-25 13:57:43",562.6,2,egawater
3883,16375823,nodel,"2026-07-08 05:25:47",562.5,2,ndkikuchi
3884,16387194,tonimasu,"2026-07-02 00:37:08",562.3,2,tonimasu
3885,16401783,"Mih Zam","2026-07-28 07:37:04",562.3,2,mihzam
3886,16413281,Soliruss,"2026-07-08 09:01:38",562.1,2,solirus
3887,16498983,N_Matsumoto24,"2026-07-26 14:38:40",562.1,2,nmatsumoto24
3888,16386554,Ash,"2026-06-27 10:00:37",562.0,2,wataryooou
3889,16375541,"Tomo & K","2026-07-11 11:33:23",561.9,2,tomonariokubo
3890,16514719,"Romone Dunlop","2026-07-16 03:10:07",561.8,2,romonedunlop
3891,16385249,"Son Pham","2026-07-12 13:23:59",561.5,2,sonphamorg
3892,16436991,"Kirill Krasikov","2026-07-22 00:50:00",561.5,2,kkrasikov
3893,16392231,hitoy,"2026-06-20 04:44:50",561.4,1,colonnnnn
3894,16398371,"hirotaka kaminishi","2026-07-02 03:04:30",561.3,2,hirotakakaminishi
3895,16539799,"Chippy Mary Cleetus","2026-07-22 11:13:26",561.2,2,chippymarycleetus
3896,16387220,"Keisuke Hirose","2026-06-18 08:32:42",561.0,1,matsuinaoki
3897,16373900,Tyrker,"2026-06-21 21:05:51",561.0,2,polregyborja
3898,16371807,chimaki,"2026-07-05 16:29:22",561.0,2,chimaki821
3899,16576856,TMDURO,"2026-07-23 01:28:07",560.9,2,motohirofujiwara
3900,16422377,Spintronic,"2026-07-12 05:05:59",560.8,2,"josiahtrujillo,spintronic"
3901,16485685,YangQinwei,"2026-07-24 14:12:00",560.7,2,yangqinwei
3902,16375179,LagrangianLocomotive,"2026-07-27 04:26:27",560.7,2,lagrangianlocomotive
3903,16388483,Pikabrew,"2026-07-03 11:35:03",560.3,2,"capjoris,platothesloth"
3904,16403256,"Ashish Divvela","2026-07-16 17:28:07",560.2,1,divvelaashish
3905,16395289,washidesu,"2026-07-25 12:31:09",560.2,2,washidesu
3906,16402563,"Mayuko Tatsuki","2026-07-03 09:05:56",560.1,2,mayukotatsuki
3907,16377062,Gogona557,"2026-06-29 07:50:32",559.7,2,gogona557
3908,16534334,...,"2026-07-16 07:32:52",559.5,2,shackles6966
3909,16384348,"Lucas Henrique Mateo","2026-06-18 18:21:47",559.3,2,lucashmateo
3910,16597497,Cappa,"2026-07-26 12:36:27",559.3,2,cappapy
3911,16478629,akaimi,"2026-07-13 03:54:57",559.2,1,akaimi
3912,16534314,unleex,"2026-07-23 21:16:05",559.1,1,unleex
3913,16376107,Zscorpio,"2026-07-21 06:06:42",559.1,2,seayoung1112
3914,16584192,c0sm1c,"2026-07-28 10:59:34",558.9,2,tanghao111
3915,16482301,ponto,"2026-07-16 15:26:18",558.7,2,masaponto
3916,16383532,kibake,"2026-06-22 12:31:44",558.2,2,kibake
3917,16471847,"Luke Francis","2026-07-05 05:27:05",558.1,2,lukef09
3918,16505791,Mohammadisrar,"2026-07-08 03:51:57",557.7,1,mdisrar
3919,16471601,N.Takut,"2026-07-03 00:50:57",557.7,2,ntakut
3920,16386138,BBO,"2026-07-23 07:47:25",557.6,1,"ekasitusaratniwart,july0516,kukibbo"
3921,16385284,MaoOKRK,"2026-07-19 06:39:09",557.4,2,maookrk
3922,16380934,muko,"2026-06-25 06:09:59",557.4,2,mukocha
3923,16385594,daigakupotato,"2026-07-28 15:21:57",557.4,2,kiyopote
3924,16378010,"Diego Pacheco","2026-06-26 02:34:40",557.3,1,diegopacheco42
3925,16377069,Malton,"2026-06-22 06:44:09",557.3,1,malton
3926,16402543,中村文彌,"2026-06-28 16:52:49",557.1,2,nfphys
3927,16373896,Speed,"2026-07-28 14:17:12",557.0,2,caoyupeng
3928,16375560,mitsuba,"2026-06-23 00:29:32",556.9,2,mitsuba
3929,16489688,GauravKr23,"2026-07-13 21:06:02",556.9,2,gauravkr23
3930,16415109,GOTCHA,"2026-06-28 11:21:22",556.7,2,jongil
3931,16383335,Kouhei　Sakamoto,"2026-06-22 11:57:06",556.6,2,kohesaka
3932,16418628,"Charles Wallis","2026-06-26 05:45:45",556.4,2,charleswallis7
3933,16410237,ymandso,"2026-06-23 13:59:31",556.2,2,ymandso
3934,16411858,"Sirui Zeng","2026-07-28 13:23:21",556.2,2,siruizeng
3935,16394076,"Miltank Lovers","2026-07-01 17:44:06",556.2,2,y305205
3936,16445223,prophecy,"2026-06-29 17:00:10",555.9,2,prophecy
3937,16574986,"Halil Ibrahim Umut Colak","2026-07-20 21:31:39",555.9,2,halilibrahimcolak
3938,16405566,Tatsuya50,"2026-06-29 15:35:39",555.9,2,tatsuya214355
3939,16372491,ロケット団参上！,"2026-07-22 09:10:05",555.9,2,ryotasueyoshi
3940,16473978,"Havish Patel","2026-07-05 16:03:28",555.9,2,havishpatel
3941,16390961,shop_0761,"2026-07-13 04:58:03",555.7,2,shop0761
3942,16551981,Ashwath,"2026-07-20 16:51:43",555.7,1,shwath42069
3943,16397687,JuhoPark94,"2026-06-22 00:14:37",555.5,2,juhopark94
3944,16441043,"Team picoea4rll","2026-07-20 16:02:59",555.2,2,"ea4rll,pico331"
3945,16379759,"Keiya Yamashita","2026-06-20 13:09:17",555.1,2,keiyayamashita
3946,16549561,"LI KAI","2026-07-16 08:00:55",555.1,2,jimoyanhua
3947,16410711,"Michael Candrian","2026-07-06 17:59:16",555.0,2,michaelcandrian
3948,16466713,builds,"2026-07-01 14:57:48",554.9,2,seowonjang
3949,16380843,totoko,"2026-06-20 14:23:59",554.8,2,totoko
3950,16374588,daniel,"2026-06-23 15:02:17",554.6,2,danielqing
3951,16377240,yaya__k,"2026-07-10 23:38:48",554.6,2,yaya88k
3952,16398640,ToraaaAa,"2026-07-09 04:18:08",554.3,2,toraaaaa
3953,16391965,Ras,"2026-06-25 02:29:28",554.1,2,charlescocherl
3954,16382835,Pietro,"2026-06-23 14:02:35",554.0,2,pietro002
3955,16472479,Niche,"2026-07-10 07:54:08",554.0,2,"nauraaaa,tristanabiyudha"
3956,16377432,kapenon,"2026-06-19 14:36:25",554.0,1,kapenon
3957,16379713,palsanp,"2026-06-17 09:05:39",553.8,1,palsanp
3958,16473544,kaba777,"2026-07-27 01:23:39",553.6,2,kaba777
3959,16395970,mshibatatt,"2026-07-25 04:45:17",553.4,2,masahiroshibata
3960,16373189,"Hung Sheng Shih","2026-06-18 07:38:01",553.3,2,hungshengshih
3961,16596910,leche1153,"2026-07-28 10:32:48",553.2,2,leche1153
3962,16377623,tadashi04,"2026-06-17 10:20:48",552.8,2,tadashi04
3963,16433595,shadoxi,"2026-07-28 17:06:53",552.8,2,"hohohozzz,xhbsx24"
3964,16510044,"Hassan Tavakoli","2026-07-26 18:57:56",552.6,2,hassantavakoli
3965,16429305,"Zammaar Shafqat Malhi","2026-06-25 14:02:31",552.4,2,zammaar
3966,16375970,サム・マウンテンマン,"2026-06-20 06:33:32",552.4,2,higa414
3967,16396723,"T Okano","2026-06-20 19:42:06",552.3,1,tokano
3968,16404283,"Joshua Magady","2026-06-26 04:24:40",552.3,2,jmagady
3969,16398805,macaron,"2026-07-26 15:44:56",552.2,2,hayatotech
3970,16374887,Nozprod,"2026-07-20 06:59:11",552.1,2,nozprod
3971,16480850,"Minal kharat123","2026-07-04 00:50:34",551.8,2,minalkharat123
3972,16444870,"Otias Ujiat","2026-07-26 11:44:51",551.7,2,otiasujiat
3973,16385011,"curry panda ex","2026-06-26 00:05:47",551.6,1,kyopanda
3974,16486494,adada376,"2026-07-06 06:53:18",551.5,2,adada376
3975,16488233,"Tatsuhiro Nakamori","2026-07-28 07:52:43",551.5,2,tatzmori
3976,16386987,ak4ne,"2026-06-30 02:12:02",551.4,2,ak4ne114
3977,16430143,KAgent71,"2026-07-28 04:57:18",551.2,2,Rlax71
3978,16394093,nynyny67,"2026-06-27 03:35:41",551.1,2,nynyny67
3979,16376486,"Manu Iyer","2026-07-26 03:32:59",551.0,2,manuiyer
3980,16385260,"Honda Motomasa","2026-06-18 06:11:41",550.9,2,hondamotomasa
3981,16593237,Nori,"2026-07-28 16:02:39",550.9,2,n0v1v0n
3982,16378246,夜鷹ねりあ,"2026-06-29 11:38:34",550.9,2,yatakaneria
3983,16408856,"Rebis Global","2026-07-17 14:25:52",550.9,2,chrisgendryx
3984,16390577,Thazzeus,"2026-07-10 16:24:52",550.7,2,thazzeus
3985,16393284,kawauso,"2026-07-02 09:35:10",550.4,2,kawausoo
3986,16437824,"Nikodem Kuliś","2026-06-27 09:31:13",550.3,1,nikodemkuli
3987,16437348,田口雄大,"2026-07-02 05:20:10",550.3,2,ydi102143
3988,16377875,"Atom McCree","2026-06-17 06:28:11",550.1,2,atommccree
3989,16373508,"Yuto Kobayashi","2026-07-26 15:19:28",550.1,2,kbology
3990,16411455,elandgre,"2026-07-03 19:37:22",549.7,2,elandgre
3991,16416105,zackgow,"2026-07-04 03:36:37",549.7,2,zackgow
3992,16391718,東　勇介,"2026-06-22 15:12:18",549.6,1,yusuke0111
3993,16378610,600505-ศิวกร,"2026-06-19 02:55:32",549.4,2,siwakornseeswan
3994,16388568,"WO LOAD","2026-06-20 18:53:16",549.2,2,woload
3995,16382065,しみずたいせい,"2026-07-10 11:44:34",549.2,2,shimizu223
3996,16387855,spa-toni,"2026-06-29 11:06:15",549.2,2,hirotoni
3997,16446231,Coconnut,"2026-07-05 14:49:55",548.9,2,coconnut
3998,16433050,"Haruki Miura","2026-07-20 02:56:25",548.7,2,hatomaru
3999,16384192,"Vedant A.","2026-06-20 19:52:33",548.6,2,crimeandpunishment
4000,16382934,dyuan311,"2026-07-09 19:40:23",548.4,2,dyuan311
4001,16470978,SK,"2026-07-10 07:29:58",548.2,2,rapisu0
4002,16401557,YusukeSai0407,"2026-07-28 02:09:58",547.9,2,yusuketto
4003,16396923,"Alex DR","2026-06-26 14:15:08",547.9,2,alexderi
4004,16385042,schezo,"2026-07-10 09:40:47",547.7,2,schezo817
4005,16385637,"Kaito Sugiyama","2026-06-21 08:28:58",547.6,2,ultimatemagic79
4006,16484000,atsu33,"2026-07-17 01:14:17",547.6,2,atsu33
4007,16427493,なかけん,"2026-07-24 04:31:05",547.3,2,nakaken2525
4008,16381515,atsuken,"2026-06-18 04:51:52",547.2,2,atsuken78
4009,16460000,"Dan Arreola","2026-07-21 10:22:34",547.2,2,danarreola
4010,16408128,HalfMoonbear2,"2026-06-29 07:08:32",546.9,2,"ctmkrf11,diegoalonsocanizares,watanabekyohei"
4011,16411438,Yut176,"2026-06-29 09:01:45",546.9,2,yut176
4012,16512077,"Desmond Lee","2026-07-09 19:43:36",546.9,2,desmondlee
4013,16389376,Kumajiro,"2026-07-16 15:24:14",546.7,2,kumajirosasaoka
4014,16382146,"coffy 44","2026-06-18 15:11:41",546.5,1,coffy44
4015,16448342,Miao,"2026-07-17 13:46:34",546.4,2,miaohe1
4016,16379219,Fotone,"2026-06-20 16:59:32",546.2,2,fotone
4017,16400857,sakura_atm,"2026-06-26 15:24:33",546.2,2,sakuraatm
4018,16599820,"田中太郎 #3","2026-07-25 23:38:48",546.1,1,unknowingsolver
4019,16441162,"Iadh Jarray","2026-07-11 21:30:56",546.1,2,iadhjarray
4020,16376675,Nikukyu,"2026-06-23 09:43:48",545.7,2,tryuno
4021,16510105,"Adrian Gomez","2026-07-16 23:56:49",545.7,2,adrianjgomez
4022,16486263,takemurahironori,"2026-07-22 03:45:50",545.7,2,takemurahironori
4023,16392142,"Emilio Orozco","2026-07-15 06:47:39",545.6,2,emilioorozco
4024,16584348,"Zeina Shaltout","2026-07-23 20:48:19",545.6,2,zeinashaltout
4025,16385515,"Shiro Sugawa","2026-06-18 05:55:24",545.3,1,shirosugawa
4026,16603112,"Valentin Haase","2026-07-26 22:20:44",545.2,2,valentinhaase
4027,16372680,Tki256,"2026-07-28 13:54:44",545.1,1,tki256
4028,16374911,MrSamu18,"2026-06-28 16:02:15",545.1,2,mrsamu18
4029,16392303,"Jared Luboff","2026-06-19 19:53:36",545.0,2,jaredluboff
4030,16433114,TakamaruEX,"2026-07-28 16:48:52",544.7,2,takamaruex
4031,16392721,Uzi_0003,"2026-06-26 10:04:39",544.5,2,uzi0003
4032,16403656,"Akhil Kumar060","2026-06-25 17:12:04",544.4,2,akhilkumar060
4033,16474241,kisamaki0815,"2026-07-28 13:57:45",544.4,2,kisamaki0815
4034,16379331,The8BitsLab,"2026-06-20 22:07:23",544.4,2,the8bitslab
4035,16531164,"Riki Garcia","2026-07-14 06:30:30",544.2,2,rikigarcia
4036,16385361,"Kazutoshi Inoue","2026-07-19 06:23:17",544.2,2,"kakerusugiyama,kazutoshiinoue,ryumaishiguro"
4037,16587984,timdef,"2026-07-23 22:23:15",544.2,2,timdef
4038,16554167,赤いきつね,"2026-07-16 09:47:31",544.0,1,redofox
4039,16387146,青学技術開発チーム,"2026-07-10 10:53:05",544.0,2,"kojiskt,shusukenambu"
4040,16589544,"Oleg Smirnov","2026-07-23 22:08:08",543.8,2,smirnolegov
4041,16382304,ntk_ta01,"2026-06-18 15:45:09",543.8,2,ntkta01
4042,16482418,izaruz,"2026-07-03 18:09:59",543.6,2,izaruz
4043,16374329,"Satoru Sugizaki","2026-06-24 16:52:18",543.6,2,satorusugizaki
4044,16383779,"Rauru Okitani","2026-06-18 16:11:17",543.5,2,rauruokitani
4045,16384726,しょーへー,"2026-06-24 22:51:39",543.4,2,shohei0510
4046,16379523,Konosuke_Takeshima,"2026-06-18 15:25:14",543.3,2,konosuketakeshima
4047,16400525,"Pepijn Langeraert","2026-07-07 17:42:44",543.2,2,pepijnlangeraert
4048,16489179,"Mingzhengxuan Wu","2026-07-10 09:22:49",543.1,1,w5555w5
4049,16371996,おちゃ,"2026-07-25 12:12:58",543.0,2,ocha4728
4050,16586952,Jonewang,"2026-07-23 05:06:44",542.8,2,jone520
4051,16392671,AAlphaAA,"2026-06-20 12:10:54",542.7,2,aalphaaa
4052,16509587,BSCode,"2026-07-22 19:45:58",542.7,2,bscode
4053,16380984,"Toshiko Miyake","2026-07-21 13:35:02",542.7,2,toshikomiyake
4054,16593286,"xi luo","2026-07-28 03:23:17",542.7,2,xiluo00
4055,16425315,georgexue666,"2026-07-26 21:33:47",542.7,2,georgexue666
4056,16433661,"M Rislan Tristansyah","2026-07-01 02:32:00",542.6,2,mrislantristansyah
4057,16379500,"Thomas Young","2026-07-22 17:32:35",542.6,2,daashi
4058,16375497,hayatoail,"2026-07-12 09:34:18",542.6,2,hayatoail
4059,16383415,torahirod,"2026-07-20 02:17:49",542.5,2,toratoratora
4060,16375738,currypurin,"2026-07-12 08:26:43",542.4,2,currypurin
4061,16372576,kyulkyu,"2026-06-18 01:17:27",542.2,2,kyulkyu
4062,16498124,"Julian Vignes","2026-07-09 00:51:34",542.1,2,julianvignes
4063,16436117,TOM@love,"2026-07-24 13:04:52",542.1,2,tomlvoe
4064,16593816,沼里太誠,"2026-07-26 12:09:03",542.1,2,numaritaisei
4065,16377283,fttp,"2026-07-26 05:27:33",542.0,2,fukuitappei
4066,16591350,"Andre Profitt","2026-07-28 16:58:33",542.0,2,andreprofitt
4067,16532170,Trapeznikov_Mihail,"2026-07-11 14:15:41",541.8,2,trapeznikovmisha
4068,16377898,"jin ryoma","2026-07-05 07:23:05",541.7,2,jinryoma
4069,16482126,Aluder,"2026-07-04 08:32:09",541.6,2,aluder
4070,16382483,goukenn,"2026-07-20 13:02:57",541.5,2,goukenn
4071,16395021,ituhime,"2026-07-20 12:47:56",541.4,2,ituhime
4072,16408470,RiJ,"2026-07-27 16:07:47",541.4,2,junichirokawano
4073,16384927,keiz,"2026-07-28 14:58:25",541.3,2,keizkeiz
4074,16382989,MatsuyamaKAiho,"2026-06-18 13:05:47",541.3,2,matsuyamakaiho
4075,16530983,"Danila Lebedev","2026-07-11 09:26:11",541.2,2,danilalebedev
4076,16375898,yanto,"2026-06-21 01:32:03",541.2,2,yanto7369
4077,16376124,"Hale Obernolte","2026-06-18 15:33:00",541.1,2,hobernolte
4078,16501690,TQL,"2026-07-26 21:12:11",541.0,2,"guillerlt,martnquesadazaragoza"
4079,16414878,gerbera_105,"2026-06-28 14:33:50",540.7,2,gerbera105
4080,16396030,"Matthew Ji","2026-07-14 22:24:28",540.6,2,matthewji
4081,16380732,"TABOUT MHAMED","2026-06-20 15:30:00",540.6,2,taboutmhamed
4082,16537481,topabaem,"2026-07-16 05:09:46",540.0,2,topabaem
4083,16414955,dT3Tbx,"2026-07-03 16:16:33",539.8,2,dt3tbx
4084,16375805,Watary0927,"2026-07-27 22:48:24",539.6,2,watary0927
4085,16382323,Noalith,"2026-06-17 16:55:28",539.6,2,noalith
4086,16396468,sakataxr,"2026-06-25 22:29:25",539.6,2,sakataxr
4087,16468540,"Muhammad Shayan","2026-07-27 22:29:57",539.4,2,"lynx20,mshayan38"
4088,16385655,gaskitcg,"2026-06-18 02:52:19",539.2,1,"agustinperkins,gaskitcg,leofernandezdasilva"
4089,16473418,董子廉（六道仙尊）,"2026-07-03 12:26:33",539.0,2,dzl666
4090,16466735,"Bruno Ramos Martins","2026-07-26 03:00:02",538.7,2,brunoramosmartins
4091,16393428,bambi_create,"2026-06-26 03:31:43",538.7,2,bambicreate
4092,16414652,lucky,"2026-07-09 17:45:06",538.6,2,yingtaosun
4093,16490235,PiotrKley,"2026-07-05 14:44:49",538.4,1,piotrkley
4094,16372048,mo84dan5,"2026-06-29 03:06:53",538.3,2,mo84dan5
4095,16475891,"Oleh Patsan","2026-07-28 03:54:15",538.1,2,olehpatsan
4096,16377876,rｍrm129,"2026-06-24 05:26:07",538.1,2,rrm129
4097,16387602,"Dylan Tartarini","2026-07-27 22:24:02",538.0,2,"dylantartarini,fedegt1"
4098,16412000,shosemaru,"2026-07-28 07:09:16",537.9,2,shoseiyamaguchi
4099,16388841,Muhandro,"2026-07-28 15:19:09",537.9,2,muhandro
4100,16533557,yamiryu,"2026-07-12 08:51:10",537.9,2,yamiryu
4101,16378603,"Santipab Tongchan","2026-06-18 05:18:20",537.8,2,santipabtongchan
4102,16532036,"Galang Dewangkara","2026-07-28 03:54:57",537.8,2,galangdewangkara616
4103,16373260,mm-1989,"2026-07-03 00:13:22",537.8,2,mm1989
4104,16371844,"村岡宙武（ムラオカ ヒロム）","2026-07-23 01:30:48",537.7,2,muchi666
4105,16411094,シュテファン,"2026-07-23 22:18:48",537.5,2,stephanmatzke
4106,16371578,Jimmer,"2026-06-18 19:28:26",537.2,2,przemysawonr
4107,16387589,tanukichi36,"2026-07-05 23:04:15",537.1,2,tanukichi36
4108,16371808,Pranay,"2026-06-19 09:00:11",537.1,2,pranay7867
4109,16381075,hymn_fun,"2026-06-17 16:12:42",536.9,2,hymnfun
4110,16397083,yoshikawa,"2026-06-19 23:36:02",536.6,2,shogo1
4111,16385243,Laysen,"2026-07-11 23:52:58",536.5,2,jpauloo
4112,16380649,Electoria,"2026-07-09 15:08:31",536.4,2,tomonakamu
4113,16373408,Valkyrja,"2026-06-23 14:22:05",536.4,2,valkyrja3607
4114,16445040,"Danilo Antonietto","2026-06-28 19:54:45",536.2,2,daniloantonietto
4115,16382837,himhim616,"2026-07-28 15:50:41",536.2,2,kazukihimura
4116,16373256,EmoLab,"2026-06-26 20:30:19",535.9,2,chiehieida
4117,16375129,"Bambang Satmoko","2026-07-05 16:36:15",535.7,2,investo
4118,16397955,"kabu strongest legend","2026-07-22 08:40:29",535.6,2,"naksou,watarukawashima"
4119,16373637,"Keach Inoue","2026-07-24 20:00:19",535.5,2,keachinoue
4120,16507005,"[Deleted] 9fd16867-38ea-430d","2026-07-08 18:19:40",535.3,2,yfrite
4121,16411524,suikkee,"2026-07-20 04:41:45",535.2,2,suikkee
4122,16586929,JudyWatermelon,"2026-07-22 18:50:00",535.1,2,judywatermelon
4123,16377449,cocoa_at_jp,"2026-07-22 12:28:32",535.1,2,cocoaatjp
4124,16510169,"AKANMU SHERIF OLAIDE","2026-07-09 09:01:15",535.0,2,akanmusherifolaide
4125,16437424,Glucosamine,"2026-07-22 10:23:47",535.0,2,glucosamine
4126,16505178,Tsubasa_00,"2026-07-19 11:05:57",534.9,2,tsubasa00
4127,16416027,"Patrick M.","2026-06-23 06:53:52",534.9,2,pigenesis75
4128,16381011,blibli.com,"2026-07-12 02:56:10",534.8,2,"mickeylcwld,shoishiwata,utace1"
4129,16381871,alessandrozonta,"2026-07-20 08:55:10",534.7,2,azonta
4130,16552637,hexisteme,"2026-07-28 08:00:42",534.6,2,hexisteme
4131,16391205,Watta,"2026-07-11 23:10:37",534.5,2,watta7
4132,16403595,FromAtom,"2026-07-06 01:23:48",534.4,2,fromatom
4133,16385730,"Martin Stoyanov","2026-06-27 19:38:08",534.3,2,"martinstoyanov,victorst3"
4134,16421289,flatton,"2026-06-30 15:34:12",534.2,2,tomokifujihara
4135,16387238,テン,"2026-06-20 18:02:12",534.0,2,adzukililly
4136,16381243,tabby,"2026-06-20 01:14:01",534.0,1,tabby1123
4137,16409235,jiku0730,"2026-07-02 17:15:06",533.9,2,jiku0730
4138,16380588,Daru,"2026-07-28 11:55:36",533.9,2,daru191854
4139,16599464,"Neil Patel","2026-07-28 11:39:15",533.8,1,neil564
4140,16430672,"Rasmus Foyer","2026-07-05 05:14:27",533.8,2,rasmusfoyer
4141,16377372,齋藤壮汰,"2026-06-22 03:55:17",533.7,2,samaru0521
4142,16381281,"Akito Matsuyama","2026-06-24 10:53:31",533.7,2,akitomatsuyamasuu
4143,16397824,osakana_daisuki,"2026-06-27 12:46:39",533.3,2,osakanadaisuki
4144,16376871,"jesus riva","2026-06-17 17:34:11",533.2,2,jesusriva
4145,16395754,"Pika 1","2026-07-27 22:12:23",533.2,2,raphaabels
4146,16416352,"Patrick Graham","2026-07-01 12:11:24",533.2,2,pabreetzio
4147,16415106,中村円威,"2026-06-22 18:36:22",533.2,1,kz0000001
4148,16377821,長谷川太一,"2026-06-23 07:19:29",533.1,2,taichihasegawa1122
4149,16393992,"KASSEN inc.","2026-07-28 12:31:03",533.0,2,talahiroota
4150,16381274,MCH,"2026-07-28 17:01:32",532.9,2,"gamesenmu,henonun,tarumikei"
4151,16406501,RLAP,"2026-07-20 18:09:39",532.7,2,"anyooon,kenkentyisland"
4152,16460819,yuukinos,"2026-07-02 02:37:44",532.7,2,yuukinos
4153,16472499,"Andreas Bretschneider","2026-07-02 08:14:04",532.5,1,andreasbretschneider
4154,16382484,DaifukuMochi,"2026-06-19 04:43:31",532.4,2,"ayane0111,yukimee"
4155,16377147,TechRegigigas,"2026-06-23 00:38:56",532.4,2,"eitarox,kengokawashima1992"
4156,16395117,"TEAM MAGMA","2026-07-28 11:45:50",532.3,2,"pochacode,yamato035073"
4157,16391367,"Fornalha Criativa","2026-06-19 13:17:27",532.2,1,fornalhacriativa
4158,16441553,jun.2.tam,"2026-06-28 10:33:02",532.2,2,jun2tam
4159,16393106,Rixu324,"2026-06-23 15:28:15",532.2,2,rixu324
4160,16389166,"Mikiya Takada","2026-07-07 01:55:10",532.0,2,mikiyatakada
4161,16398135,"Haruto_Beginner Data Scientist","2026-06-21 07:53:28",531.9,2,masaakioba
4162,16416672,SkiChu,"2026-07-15 10:27:20",531.8,2,richardmccrae
4163,16379911,KanngaiAgriculture,"2026-06-21 15:42:58",531.7,2,kanngaiagriculture
4164,16375555,脱0コイン,"2026-07-17 13:34:48",531.7,2,iwatanaoki
4165,16424814,TrentXr4y,"2026-06-26 05:40:18",531.5,2,trentxr4y
4166,16385452,SoshiSaito,"2026-07-25 09:21:52",531.4,2,"soshisaito,yumorisue"
4167,16374846,"Tomoya Otani","2026-06-17 05:30:06",531.2,2,tomoyaohtani
4168,16385144,POPCORN,"2026-07-28 07:13:06",531.2,2,"takuohmori,tkyysm"
4169,16411067,Alphote,"2026-07-01 06:07:56",531.2,2,alphote
4170,16569983,Jason-Oh,"2026-07-21 17:56:44",531.0,2,dossantoss
4171,16394296,Kasuga,"2026-06-22 06:45:21",530.9,2,kasugasparky
4172,16375919,"crey joswick","2026-06-21 21:24:52",530.8,2,creyjoswick
4173,16441777,henrytb,"2026-07-13 08:29:25",530.8,2,henrytb
4174,16417469,"Samuel Birocchi","2026-06-24 20:40:57",530.6,2,samuelbirocchi
4175,16377453,"Gururaj Krishna Sharma","2026-07-08 14:41:20",530.6,2,gururajsharma
4176,16394598,sunnariwakaru,"2026-06-19 22:53:55",530.5,1,sunnariwakaru
4177,16589890,"Yogesh Mishra","2026-07-24 18:14:48",530.5,2,yogeshm01
4178,16486081,Amschoem,"2026-07-19 14:16:06",530.4,2,ambroseschoeman
4179,16488992,ebikazuki,"2026-07-23 22:41:02",530.2,2,ebikazuki
4180,16479810,"Sébastien MATHIEU","2026-07-04 03:04:27",530.1,2,negtitep
4181,16539201,Cheehan0114,"2026-07-26 08:45:09",530.1,1,cheehan0114
4182,16410314,aruuu,"2026-07-08 12:04:37",530.0,2,arruuu
4183,16412905,"Ivan Kalesnik","2026-06-23 08:24:12",529.9,2,ivankalesnik123
4184,16561737,"Karan Bhatti","2026-07-22 05:49:11",529.9,2,sircausticmail
4185,16387317,Fの人,"2026-06-22 03:29:03",529.9,2,"kanamori4,merilynk66,yorusuki58"
4186,16441240,norosen,"2026-07-05 09:15:10",529.8,2,norosen
4187,16457806,"Soma Nakamura","2026-06-30 08:25:07",529.6,1,centralinux
4188,16392620,ZealChou,"2026-06-30 16:10:07",529.5,2,zealchou
4189,16377021,Alternate,"2026-06-20 17:27:25",529.5,2,babashunsuke2005
4190,16381315,colapis,"2026-07-06 11:17:38",529.5,2,colyamo
4191,16416972,"Ayush Thakur","2026-07-26 22:26:46",529.2,2,ayuraj
4192,16381907,chibakee,"2026-06-28 14:07:53",529.1,2,chibakee
4193,16404334,"Varish Guharaman","2026-07-01 00:30:30",529.0,2,varishguharaman
4194,16375925,Kensei,"2026-06-19 04:21:01",529.0,2,kenskens
4195,16496843,LizardAPN,"2026-07-12 10:49:40",528.8,2,lizardapn
4196,16439860,やまちー,"2026-07-23 13:22:52",528.8,2,"kawaiiyamatyann,lmeet619"
4197,16398282,"Opallo Collins","2026-06-21 02:49:03",528.7,2,opallo
4198,16403820,RedBaseline,"2026-07-09 22:54:22",528.2,2,przemekprzybya
4199,16379986,yasuna,"2026-06-25 13:30:05",528.1,2,yasuna
4200,16427762,"TOMONORI TAKEUCHI","2026-07-20 22:48:09",528.0,2,tomonoritakeuchi
4201,16608250,Dominick,"2026-07-28 09:41:18",527.8,1,kcinimod
4202,16406207,"T U (seiryu0730)","2026-07-15 08:35:59",527.8,2,tuseiryu0730
4203,16378989,"Junichi Hatano","2026-06-25 13:30:45",527.2,2,junichihatano
4204,16381016,"soba sobasoba","2026-06-20 15:21:30",527.1,2,sobasobasoba
4205,16372927,"Shun Tsukuda (しゅん)","2026-06-25 10:41:49",527.0,2,shuntsukuda
4206,16408060,aaaaaa,"2026-06-21 13:04:09",526.9,1,aaaaaaaaaa146789643
4207,16392427,"Gengar Gangsters","2026-06-29 22:43:07",526.7,2,tafhimchowdhury
4208,16557143,"Namir Chaudry","2026-07-17 21:33:52",526.5,2,namirchaudry
4209,16380565,Issy,"2026-06-18 10:45:44",526.5,2,issytechie
4210,16378060,"Luca Lullo","2026-06-24 12:56:33",526.3,2,lucalullo
4211,16380846,"Farigiraf Stats","2026-07-18 06:15:46",526.2,2,"andyferraris,arckaynine,goldenladybug,jellyghost"
4212,16383547,joecorder,"2026-06-20 18:49:41",526.2,2,joecorder
4213,16447049,"Corey Thompson","2026-07-28 12:32:54",526.0,2,thompcd
4214,16383121,あむ,"2026-07-05 00:15:39",526.0,2,nike017
4215,16381807,Squirrel,"2026-06-27 06:27:39",525.9,2,bunnykeeper
4216,16380333,"Hiroki Maruo","2026-07-25 00:05:15",525.7,2,hirokimaruo
4217,16576993,Dev,"2026-07-28 02:26:29",525.5,2,imdevshah11
4218,16382536,田中裕大,"2026-06-21 08:26:02",525.4,2,nico9677
4219,16371624,yiyu0716,"2026-07-15 15:18:37",525.3,2,yiyu0716
4220,16381848,Kerusu1984,"2026-06-19 12:42:21",525.3,2,kerusu1984
4221,16566197,jaafarbk,"2026-07-25 22:09:39",525.2,2,"jaafarbk,sarroukhissame"
4222,16376238,KanaWorksAI,"2026-06-18 06:49:21",525.1,2,kanaworksai
4223,16458309,jyama,"2026-07-21 01:50:28",525.1,2,yarukikun
4224,16569681,"Keisuke Suzuki","2026-07-23 15:42:44",525.0,2,kei0151
4225,16460121,PikachuKawaii,"2026-07-02 00:21:52",524.8,2,"yanwenwang2001,zjwxdu,zyliangk"
4226,16498605,"Manufactured Ideology","2026-07-28 11:39:30",524.8,2,"fukaiyohei,herotaka,ichito0229,kentarrrlies,kimura0704"
4227,16371774,町田遥裕,"2026-06-19 08:17:06",524.7,2,zibamu
4228,16544563,"Muhammad Faheem","2026-07-26 18:47:54",524.6,2,faheemgurkani
4229,16455194,chris,"2026-07-05 15:31:34",524.6,2,chris62
4230,16508877,"Team Shelecter","2026-07-12 02:57:59",524.5,2,sheltron
4231,16461456,MaciejAutuch,"2026-07-28 09:20:54",524.4,2,maciejautuch
4232,16418381,treo_hihihi,"2026-06-27 14:19:25",523.8,2,treohihihi
4233,16391124,"[Deleted] d2d01a41-e61c-4d9b-b355-e1424512bf13","2026-06-18 22:06:10",523.8,1,del=c46db3e99f3200e7
4234,16385513,"SB Kaggle","2026-07-28 02:24:56",523.7,2,"moratoryvan,totallynew"
4235,16516294,teamAlone,"2026-07-25 19:39:21",523.5,2,leeheon1105
4236,16403704,Shinichi,"2026-06-28 08:44:14",523.5,2,shinuk
4237,16371945,conan1024hao,"2026-07-28 02:37:41",523.4,2,"conan1024,edagram,expertsplasher,masaishi,wangliangji"
4238,16609346,Nat00,"2026-07-28 16:52:46",523.2,2,natliablascoandreo
4239,16585035,"Eric Han Wang","2026-07-22 14:16:24",522.8,2,ericwang03
4240,16374020,ha-sanC4,"2026-06-20 17:44:13",522.7,2,hasanc4
4241,16432770,"Udbhav Purwar","2026-07-16 01:39:20",522.6,2,udbhavpurwar
4242,16543537,Matcha2Greentea,"2026-07-26 13:16:54",522.4,2,matcha2greentea
4243,16452877,SaiDuttaAbhishekDash,"2026-07-28 00:22:36",522.4,2,saiduttaabhishekdash
4244,16568157,TianSang12,"2026-07-28 15:37:45",522.3,2,tiansang12
4245,16374904,CPAO,"2026-07-02 17:51:25",522.1,2,"jgrimesey,sirfelyne"
4246,16427728,Yz,"2026-07-03 20:12:58",522.1,2,koutaabe
4247,16533627,"Blips and Chitz","2026-07-27 02:32:51",522.1,2,michaelriedl
4248,16404795,KuroNeko_Game_Club,"2026-07-15 17:56:22",522.0,2,kuronekogameclub
4249,16421438,HEROPAP,"2026-06-29 02:18:01",521.9,2,heropap
4250,16377232,"Tsuyoshi Fujii","2026-07-19 07:27:55",521.8,2,tsuyoshifujii
4251,16558493,"duong nguyen","2026-07-28 09:52:46",521.7,2,duongnguyen161
4252,16389449,oliver,"2026-06-30 16:33:43",521.7,2,oliverlang
4253,16516906,田上勇誠,"2026-07-24 16:08:48",521.7,2,tyusei
4254,16386178,"Shaun Leong","2026-06-25 05:29:42",521.6,2,shaunleong
4255,16414864,tyakku_k2k,"2026-07-01 00:15:42",521.6,2,tyakkuk2k
4256,16410834,"Brian Beallo","2026-07-09 01:48:32",521.5,2,brianebeallo
4257,16381012,"Shohei Yamauchi","2026-07-12 15:48:12",521.4,1,shoheiyamauchi
4258,16470800,"Timothy Bender (TBenderMMA)","2026-07-14 00:27:29",521.3,2,timothybendertbender
4259,16485280,LCZ1996,"2026-07-28 00:48:25",521.3,2,lcz1996
4260,16434671,"Mikołaj  Kłoczewski","2026-07-07 21:50:06",521.1,2,mikolajkloczewski
4261,16557792,ユウカ,"2026-07-18 03:45:41",520.9,2,yuukanekko
4262,16392075,TaNiHf,"2026-07-27 15:42:43",520.8,2,tanihf
4263,16394636,Hamish,"2026-06-19 17:57:08",520.6,2,hamishdickson
4264,16371981,shikisoukan,"2026-07-24 11:54:10",520.6,2,shikisoukan
4265,16407413,Libur_,"2026-06-22 16:39:06",520.2,2,liburrr
4266,16449212,瀧山翔平,"2026-07-06 12:57:14",520.1,2,takky1028
4267,16374875,Morcillones,"2026-07-13 21:08:48",519.9,2,"davidbacasposadas,ismaelsallamimoreno,jugabe24,julincarrin,xjoseangel"
4268,16479649,GACWR,"2026-07-28 06:00:49",519.9,2,jovonni
4269,16383357,"Sholtis Labs","2026-07-17 14:44:53",519.8,2,sholtislabs
4270,16378307,d_tree_love,"2026-06-21 00:37:30",519.8,2,yuki11ii
4271,16386158,ek,"2026-06-18 09:09:20",519.8,1,enomotoko
4272,16506020,"Ash Kecap","2026-07-28 14:00:41",519.7,2,zaoooo29
4273,16417259,Makytaky,"2026-07-15 15:31:30",519.7,2,macmaky
4274,16552632,"Asterios Terzis","2026-07-16 00:53:25",519.7,2,asteriosterzis
4275,16377531,wbt,"2026-06-21 05:21:59",519.0,2,luisalfredolorenzo
4276,16389318,toru,"2026-07-07 11:36:34",519.0,2,torunagano
4277,16402948,"hisa ito","2026-06-22 08:20:20",518.9,2,itohisato
4278,16410131,"Hidden State Labs","2026-07-07 18:21:21",518.7,2,syedhamzaai
4279,16591503,"Matma Hunter","2026-07-28 11:03:47",518.6,2,matmahunter
4280,16392542,lol_dino,"2026-06-24 15:14:34",518.6,2,eringi337
4281,16398021,TakapS,"2026-06-30 13:06:33",518.5,2,"hiromoon166,takaps"
4282,16383088,Mactorr,"2026-06-25 23:43:52",518.3,2,mactorr
4283,16505792,"Gauravpreet Singh","2026-07-15 20:54:00",518.1,2,gauravpreetsingh
4284,16450350,"shinagawa monjiro","2026-07-02 06:30:27",518.1,2,shinagawamonjiro
4285,16377172,SachinChand,"2026-06-17 10:26:13",518.1,2,spiderman
4286,16569290,"zhang xxxy","2026-07-19 11:43:31",517.8,2,zhangxxxy
4287,16462081,Studdelston000,"2026-07-11 15:31:22",517.7,2,studdelston000
4288,16395996,ninjya777,"2026-06-30 17:06:47",517.7,2,ninjya777
4289,16443392,inoue0x54,"2026-07-04 01:25:03",517.6,2,inoue0x54
4290,16542757,takumayellow,"2026-07-15 01:56:18",517.6,2,takumayellow
4291,16491705,ArslanAbdallah,"2026-07-05 21:20:05",517.5,2,arslanabdallah
4292,16587449,ognoxyz,"2026-07-28 07:16:16",517.4,2,ognoxyz
4293,16374251,RyotaroAbe,"2026-06-19 16:35:07",517.3,2,ryotaro45123
4294,16372910,s2terminal,"2026-06-17 15:44:05",517.1,2,s2terminal
4295,16563291,"Guan fenghua","2026-07-25 13:30:23",517.1,2,guanfenghua
4296,16378882,"chihiro tomioka","2026-06-30 06:13:18",517.0,2,chihirotomioka
4297,16420176,chaojiwudiwujie,"2026-06-23 10:06:36",516.9,1,chaojiwudiwujie
4298,16573247,"Nguyễn Minh Chiến","2026-07-23 03:23:45",516.8,2,nmc27705
4299,16399106,ei8171,"2026-07-17 23:47:41",516.5,2,ei8171
4300,16393068,pokelarp,"2026-06-21 10:49:08",516.5,2,jellyjampeanut
4301,16391859,"Ying Peter","2026-07-27 15:24:25",516.5,2,"ciro007ciro007,yingpeter"
4302,16415347,Junkonno,"2026-07-17 16:22:08",516.4,2,"junkonno,ponko2maru,ryokwsk"
4303,16386769,DAIZU,"2026-07-06 17:52:32",516.3,2,shigehumiyoshida
4304,16371544,syamoji141,"2026-06-26 23:22:25",516.1,2,syamoji141chan
4305,16372011,Azalearn,"2026-07-28 11:37:30",516.0,2,"androidss,genkidesu,hikarusakamoto"
4306,16441362,xyc6667,"2026-06-30 02:19:10",515.9,2,xyc6667
4307,16377683,GoodWill,"2026-07-16 12:08:51",515.9,2,takafumisaito
4308,16382443,berry8192,"2026-07-05 14:45:29",515.8,2,berry8192
4309,16574884,MDPRO,"2026-07-28 03:09:29",515.6,2,"korefish,lazzyboy"
4310,16377570,VeeVee!Go,"2026-06-25 19:19:21",515.5,2,yuafox
4311,16394785,KinpatsuPoke,"2026-07-17 14:09:40",515.1,2,"ftoyomatsu,kinpatsupoke"
4312,16495773,"Kazumasa Endo","2026-07-15 14:19:42",514.7,2,"kazumasaendo,onarione"
4313,16379853,naoki,"2026-06-20 09:33:21",514.6,2,naoki777
4314,16565015,"Jethro Tan","2026-07-23 15:56:54",514.5,2,jettan17
4315,16376376,Duc24KDL,"2026-06-24 16:08:31",514.5,2,duc24kdl
4316,16387849,Oikon,"2026-06-24 15:22:28",514.5,2,oikon48
4317,16435886,qqqqqqq1111,"2026-06-26 05:19:40",514.4,2,qqqqqqq1111
4318,16409925,zone9studio,"2026-07-18 18:34:46",514.3,2,zone9studio
4319,16424467,eld,"2026-07-20 02:21:57",514.3,2,"eldjimbo,shugadev"
4320,16381303,koki334,"2026-07-03 19:23:00",514.2,2,koki334
4321,16380567,"Chattso-GPT (Yasuhito Yanagisawa)","2026-06-18 11:01:56",514.2,2,yasuhitoyanagisawa
4322,16460527,ichika17,"2026-07-01 16:24:01",514.2,2,ichika17
4323,16432669,Haiku,"2026-07-06 14:27:11",513.8,2,takeyt
4324,16384407,Totomatotomato,"2026-06-28 15:59:05",513.7,2,totomatotomato
4325,16505199,"Yongbing Tang","2026-07-13 05:35:35",513.3,2,yongbingtang
4326,16394944,sakuyuna,"2026-06-22 13:55:04",513.3,2,sakuyuna
4327,16376308,"Jane Long","2026-07-01 04:22:02",513.1,2,maisonhortensia
4328,16463332,"Galib Natsir","2026-07-21 20:32:38",513.1,2,galibnatsir
4329,16376408,hk15,"2026-06-18 21:52:23",513.1,2,"harshakrishna15,insainian,nawfalak"
4330,16381953,ytk03,"2026-07-28 00:05:19",513.0,2,ytk03mtmt
4331,16421550,ChampionTCG,"2026-06-25 13:02:03",512.9,2,championtcg
4332,16432270,yu_yukk_y,"2026-07-12 15:37:50",512.6,2,"s2010119,yuyukky"
4333,16395461,Zbida,"2026-07-03 11:39:15",512.2,2,zbidaamine
4334,16373254,bukichi,"2026-07-19 08:44:40",512.1,2,bukichi
4335,16371835,RIIIIIIIteq,"2026-06-24 06:00:13",512.1,2,rii07matsu
4336,16375519,"Klein Houmani","2026-07-28 07:28:05",512.1,2,kleinhoumani
4337,16444589,Liz,"2026-07-28 00:01:03",511.8,2,lizgarcia3
4338,16375492,"Kazuto Matsui","2026-07-08 16:02:44",511.8,2,kazutomatsui
4339,16459873,"Sean Jeong","2026-07-02 12:15:03",511.6,2,jdjin6000
4340,16516835,baokin.hcmus,"2026-07-23 01:55:59",511.4,2,"hsangg206,htti110,kin12b1tnt1,phmchnkhoa"
4341,16371881,Cathay_TCG,"2026-07-28 16:28:00",511.3,2,"chenghojung,chenkuanwu,tanimal,tinghsunchi,zerounnamed"
4342,16409184,sageintelli,"2026-07-25 11:41:47",511.3,2,sageintelli
4343,16378549,"HIKARU MATSUDA","2026-06-26 06:27:45",511.2,2,hikarumatsuda
4344,16387979,keroqueue,"2026-06-25 21:19:40",511.0,2,keroqueue588
4345,16382127,"Shridipa ","2026-06-17 17:59:05",511.0,2,shridipa
4346,16406493,"Yuichi SUZUKI","2026-07-05 03:01:23",510.9,2,ysaoiwan
4347,16373611,"Koshiro Yasuyama","2026-06-18 22:34:37",510.8,2,koshiroyasuyama
4348,16383336,tong00,"2026-07-04 14:39:37",510.8,2,tong00
4349,16388408,ktDAMA,"2026-07-28 12:36:33",510.2,2,masaruozawa
4350,16404565,nathanmcateer,"2026-07-04 00:58:54",510.1,2,nathanmcateer
4351,16376914,"Reilly Cooper","2026-06-19 20:37:19",510.0,2,reillycooper
4352,16377805,machiko_osada,"2026-06-17 12:24:23",510.0,2,machikoosada
4353,16544080,"Davi Ferreira","2026-07-27 11:50:52",509.9,2,fdavi2005
4354,16433546,はっししゅう,"2026-07-12 19:37:02",509.7,2,shusuke07
4355,16388371,Masa,"2026-06-24 11:59:14",509.7,2,tomochi
4356,16427775,"Gerar Del Toro","2026-07-23 15:58:59",509.6,2,gerardeltoro
4357,16395108,まきたくん,"2026-07-20 19:07:56",509.5,2,makitakun
4358,16385435,阪田竜生,"2026-06-21 13:41:43",509.4,2,ryusei39
4359,16483324,ykk,"2026-07-28 01:46:40",508.9,2,pongetsome
4360,16372973,gggggggg0g0,"2026-06-19 02:13:53",508.8,2,gggggggg0g0
4361,16388754,Delibird,"2026-07-09 06:38:46",508.6,2,"sairium,zoira1513"
4362,16380260,hiroto_u07,"2026-07-09 10:15:14",508.6,1,hirotou07
4363,16565521,TeamRocket,"2026-07-19 17:07:00",508.6,2,abdelbassetmoujtahid
4364,16484824,"SegPulse 锋析-Kaggle Autonomous","2026-07-24 05:59:10",508.5,2,shanghaigroom
4365,16375770,Condor,"2026-06-21 00:22:41",508.4,2,ryoyaiwatsu
4366,16383032,"hieda kazvki","2026-07-18 09:59:21",508.2,2,"kazvki,shunyanhieda"
4367,16376875,torii_kujirapoke,"2026-06-23 14:11:56",508.1,2,kujirapoke
4368,16427632,"Mike Zeng 2009","2026-06-25 00:39:35",508.1,1,mikezeng2009
4369,16381449,kouta0226,"2026-06-19 08:22:06",508.1,2,kouta0226
4370,16381508,kirakira310,"2026-07-28 16:22:42",508.0,2,kirakira310
4371,16484860,ろーずいんてり,"2026-07-21 12:59:17",507.9,2,rose2509
4372,16537903,YangjieFu,"2026-07-15 02:02:23",507.8,2,yangjiefu
4373,16385799,"poket monster","2026-06-30 00:01:45",507.8,2,ryotasatio
4374,16388324,"Midori Tatasuta","2026-06-20 09:56:54",507.6,2,midoritatasuta
4375,16386871,kanana-studio,"2026-07-07 09:42:02",507.5,2,kananastudio
4376,16420662,hatucky,"2026-07-19 20:59:09",507.4,2,hatucky
4377,16425239,minoruno,"2026-07-03 13:48:51",507.4,2,leila18
4378,16414073,DittleDev,"2026-07-24 00:44:07",507.4,2,"iker7027,kdarron94,ramendice"
4379,16414951,hdt666,"2026-06-25 01:47:20",507.3,2,hdt666
4380,16539527,"TANG FEILIAN","2026-07-28 16:10:20",507.2,2,tangfeilian
4381,16544223,Tim2006,"2026-07-22 10:12:29",507.0,1,tim2006
4382,16392865,LBT287,"2026-07-28 07:59:47",506.8,2,lbt287
4383,16450716,Confusion,"2026-07-28 16:40:11",506.8,2,hearttt
4384,16391426,suraki0120,"2026-07-04 18:12:28",506.8,2,suraki0120
4385,16377962,Javakky,"2026-07-19 13:58:30",506.7,2,javakky
4386,16397565,hakobe,"2026-06-23 23:57:02",506.5,2,yoheifushii
4387,16417856,"César Adrián Delgado Díaz","2026-07-28 01:33:53",506.4,2,cesardelgado
4388,16513311,Arctix0,"2026-07-09 18:56:50",506.3,1,arctix0
4389,16495778,muramasa,"2026-07-25 02:27:11",506.2,2,masayamurata
4390,16378076,mogura2.0,"2026-07-23 00:37:59",506.1,2,mogura20
4391,16537637,CoMessi,"2026-07-16 01:08:46",506.0,2,comessi
4392,16372198,"Dale Jung","2026-07-26 04:35:20",506.0,2,"quest47,wjdeodlf0123"
4393,16381008,K.A,"2026-06-18 13:52:13",505.9,2,azumax317
4394,16430657,"Phil Franco","2026-07-18 14:42:32",505.8,2,pcfranco05
4395,16397186,zegure392end5321d,"2026-06-27 12:53:55",505.8,2,zegure392end5321d
4396,16515619,Sylvanas9527,"2026-07-18 15:13:28",505.6,2,sylvanas9527
4397,16540479,Jepacor,"2026-07-14 16:03:58",505.6,2,jepacor
4398,16596355,"Rodrigo Batista da Silva","2026-07-25 00:41:57",505.6,1,eurodrigobatista
4399,16387557,"Joseph Kharzo","2026-06-23 03:17:33",505.4,2,jekojekojeko
4400,16426093,takuya008,"2026-07-08 12:06:04",505.3,2,takuya008
4401,16457643,Baodewen,"2026-07-03 09:14:49",505.3,1,baodewen
4402,16373505,Rich,"2026-06-26 06:50:23",505.0,2,richkastl
4403,16376196,mocky700,"2026-07-19 10:01:47",505.0,2,"mocky700,suzukihinatadev"
4404,16377317,"Kosuke Izumi","2026-06-19 11:37:40",504.9,2,kizumi0712
4405,16411543,"Maxwell Goisman","2026-06-27 00:02:32",504.9,2,maxwellgoisman
4406,16434164,Cotini,"2026-07-22 04:39:51",504.6,2,marconyxd
4407,16377993,William_Rod,"2026-07-25 09:43:26",504.6,2,williamrod
4408,16427437,"masaaki imai","2026-06-24 13:21:56",504.4,1,masaakiimai
4409,16383715,"Léo DEVIN","2026-06-30 06:47:56",504.3,2,lodevin
4410,16373014,ZAOUI_Yassine,"2026-07-27 20:10:57",504.2,2,zaouiyassine
4411,16392156,esu_mitsunari,"2026-06-19 03:47:51",504.0,2,esumitsunari
4412,16443923,Rataro.S,"2026-07-01 01:07:39",504.0,2,kantomori0421
4413,16381219,nyahomaru.,"2026-07-07 01:37:43",503.9,2,"nyahomaru,smatsushita"
4414,16501368,mori_the_natural,"2026-07-12 13:04:42",503.7,2,morithenatural
4415,16389569,Yuki_Kaneko,"2026-06-27 04:34:09",503.7,2,yukikanek0
4416,16551414,"Arav Goyal","2026-07-23 18:49:41",503.7,2,itsaravg
4417,16422609,ronniepiku,"2026-06-23 19:34:24",503.7,1,ronniepiku
4418,16385178,zumatin,"2026-07-03 02:59:23",503.6,2,azumasosuke
4419,16374388,onionring26,"2026-07-06 02:09:38",503.5,2,"momentummm,onionring26,skota0815"
4420,16382915,highwide,"2026-07-15 14:34:34",503.2,2,highwide
4421,16381617,"hiroto fujimori","2026-06-19 13:26:38",503.2,2,hirotofujimori
4422,16374132,太田颯紀,"2026-07-18 14:35:06",503.1,2,satsuki0kaggle
4423,16604079,Leo,"2026-07-27 05:57:06",502.8,1,leo123321
4424,16605416,"Yingrui Wang","2026-07-28 10:55:16",502.8,2,yingruiwang
4425,16448573,Paami,"2026-07-07 03:41:21",502.6,2,coldpaami
4426,16426904,lowbackpain-slime,"2026-06-24 14:51:07",502.6,2,lowbackpainslime
4427,16381461,"Jales Ferreira","2026-06-22 02:50:04",502.4,2,jalesferreira
4428,16373150,KTG,"2026-06-19 02:41:35",502.2,2,kg2500
4429,16376228,"Hondo Tamez","2026-06-17 12:07:37",501.9,2,hondotamez
4430,16482230,passion,"2026-07-13 15:25:11",501.8,2,lanmaogen
4431,16507966,"Little Rascal","2026-07-17 01:46:17",501.7,2,yshimoda
4432,16381246,Ultra7,"2026-07-26 17:44:56",501.6,2,yammyd
4433,16532717,"Alex Daniel","2026-07-14 16:45:17",501.6,2,alexjwdan
4434,16533521,jdx,"2026-07-26 22:30:56",501.5,2,jdsemrau
4435,16402331,phalanchang,"2026-06-20 14:29:31",501.4,1,phalanchang
4436,16379397,"Takuma Ishii","2026-06-17 15:56:09",501.2,2,takumaishii
4437,16378194,孤独のコーヒー,"2026-07-10 03:23:55",501.2,2,solitarycoffee
4438,16490025,"Aimee Stone","2026-07-05 20:32:54",501.1,2,aimeestone
4439,16599709,"ZHE WANG","2026-07-26 19:28:24",501.0,2,zhewang74110
4440,16411643,Quroro,"2026-07-27 03:28:41",500.8,2,quroro
4441,16383398,"Remi Wynthein","2026-07-01 17:19:01",500.8,2,remiwynthein
4442,16401805,YK-Orfeluna,"2026-06-28 16:12:26",500.7,2,yukikitagishi
4443,14467238,"Addison Howard (ineligible)","2026-07-22 00:01:04",500.6,2,addisonhoward
4444,16590923,"Amit Chhabria","2026-07-28 15:03:28",500.6,2,amitchhabria
4445,16583504,"Sushanth Tiruvaipati","2026-07-28 00:44:37",500.6,2,sushanthtiruvaipati
4446,16388752,"Zachariah Glad","2026-07-27 16:14:38",500.3,2,zachariahglad
4447,16379508,"George Olteanu","2026-06-17 23:06:56",500.1,2,olteanu
4448,16394316,"Kotaro Seki","2026-07-09 08:17:19",500.1,2,kotaroseki
4449,16430883,"Z19 Maker","2026-07-02 16:54:54",500.1,2,z19maker
4450,16392291,"Masayuki Kimura","2026-07-13 23:03:26",500.1,2,masayukikimura1976
4451,16487977,"Kazumi Sakamaki","2026-07-18 07:31:33",499.9,2,hatimitusiropp
4452,16450656,"Emanuel Lázaro","2026-06-29 16:19:44",499.7,2,emanuellcs
4453,16593757,malibu_orange,"2026-07-24 15:15:37",499.5,2,malibuorange
4454,16392082,shoot0645,"2026-07-12 14:13:54",499.4,2,shoot0645
4455,16372597,Salt708,"2026-06-16 14:43:20",499.4,2,shionao7
4456,16515149,"Juan Neira","2026-07-28 06:05:46",499.2,2,juancneira
4457,16530295,"Cintia I. Shinoda","2026-07-12 18:07:52",499.2,2,shinoda
4458,16435037,"Neil Bhatkhande","2026-07-21 01:50:03",499.1,2,neilbhatkhande
4459,16391869,sake-kuzu,"2026-07-15 12:39:49",499.1,2,"tabetaaaaaaa,tvana4"
4460,16373041,okadayuki,"2026-06-20 04:35:54",499.1,2,okada2023
4461,16374035,"Jack Wilson","2026-06-19 05:19:00",499.0,2,jackvwilson
4462,16372496,"Yuya Shintani","2026-06-17 03:33:34",499.0,2,uplus26e7
4463,16510258,"YI-EN FANG","2026-07-11 08:38:22",498.8,1,yienfang
4464,16377093,"KT MATA","2026-06-28 05:07:50",498.8,2,ktmata
4465,16389072,Anmol611,"2026-06-23 22:19:57",498.6,2,anmol611
4466,16513137,"Carles Villar Vegara","2026-07-21 12:51:52",498.6,2,carlesvillarvegara
4467,16385149,"DeviPriya Raju","2026-06-26 05:18:07",498.5,2,priya2117
4468,16384024,"Francisco Vargas","2026-07-01 19:37:06",498.2,2,franciscovargas
4469,16376925,czechmix,"2026-07-19 07:22:25",498.2,2,czechmix
4470,16554304,blahaj,"2026-07-23 10:41:14",498.1,2,blahaj
4471,16380953,DiadoraTCG,"2026-06-24 01:58:09",498.1,2,diadoratcg
4472,16415898,"Danish Shakeel Mohammad","2026-07-26 21:32:54",497.9,2,"danishsmohammad,sr2468135"
4473,16392396,"Rushil Ramachandran","2026-06-22 04:07:45",497.6,2,rushilramachandran
4474,16431456,nalu0926,"2026-07-23 17:26:01",497.6,2,nalu0926
4475,16424849,Yizhi,"2026-07-02 08:56:33",497.4,2,yizhitao
4476,16395423,fakermitu,"2026-07-03 14:40:59",497.2,2,fakermitu
4477,16375106,nd77dn,"2026-06-20 07:17:59",497.2,2,nd77dn
4478,16483089,aile-dev283,"2026-07-05 08:23:53",497.0,2,ailedev283
4479,16440390,"Lazy Bandit","2026-06-30 18:54:48",496.6,2,lazybandit
4480,16413866,kaykay,"2026-06-22 11:18:09",496.4,1,homemadedosukoi
4481,16461466,"Sheik Javeed","2026-07-06 04:42:59",496.4,2,jdcodes
4482,16552475,Boltuzamaki,"2026-07-19 09:59:48",496.2,2,boltuzamaki
4483,16380704,UJ_shinozaki,"2026-06-20 12:31:21",495.8,2,ujshinozaki
4484,16377068,"Zero Coke","2026-06-17 07:01:42",495.7,1,zer0coke
4485,16457064,Daisuke,"2026-07-02 15:31:39",495.6,2,daisukes94
4486,16395576,KellersInColorado,"2026-07-14 02:24:57",495.5,2,kellersincolorado
4487,16376036,"Koki Saitoh","2026-07-23 12:26:09",495.4,2,kokisaitoh
4488,16377108,BlueSteel,"2026-06-21 07:40:38",495.4,2,zhy65401
4489,16531596,"Alexandru A","2026-07-18 08:23:19",495.3,1,alexandrua01
4490,16393015,bigmanblastoise,"2026-07-27 06:29:55",495.2,2,"dazaitwelve,devanshnn,himanshu0120,sameerrry,smoldihhbigdreams"
4491,16595271,Turgay_TheGenius,"2026-07-27 19:58:59",495.1,1,turgaythegenius
4492,16395567,ZAMA,"2026-06-28 07:54:29",495.1,2,faizaan76
4493,16372640,"Hiromi Motodera","2026-06-18 03:17:18",495.1,2,hiromimotodera
4494,16531924,"Finlay Sanders","2026-07-12 16:07:07",494.4,1,"baellouf,finlaysanders"
4495,16452313,noki_UNNC,"2026-07-24 09:48:00",494.4,2,nokiunnc
4496,16386376,monyai,"2026-06-20 11:52:29",494.3,2,monyai
4497,16375911,yonemasa,"2026-07-26 15:46:09",494.3,2,yonemasa
4498,16472282,yujifuji,"2026-07-20 11:53:53",494.1,2,yujifuji
4499,16400151,yankang_XZK,"2026-06-21 11:35:28",494.0,2,yankang233
4500,16375306,"Brandon Ellis","2026-06-17 05:41:14",493.7,2,theultimateabsol
4501,16554703,"Abdulazeez AbdulMumeen","2026-07-17 10:35:57",493.6,2,ayobeen
4502,16394718,AILogDev,"2026-06-21 00:58:58",493.5,2,ailogdev
4503,16382181,shuto_shizuku,"2026-06-29 12:35:53",493.4,2,shutoshizuku
4504,16434608,"Sleepy Nuts","2026-06-25 19:52:42",493.3,2,sleepynuts
4505,16412043,PxlPau,"2026-07-06 01:43:17",493.3,2,studybeetutoring
4506,16422645,Zwieks,"2026-07-28 16:06:44",493.3,2,zwieks
4507,16474293,Rattanunt,"2026-07-04 08:37:09",493.2,2,rattanunt
4508,16385633,ys1997,"2026-06-29 20:14:10",493.1,2,ys0923
4509,16375281,"Francisco Stahl","2026-06-17 05:41:44",493.1,2,franciscostahl
4510,16544854,"Feroz Ahmed DS","2026-07-14 16:56:00",493.1,1,ferozahmedds
4511,16513028,kagekage11,"2026-07-19 09:42:19",493.0,2,kagekage11
4512,16557256,Doug,"2026-07-22 13:47:36",492.9,2,dougsgrott
4513,16400299,YOYOYO2026,"2026-06-23 15:46:06",492.7,2,yoyoyo2026
4514,16579757,"Jasurbek Akhunov","2026-07-24 05:17:41",492.6,2,jasurbekakhunov
4515,16395381,munkidori,"2026-07-27 10:59:10",492.6,2,"ash225,yashtulshyan"
4516,16551172,Michunlinnai,"2026-07-15 16:57:37",492.3,2,michunlinnai
4517,16414875,Matsuokaaaaa,"2026-07-06 21:45:52",492.2,2,matsuokaaaaa
4518,16472188,AdityaKrishnamurthy,"2026-07-13 17:21:58",492.1,2,krishaditya
4519,16382470,"Sijin Yu","2026-06-20 03:24:12",492.0,2,sijinyu
4520,16395350,"Ishan Kapoor","2026-07-21 00:00:59",491.9,2,ikapoor23
4521,16378001,"sa s","2026-06-29 06:53:32",491.6,2,sas080
4522,16557531,"Tanush Thirunagari","2026-07-25 21:54:15",491.6,2,tanushthirunagari
4523,16456868,Pratikp02,"2026-07-22 17:50:21",491.5,2,pratikp02
4524,16385958,bacon4423,"2026-06-27 11:09:06",491.4,2,bacon4423
4525,16413293,GaveduAi,"2026-07-10 21:25:00",491.0,2,verise6211
4526,16388681,"MATSUMOTO Ryutaro","2026-06-19 17:20:46",490.8,2,matsumotoryutaro
4527,16437746,nofreewill42,"2026-06-26 15:00:25",490.3,2,nofreewill
4528,16591061,"Zac Fillmore","2026-07-28 14:17:58",490.1,2,zacfillmore
4529,16395816,"ali rehman khan","2026-06-20 13:29:08",489.9,2,alirehmankhan
4530,16371495,gongdo,"2026-06-21 16:41:51",489.8,2,gongdo
4531,16376017,KEN,"2026-06-19 08:31:30",489.7,2,kentamatsumoto1211
4532,16433944,"Aaron Cuellar","2026-07-28 15:18:33",488.6,2,aaroncuellar
4533,16379706,Yugoawawa,"2026-06-20 17:53:38",488.5,2,yugoawawa
4534,16488693,"Arijit Chowdhury (IIITD)","2026-07-06 09:17:59",488.5,2,arijitchowdhuryiiitd
4535,16375754,イチノセ,"2026-06-18 01:21:13",488.3,2,ichinose3
4536,16373692,"Kota Munaoka","2026-06-19 06:20:27",488.2,2,kotamunaoka
4537,16419574,odakazu,"2026-06-24 17:28:47",488.1,2,odakazu
4538,16392320,"MADICHETTY SAI RUCHITHA","2026-06-19 07:34:15",488.1,2,madichettyruchitha
4539,16379946,中村恵大,"2026-06-24 07:59:31",488.0,2,chimannnn
4540,16395332,"Cool Ryans","2026-07-17 08:49:51",487.9,2,"jakubpasenfujka293,maxmen11"
4541,16376273,"Josh Greiff","2026-06-23 19:44:13",487.9,2,joshgreiff
4542,16451760,"Kensuke Kurita","2026-07-28 15:33:55",487.5,2,kensukekurita
4543,16580483,lsquaremaster,"2026-07-25 02:51:17",487.3,2,lifelonglearner12
4544,16586350,VishXAi,"2026-07-22 16:14:49",487.2,1,vishxai
4545,16461055,Luca925,"2026-07-08 00:51:05",486.8,2,lucaluo925
4546,16374622,bihrain,"2026-07-15 06:13:25",486.5,2,bihrain
4547,16443873,"Muhammad Souzan Shaquille","2026-07-04 14:41:17",486.5,2,justadeer
4548,16392750,altvision,"2026-06-19 15:15:19",486.5,2,altvision
4549,16424179,"Ryan A.","2026-07-26 06:26:54",486.4,2,"aruntejthummepally,ryanalport"
4550,16379587,"Mohammad Hatoum","2026-06-17 11:59:44",486.4,2,mohammadhatoum
4551,16377630,岩田泰久,"2026-06-17 13:46:59",486.2,2,yasuhisaiwata
4552,16383921,harsh,"2026-06-21 16:50:06",486.1,2,hrdv10
4553,16378973,"Just a Student","2026-06-20 13:16:53",486.1,2,aotoizawa
4554,16380163,AFC,"2026-06-20 19:01:32",485.9,2,"ashipann,homuragg"
4555,16489400,hiro_c58,"2026-07-09 00:29:29",485.9,2,hiroc58
4556,16586979,lopert,"2026-07-23 20:34:59",485.8,2,lopert
4557,16377179,"Jake Peterson","2026-06-18 21:43:33",485.8,2,jakewp11
4558,16383689,"Mikael Marcondes","2026-07-27 23:28:03",485.7,2,mikaelmarcondes
4559,16382362,Ykst51,"2026-06-27 19:25:58",485.6,2,ykst51
4560,16395083,"Emre Bektas","2026-06-20 11:57:41",485.5,2,ebktas
4561,16584609,FENGZHAOFAN,"2026-07-27 09:35:35",485.4,2,fengzhaofan
4562,16442278,大竹那奈,"2026-07-19 05:03:39",485.4,2,ootaken
4563,16389819,bushdoge,"2026-07-14 09:40:38",485.3,2,bushdoge
4564,16376685,Yuta_poke,"2026-06-17 12:09:45",485.2,2,yuta1process
4565,16373388,MangaNow,"2026-06-18 13:09:53",485.0,2,manganow
4566,16386694,syareene,"2026-07-27 09:16:05",484.7,2,syareene
4567,16582158,CortexExplorer,"2026-07-28 12:36:40",484.6,2,cortexexplorer
4568,16378070,Aakansha.aakaa,"2026-06-21 10:09:10",484.5,2,aakanshaaakaa
4569,16426056,Ousagi,"2026-06-27 12:21:51",484.3,2,enzowalter
4570,16535631,AksanBA,"2026-07-12 20:51:30",484.2,2,aksanba
4571,16533750,PLLZ,"2026-07-14 14:26:57",484.1,2,pllzzz
4572,16441867,KazIWATA,"2026-07-09 13:02:33",484.0,2,kaziwata
4573,16391983,Hinapipipipi,"2026-06-20 18:05:03",483.8,2,hinapipipipi
4574,16372204,eimanjibot,"2026-07-28 12:28:57",483.8,2,eimanjibot
4575,16450151,Atrix,"2026-07-01 12:18:30",483.6,2,atrix21
4576,16377520,sh1kuwasa,"2026-06-17 17:09:29",483.6,2,sh1kuwasa
4577,16374779,vicbentu,"2026-07-12 19:20:37",483.5,1,vicbentu
4578,16447341,TutaevAlim,"2026-06-28 15:43:20",483.1,1,life228
4579,16432276,ljdzzz10,"2026-06-28 11:48:29",482.7,1,ljdzzz10
4580,16498111,"Project Mew","2026-07-28 12:31:34",482.5,2,"sanjay6727,thefool00"
4581,16583866,"Shaw Sebastian","2026-07-22 08:26:30",482.3,2,shawsebastian
4582,16391196,rkd,"2026-06-22 09:58:06",481.9,2,ryookd
4583,16372990,"small pond","2026-07-02 14:58:14",481.7,2,smallpond
4584,16608142,"Scarlett Lee","2026-07-28 08:50:43",481.7,2,starlitscarlett
4585,16430141,urnotsam,"2026-06-30 11:40:42",481.7,2,urnotsam
4586,16377296,monao462,"2026-06-20 13:37:49",481.5,1,monao462
4587,16510931,"Alfredo Gomez","2026-07-27 22:29:32",481.5,2,alfredgo21
4588,16514472,Fran2026,"2026-07-11 07:08:42",481.5,2,fran2026
4589,16371594,"Yunosuke Saito","2026-06-18 19:51:07",481.2,2,yunosukesaito
4590,16558568,mumutu66,"2026-07-28 11:53:05",481.2,2,mumutu66
4591,16373569,DhawalModi,"2026-06-17 16:58:41",481.2,1,daveconnor
4592,16485312,Leazin,"2026-07-28 09:26:38",481.1,2,"leazin,poupinou"
4593,16384703,"Danik Hollatz","2026-06-17 22:00:15",481.1,1,dankopenko
4594,16566286,"Vladimir Mojica","2026-07-18 18:43:24",481.0,1,vladimirmojica
4595,16412654,"Yifang Zhang","2026-07-12 06:10:50",481.0,2,yiiiiiifang
4596,16494258,jhammer4,"2026-07-10 07:42:44",481.0,2,jhammer4
4597,16394960,yun8686,"2026-06-23 12:01:24",480.9,2,yun8686
4598,16380338,MORU,"2026-06-21 05:33:40",480.8,2,morihibiki
4599,16399644,"Jianzhou Liu","2026-07-06 11:10:48",480.5,2,"jianzhouliu,jusintfx"
4600,16372365,Nono,"2026-06-25 01:05:01",480.5,2,non012
4601,16378074,unprosaiclabyrinth,"2026-06-17 06:53:48",480.4,2,unprosaiclabyrinth
4602,16392080,cgaines,"2026-06-21 02:49:43",480.3,2,cgaines
4603,16378806,TakayukiSPIC,"2026-06-17 14:43:58",480.2,1,takayukispic
4604,16392463,"Gilberto Santos","2026-07-06 21:44:09",480.2,2,gardien
4605,16430616,satouttu,"2026-06-25 03:10:33",480.1,1,satouttu
4606,16589754,KevinDaGreat777,"2026-07-23 16:12:55",480.1,1,kevindagreat777
4607,16413224,影山祐介,"2026-06-24 06:02:55",480.0,2,kbykageyama
4608,16484040,Henrik,"2026-07-04 04:20:14",480.0,2,henrik404
4609,16443574,MyRoom,"2026-07-25 17:30:28",480.0,2,kuumugiwara
4610,16383333,HirokiGLHF,"2026-07-03 16:14:14",479.7,2,hirokiglhf
4611,16510363,wonjae,"2026-07-26 02:28:50",479.6,2,wonjae62
4612,16376587,jwils4,"2026-06-21 01:23:19",479.6,2,jwils4
4613,16440662,"James Edmond","2026-07-25 01:34:40",479.5,2,jamedmond
4614,16386562,canesro,"2026-06-21 09:23:08",479.5,2,canesro
4615,16448337,"Dmytro Rakovskyi","2026-07-20 07:46:07",479.4,2,dmytrorakovskyi
4616,16389961,"Yanlin Wu 916","2026-06-19 14:04:39",479.1,2,yanlinwu916
4617,16397275,"Keisuke Ota (Kei)","2026-07-08 11:49:51",478.8,2,keisukeotakei
4618,16395619,delightening,"2026-06-24 06:01:30",478.6,2,delightening
4619,16384579,Dons,"2026-06-29 00:43:43",478.4,2,"jonanakaiml,paulyokota"
4620,16373786,taichi-1,"2026-06-16 17:01:29",478.4,2,taichiiskw
4621,16479661,"Ruida RUAN (Vergil)","2026-07-03 03:50:52",478.1,1,ruidaruanvergil
4622,16389771,"Yuki Higashi","2026-07-23 15:09:50",477.9,2,yukihigashi
4623,16376809,takumi_ot0000,"2026-07-04 08:11:01",477.9,2,takumiot0000
4624,16392895,Shiny-Rayquaza,"2026-06-25 09:49:17",477.8,2,kragrrr
4625,16414781,Masaya_SAN,"2026-07-27 11:13:47",477.5,2,"k4eed3,masayasan"
4626,16408529,"Anuj Saha","2026-06-23 09:55:04",477.5,2,anujsaha0123456789
4627,16392026,dxjjjjjj,"2026-06-24 08:43:32",477.5,2,dxjjjjjj
4628,16413175,SHINTARO,"2026-06-23 05:40:47",477.0,2,shintar000
4629,16383949,genki_hagata,"2026-07-27 22:45:04",477.0,2,genkihagata
4630,16375654,REi0077,"2026-07-28 11:18:24",477.0,2,rei0077
4631,16427842,OceFFFF,"2026-06-28 12:16:21",476.7,2,oceanfujimoto
4632,16381685,新松戸ポケカ研究所,"2026-07-28 14:39:27",476.6,2,"wab2nd,yanbaru"
4633,16389252,re_eee_ne,"2026-06-27 14:12:34",476.5,2,reeeene
4634,16418527,野原拓也,"2026-06-23 07:09:34",476.5,1,tackle3494
4635,16392780,tstakeda,"2026-07-04 00:59:33",476.2,2,tstakeda
4636,16378845,DDDomyo,"2026-06-22 08:11:22",476.2,2,"dddomyo,loxonin"
4637,16382085,"Saianiruth M","2026-06-26 12:24:25",476.2,2,saianiruthm
4638,16405299,"Trinity Tea Party","2026-07-23 13:37:45",476.1,2,"keitaroboin,macha7187,tangtheta"
4639,16446527,Yucahu,"2026-07-21 16:41:03",476.1,2,drakus74
4640,16407237,"Hao Boyuan","2026-06-21 22:58:29",476.0,2,kennethhao8
4641,16434251,Miker,"2026-06-27 01:06:29",475.9,2,miker1
4642,16393671,"Kakeru Hashimoto kaito","2026-06-21 13:26:34",475.9,1,kakeruhashimotokaito
4643,16604948,"Arda Yıldız","2026-07-28 10:03:30",475.8,2,xreina8
4644,16534053,CrazyDave111,"2026-07-19 06:54:30",475.7,2,crazydave111
4645,16488410,"Nitin Yadav 4321","2026-07-06 04:38:39",475.7,2,nitinyadav4321
4646,16371384,gawa0000,"2026-07-19 17:51:03",475.5,2,gawa0000
4647,16375573,m09855,"2026-06-17 11:26:20",475.1,2,m09801
4648,16472948,"Yutaro Iizuka","2026-07-22 06:31:24",475.1,2,yutaroiizuka
4649,16578045,quantcrypto3,"2026-07-24 04:31:50",474.9,2,quantcrypto3
4650,16376672,"Yuto Umehara","2026-07-10 01:57:11",474.7,2,yutoumehara
4651,16535119,BullFloG,"2026-07-18 21:56:30",474.6,2,bullflog
4652,16377857,nakotsuko13,"2026-07-07 16:40:29",474.5,2,nakotsuko13
4653,16475633,"Kota Morimoto","2026-07-15 14:46:03",474.3,2,kotamorimoto
4654,16531833,"Dawei Zhang","2026-07-13 01:10:17",474.0,2,zhangdaw156
4655,16417557,"Luke Stafford","2026-06-23 23:29:28",473.8,2,luketstafford
4656,16381949,MakotoInomoto,"2026-07-08 23:04:36",473.8,2,makotoinomoto
4657,16376930,Yuulis,"2026-06-20 08:59:26",473.7,2,yuulis
4658,16445356,saladoil,"2026-07-10 00:43:45",473.7,2,saladoil
4659,16380544,pickles0923,"2026-06-24 17:11:08",473.2,2,pickles0923
4660,16511816,dongco,"2026-07-09 12:07:34",473.2,2,dongco
4661,16557265,"weihao huang2004","2026-07-20 04:12:22",473.1,2,weihaohuang2004
4662,16392426,"Jahan Kazimi","2026-06-19 06:39:10",472.9,2,jahankazimi
4663,16426707,NiniSan,"2026-07-09 01:04:01",472.9,2,ninisan
4664,16576994,"Martin Balla","2026-07-26 16:51:54",472.8,2,martinballa
4665,16376658,"Yuta Tadokoro","2026-06-17 09:04:23",472.7,2,yutatadokoro
4666,16384644,"Ryoki Kunii","2026-07-06 18:17:59",472.4,2,programmerryoki
4667,16592708,"Teppei Yamamoto","2026-07-26 03:30:03",472.4,2,tepp2023
4668,16383385,"naoteru nakamura","2026-07-04 10:04:24",472.4,2,naoteru
4669,16405682,atuage70,"2026-06-26 12:54:18",472.1,2,atuage
4670,16378470,NAUTANAKA,"2026-07-15 02:25:47",471.7,2,nautanaka
4671,16399967,"Kiyotaka Kobayashi","2026-07-13 11:03:13",471.4,2,kiyotakakobayashi
4672,16541076,ShadowT_T,"2026-07-28 12:00:25",471.2,2,shadowtt
4673,16382171,kishingo,"2026-06-25 15:08:55",471.1,2,kissing
4674,16383764,"Lucas Sterniak","2026-07-02 22:21:52",471.1,2,lucassterniak
4675,16385132,kmdrism,"2026-07-27 13:24:12",471.1,2,kmdrism
4676,16382818,Benjp8,"2026-06-19 16:02:34",471.0,2,benjp8
4677,16383375,"Kz hara","2026-06-22 15:05:38",470.9,2,kzhara
4678,16419050,"Luan Pham","2026-07-14 06:29:06",470.8,2,luanpg
4679,16444550,"Justin Tang","2026-06-30 19:41:48",470.8,1,justin2009
4680,16374016,"Ethan Yang","2026-06-20 23:50:58",470.8,2,ysyang95
4681,16381128,"Aditya Sasidhar","2026-06-17 12:50:35",470.6,2,tadityasasidhar
4682,16378050,TAKESHI7676,"2026-07-23 16:21:05",470.6,2,takeshi7676
4683,16484418,清水侑吾,"2026-07-04 17:04:19",470.5,1,yugo03
4684,16381493,GsGsSsSs,"2026-06-21 09:03:16",470.4,2,gsgsssss
4685,16400009,"Obaachan Sensei to AI Gundan","2026-07-12 23:21:01",470.4,2,ayachacar
4686,16380676,Monke,"2026-07-25 05:04:50",469.9,2,"aidnlamp,gzy1025,nemoji"
4687,16391544,"Ortiz-AI Partners","2026-06-21 04:46:54",469.6,2,ortizaipartners
4688,16416580,ottojr,"2026-06-25 15:28:22",469.3,2,ottmanbenlarch
4689,16373392,HumanMachines,"2026-07-20 10:10:56",469.1,2,"gfsmttt,manuel4826,mariolindezmartinez,pablomartinpalomino"
4690,16376181,Ko,"2026-07-19 14:47:00",468.9,2,komurase
4691,16421951,"sixer srinath","2026-06-29 07:15:54",468.8,2,srinath2495
4692,16412970,Gloxynia,"2026-06-23 16:41:48",468.8,2,gloxynia
4693,16532473,"Oscar Protocol","2026-07-11 16:14:44",468.8,1,jasonwold
4694,16514208,"Roberto Iovino","2026-07-13 08:35:58",468.8,1,robertoiovino
4695,16380232,"rin araya","2026-06-17 12:02:23",468.6,2,rinaraya
4696,16404601,HeartGold,"2026-06-21 20:22:23",468.5,2,sevenastro
4697,16372312,siguremon,"2026-06-21 15:18:47",468.4,2,siguremon
4698,16446329,"Hiro Wang","2026-06-28 13:03:14",468.3,2,hirowang5
4699,16486569,"sai vineeth","2026-07-05 06:55:42",468.2,2,saivineeth147
4700,16401854,FcoUniverse,"2026-07-26 14:31:14",468.1,2,fcouniverse
4701,16395089,gota,"2026-06-19 21:43:44",468.1,2,gshirato
4702,16398999,riku_cascade,"2026-06-20 06:32:14",467.7,2,rikucascade
4703,16443220,poke,"2026-07-28 17:07:04",467.6,2,"ayushshekhar56,ishaanver"
4704,16398966,UTSA-NLP,"2026-06-20 05:19:21",467.1,1,zephyrs
4705,16372044,nozmulll,"2026-06-17 16:47:15",467.0,2,nozmulll
4706,16378231,bkal01,"2026-06-21 00:14:22",466.9,2,bkal01
4707,16404789,"Steve Watson","2026-07-01 01:56:24",466.9,2,stevewatson999
4708,16403602,"Clanishing Hammers","2026-07-14 12:16:08",466.8,2,"alexhounsell,bentaylor03,billiamwungas,c9nnor,jesseamara"
4709,16494215,"Adam Owada","2026-07-10 06:23:53",466.8,2,aowada
4710,16558791,dongfangdaguo,"2026-07-17 12:18:09",466.7,1,dongfangdaguo
4711,16561366,Blender,"2026-07-18 01:51:35",466.7,2,newguyonhere
4712,16487228,"Donald CHOGOU","2026-07-18 18:57:15",466.7,2,"donaldchogou,mlonjoansafagnibo"
4713,16530722,chunyu,"2026-07-18 00:06:38",466.6,2,lamchunyu
4714,16410596,"Yash Vardhan","2026-07-21 07:21:58",466.6,2,poruskapil1
4715,16413387,Renaissancejxj,"2026-06-22 14:08:48",466.2,2,renaissancejxj
4716,16375917,coba11,"2026-07-06 01:11:05",466.0,2,kenkkkk
4717,16561588,"Davaughn Hoots","2026-07-28 14:08:52",465.9,2,davaughnhoots
4718,16468885,hydrogenbonds,"2026-07-27 07:43:27",465.7,2,jeffreyntse
4719,16375343,Glorian,"2026-06-17 23:44:08",465.7,2,glorian
4720,16373161,"Night March","2026-07-28 15:25:41",465.6,2,"kkuroda2606,pachuru"
4721,16375716,ryoooooo,"2026-06-22 14:33:10",465.6,2,ryoooooo
4722,16377208,"Baker Jackson","2026-06-19 02:16:58",465.4,2,bakerjackson
4723,16390927,"Anh Lam","2026-07-01 05:26:26",465.3,2,amelialam
4724,16584327,Lelouch,"2026-07-26 19:23:03",465.2,2,"lionpulses,snorlaxfang"
4725,16459374,"Fosco Quadri","2026-07-17 19:21:19",465.2,2,foscoquadri
4726,16417863,jp_nerdery,"2026-07-28 09:05:29",465.1,2,ytochii
4727,16486439,"Sven Natterer","2026-07-24 06:07:43",465.1,2,svennatterer
4728,16374644,"David Selin","2026-07-08 02:43:07",464.9,2,qwertyd93
4729,16385671,"Spanish Duck","2026-06-21 05:58:12",464.7,2,spanishduck
4730,16372622,YusBri,"2026-06-20 03:55:50",464.6,2,"ukiko0801,yusukebrian"
4731,16400614,"Tegar Putrayas Dentatama","2026-07-07 07:57:19",464.4,1,tegarputrayasd
4732,16372089,"Christian McBride","2026-06-18 12:29:28",464.2,2,christianmcb
4733,16426172,EasonLee0917,"2026-07-09 08:20:41",464.1,2,easonlee0917
4734,16371665,SENGA,"2026-06-23 05:59:30",464.0,2,sukabato
4735,16382702,kawasaki12,"2026-07-01 02:25:47",463.3,2,titanic12
4736,16385693,"Gonzalo Asencio","2026-06-19 23:13:34",463.3,2,gonzaloasencio
4737,16372285,Fumisky,"2026-06-17 14:49:40",463.2,1,fumisky
4738,16377836,shimadadada,"2026-06-18 12:39:08",463.2,2,shimadadada
4739,16388031,tk1024,"2026-06-20 15:31:23",463.1,2,kaggletk1024
4740,16373421,ajisto,"2026-06-21 08:27:20",463.1,2,matsukuboyasuki
4741,16373952,"Sol Rogers","2026-07-28 08:06:13",463.0,2,solrogers
4742,16501173,"Haruhi Kunieda","2026-07-17 15:53:22",462.8,1,haruhikunieda
4743,16492273,"Liku Shioya","2026-07-25 18:34:05",462.8,2,likushioya
4744,16539091,kosei1701,"2026-07-23 06:07:32",462.7,2,kosei1701
4745,16602232,"Mohit Shirke","2026-07-28 05:40:47",462.4,2,orcivion
4746,16372708,TidalBuckeye,"2026-06-16 14:30:12",462.2,1,tidalbuckeye
4747,16381108,"Aoi Umigishi","2026-07-02 23:18:29",462.2,2,aoiumigishi
4748,16410029,Jihyekor02,"2026-07-06 21:43:32",462.1,2,jihyekor02
4749,16404982,"Jacob Pierce","2026-07-27 19:57:09",462.1,2,jacobipierce
4750,16490963,"Szymon Kłapiński","2026-07-06 11:23:41",461.9,2,szymonkapiski
4751,16405143,bgsszsa,"2026-07-28 01:18:06",461.7,2,bgsszsa
4752,16479944,"Chiu,Meng-Tse","2026-07-21 08:34:07",461.6,2,"chiumengtse,shenhanxi506"
4753,16382645,"Minh Ly","2026-07-02 14:17:29",461.6,2,mlkhan22
4754,16437005,Ricebug,"2026-07-02 13:19:11",461.3,2,ricebugtw
4755,16380197,dodeuse57,"2026-06-22 10:12:16",461.3,2,dodeuse57
4756,16392758,RadicalAceK,"2026-06-24 05:13:19",460.6,1,radicalacek
4757,16531943,"Peter Tinashe Mundowa","2026-07-23 10:25:38",460.5,2,petermundowa
4758,16413209,Victor,"2026-07-03 09:07:21",460.4,2,victort3
4759,16376770,CatPurrgramming,"2026-06-19 06:23:48",460.4,2,catpurrgramming
4760,16388378,dolucard,"2026-07-17 10:49:39",460.3,2,dolucard
4761,16389299,"yomogi mochi","2026-07-21 22:47:44",460.0,2,akihiroshimamori
4762,16401654,Atamol,"2026-07-28 14:18:23",459.8,2,"atamol,ru0719"
4763,16378936,HID_garal,"2026-06-24 14:11:34",459.7,2,hidgaral
4764,16505413,"Yuma 357","2026-07-08 14:26:22",459.5,2,yuma357
4765,16404953,Kouto,"2026-07-26 00:44:42",459.5,2,koutokouto
4766,16418658,jiwon95,"2026-06-23 06:37:48",459.4,2,jiwon95
4767,16472337,chenzhengy,"2026-07-28 02:30:56",459.3,2,chenzhengy
4768,16388862,"fabio rovai","2026-07-06 00:55:25",459.2,2,fabiorovai
4769,16394911,Soomana1z,"2026-07-15 10:13:39",458.9,2,soshionodera
4770,16378132,elce,"2026-07-07 03:48:13",458.8,2,elce188
4771,16371538,Maxim,"2026-06-16 12:35:05",458.8,2,ektarr
4772,16382574,miyajiyuta,"2026-06-29 11:46:42",458.4,2,miyajiyuta
4773,16592912,"shreyas sangalad","2026-07-28 00:03:00",458.4,2,spoortisangalad
4774,16381480,naoto714,"2026-07-23 02:10:02",458.3,2,naoto714
4775,16397912,"Yusuke Sakurai77","2026-07-07 01:51:18",458.2,2,yusukesakurai77
4776,16435136,RickArko,"2026-07-09 17:18:05",458.1,2,rickarko
4777,16376347,shushu3,"2026-07-15 04:34:05",458.0,2,shushu3
4778,16389997,"Two Stooges","2026-07-15 00:35:34",457.9,2,olivermerkleyking
4779,16458706,NaqibL,"2026-07-26 14:52:02",457.9,2,"iantenkai,naqibl"
4780,16394789,"Roman Vinogradov","2026-06-20 11:56:35",457.4,2,romanvinogradov
4781,16495596,Pointseal,"2026-07-27 12:51:08",457.3,2,pointseal
4782,16442545,"IMMANUEL SAM PRADEEP S","2026-07-23 15:15:25",457.3,2,immanuelsampradeeps
4783,16607844,"Jack Labs","2026-07-28 04:10:24",457.2,1,jacksonlab
4784,16561684,xin782,"2026-07-21 13:45:18",457.1,1,xin782
4785,16377657,PewPew,"2026-06-18 23:20:16",456.8,2,pewpew
4786,16488305,"Ravi Carry Us","2026-07-25 03:35:04",456.5,2,"dimasibnumuthi,raviaprakoso"
4787,16378851,すも（もす）,"2026-07-27 00:13:23",456.4,2,mosumosu12
4788,16375095,Lleyaghm,"2026-06-19 04:57:20",456.4,2,liamhuntswe
4789,16376359,"Super Monkey42","2026-06-25 23:48:17",456.3,2,trevorbernhard
4790,16383920,Anamitra_04,"2026-06-19 18:23:44",456.2,2,anamitra04
4791,16449903,"JIBINA EA","2026-07-06 11:04:14",456.1,2,jibinaea
4792,16388108,koshien1984,"2026-06-21 01:30:12",456.0,2,koshien1984
4793,16496544,Yas_pat,"2026-07-26 09:11:17",455.8,2,yaspat
4794,16398201,ramaswamyrama,"2026-06-27 18:22:43",455.7,2,ramaswamyrama
4795,16444696,"Viktor Antonov","2026-07-23 14:41:15",455.7,2,viktorantonov
4796,16381283,oideyo_shibamata,"2026-06-18 02:02:57",455.6,2,oideyoshibamata
4797,16376555,Kabuto0421,"2026-06-18 07:12:41",455.6,2,kabuto0421
4798,16470788,"Victoria Tauanny","2026-07-06 00:34:00",455.5,2,victoriatauanny
4799,16535291,sohasoha42,"2026-07-19 18:09:26",455.2,2,sohasoha42
4800,16434348,mealck,"2026-06-28 00:04:41",455.1,2,mealck
4801,16385473,"[Deleted] 0f49640e-743b-4b90-bace-29175ac36a66","2026-07-03 03:09:30",454.9,2,del=0e9479f503ce6752
4802,16486451,HKU_144,"2026-07-25 02:42:52",454.8,2,xiejintao
4803,16382961,八反田拓磨,"2026-06-20 15:15:53",454.8,2,chanhatada
4804,16485185,"Sangam Gautam","2026-07-04 12:16:47",454.6,2,sangam21
4805,16371971,teruyukikato,"2026-06-18 15:32:35",454.3,2,teruyukikato
4806,16380922,Pokemick,"2026-07-11 09:16:31",454.3,2,vdermick
4807,16431484,Amberlogy,"2026-07-12 05:15:23",454.1,2,amberlogy
4808,16387021,"Team A-B-A","2026-07-19 11:26:48",454.1,2,tatsuyasasaki
4809,16383344,"Scoops Martin","2026-06-26 20:31:04",453.9,2,scoopsmartin
4810,16387101,chephes,"2026-06-21 02:59:08",453.8,2,chephes
4811,16404478,"Mats Heldesten","2026-07-21 13:47:12",453.7,2,matsheldesten
4812,16552052,HACKSTREETBOYZ,"2026-07-28 14:33:14",453.5,2,"sohamphulare,vanshlilani1535,warmoks"
4813,16380457,Sikhey,"2026-07-21 15:06:50",453.4,2,sikhey
4814,16384128,"Scott G","2026-07-08 16:53:51",453.3,2,verifiedscott
4815,16381488,sh1nduu,"2026-07-12 03:23:56",453.2,2,sh1nduu
4816,16606400,KiKi,"2026-07-28 15:32:57",453.2,2,kingkiller2164
4817,16472883,"Aleksei Balandin","2026-07-07 12:13:22",453.1,2,alexbalandi
4818,16376695,kawaiy,"2026-06-25 00:27:28",453.1,2,kawaiy
4819,16408317,"Altar Buyukdogan","2026-07-22 10:01:54",452.7,2,altarbuyukdogan
4820,16429987,kevotovar14,"2026-07-22 21:36:48",452.6,2,kevotovar14
4821,16376115,WenRuitan21,"2026-06-17 03:34:31",452.6,1,wenruitan21
4822,16387077,kotone,"2026-06-28 17:44:37",452.5,2,kotone1027
4823,16392934,Sohan,"2026-06-30 19:29:01",452.3,2,sohansinghrawat
4824,16414410,Vu,"2026-06-30 09:55:22",452.3,2,vunguyenhoangkggl
4825,16434337,"Fernando Ruiloba","2026-06-25 19:35:48",452.1,2,fernandoruiloba
4826,16389507,Shima_2054,"2026-06-20 08:59:42",452.0,2,shima2054
4827,16372243,3as6Bl,"2026-07-22 00:52:33",451.9,2,segusegu
4828,16379884,Map1e,"2026-06-26 13:53:20",451.4,2,map1e114514
4829,16465844,"Sai Syam","2026-07-28 11:29:50",451.3,2,saisyam
4830,16389233,yk_aiiii,"2026-06-21 09:04:11",451.1,2,ykaiiii
4831,16375657,atknak,"2026-06-28 04:48:33",451.1,2,atknak
4832,16383277,Forager,"2026-07-05 05:48:07",450.8,2,mrswazzy21
4833,16389865,Pradyumna_Official,"2026-07-01 18:09:46",450.7,2,pradyumnaofficial
4834,16471375,Cipher-integral,"2026-07-05 00:51:00",450.5,2,cipherintegral
4835,16412865,almer,"2026-06-22 09:24:48",450.4,2,almernzh
4836,16389703,NiaAtSyzd,"2026-06-19 15:42:26",449.9,2,niaatsyzd
4837,16434584,헛개나무,"2026-07-27 19:05:35",449.9,2,tbn12321
4838,16471640,kyos,"2026-07-10 11:02:22",449.8,2,ikyos0612
4839,16373418,Sera,"2026-07-28 15:55:26",449.7,2,"nobusueryuku,sserada"
4840,16376179,"David lillie","2026-06-18 00:35:42",449.7,2,davidlillie
4841,16374043,TheDuck,"2026-07-26 16:06:34",449.3,2,jaxroth
4842,16387037,"ParrotHunter HD","2026-06-19 12:03:46",449.1,2,parrothunterhd
4843,16584664,ErliCai,"2026-07-22 20:13:18",449.1,1,erlicai
4844,16384763,"Pied Pie, LLC","2026-07-17 08:12:26",449.1,2,piedpie
4845,16389045,なかよしポケカ倶楽部,"2026-07-19 10:02:41",449.0,2,eviess00team
4846,16377040,"Carter Davis","2026-07-04 23:59:25",449.0,2,cartmandavis
4847,16398450,"Danny Ahn","2026-07-27 15:31:55",448.9,2,"dannyahn,dannyahn1"
4848,16391516,warabimochi-king,"2026-07-17 16:46:47",448.7,2,"mutomizuki,nkotatsu,nsawada0911,shkawai"
4849,16382896,"Mork Borb","2026-07-08 00:36:45",448.6,2,morkborb
4850,16515268,Yelena,"2026-07-20 03:39:56",448.4,2,huyentran31
4851,16377893,Kerminal,"2026-07-04 18:35:33",448.3,2,kosukeshimizu
4852,16376867,kotton,"2026-06-19 01:20:01",448.0,2,ktkt40208
4853,16384995,fishing_kiyogon,"2026-07-21 07:39:49",447.9,2,fishingkiyogon
4854,16376201,poolim,"2026-07-04 01:53:50",447.8,2,poolim
4855,16461731,"Xinda Ding","2026-07-03 02:59:00",447.5,2,darian2001
4856,16402710,sota_k_1021,"2026-06-21 07:00:58",447.4,2,sotak1021
4857,16402641,とりてんチャンネル（とりてんチャンネル）,"2026-06-26 07:18:01",447.1,2,toriten
4858,16444342,"Sai Swaroop","2026-06-28 17:51:40",446.6,2,soupswoop
4859,16427698,George,"2026-07-22 09:52:55",446.6,2,ngeorgea
4860,16428808,AI部,"2026-07-27 19:15:16",446.5,2,"ai2202w3bagt7,ymymtymblack"
4861,16560831,Denis,"2026-07-18 08:29:48",446.0,2,matsiusheuski
4862,16447209,"Mitsuhiro Eto","2026-07-14 17:31:33",445.9,1,frnfnts
4863,16395229,"Debangan Mali","2026-06-29 17:14:59",445.9,2,debanganm
4864,16573793,Koikoiiinami,"2026-07-26 10:13:08",445.9,2,koikoiiinami
4865,16380179,"T T (りっきー)","2026-06-28 14:34:55",445.8,2,ttrikky
4866,16381355,ibushimaru,"2026-06-22 08:17:50",445.5,2,ibushimaru
4867,16411759,"Feonix Y","2026-06-23 08:27:40",445.4,2,feonixy
4868,16532049,"Aaron Greenwell","2026-07-18 14:31:29",445.1,2,aarongreenwell
4869,16375574,"Jaime Fernandez Diaz","2026-07-09 16:19:13",445.1,2,jaimefernandezdiaz
4870,16501827,"Liam Schermerhorn","2026-07-07 19:16:40",445.1,1,liamschermerhorn
4871,16396104,"Seymon Zhang","2026-06-20 03:22:38",445.0,2,seymonzhang
4872,16386315,ミズゴロウ,"2026-07-01 13:58:19",445.0,2,akiteru6
4873,16377667,MelioniDas,"2026-06-19 03:33:55",444.6,2,melionidas
4874,16384208,"Sushi Party","2026-06-20 14:59:50",444.2,2,mandy44
4875,16393808,"Y. Onodera","2026-06-19 11:43:38",444.2,2,alwaysbaseline
4876,16463432,ri5de2408,"2026-07-03 11:50:14",444.1,2,ri5de2408
4877,16406168,abidencewww,"2026-07-04 16:24:22",444.0,2,abidencewww
4878,16382639," Mansi anil kadam","2026-06-26 04:25:44",443.9,2,mansianilkadam
4879,16380767,KuchiKiya,"2026-06-28 10:41:53",443.7,2,kuchikiya
4880,16386081,"Shoh Son","2026-06-22 04:17:07",443.6,2,shohson
4881,16381160,miso,"2026-06-26 16:47:35",443.5,2,deusanzu
4882,16429440,"Avec Dorayaki","2026-06-27 05:55:13",443.4,2,avecdorayaki
4883,16414465,pingtian,"2026-07-25 15:13:50",442.9,2,pingtianth
4884,16404074,"ryo aoyama","2026-07-01 14:02:18",442.7,2,raoyama
4885,16385136,成木,"2026-07-07 21:13:38",442.7,2,narutomo
4886,16467107,kikuya1179,"2026-07-20 10:32:06",442.4,2,kikuya1179
4887,16377460,mapatn,"2026-06-23 08:16:33",442.4,2,mapatn
4888,16582218,Miscusi,"2026-07-23 00:33:18",442.3,2,usiadianimuwa
4889,16419548,yct_RyosukeSuzuki,"2026-07-03 04:34:32",442.1,2,ryosukesuzukiyct
4890,16394500,aporo_hirokichi,"2026-06-29 15:11:16",442.1,1,aporotanaka
4891,16395946,y.y.y.1024,"2026-07-27 12:38:15",441.8,2,yyy1024
4892,16435438,Paddington,"2026-07-19 23:58:40",441.6,2,"irinatarasyuk,marcinsalaterski"
4893,16372609,"LORD DREGS","2026-06-20 11:48:40",441.5,2,lorddregs
4894,16422278,Ghost,"2026-07-25 20:44:35",441.2,2,andrewtefft
4895,16535651,saturnliu,"2026-07-18 10:33:01",441.1,2,saturnliu
4896,16608767,"Sans Mike","2026-07-28 08:38:19",441.0,1,sanshota
4897,16488197,しあわせタマゴ検証,"2026-07-10 03:06:29",440.7,2,"kenta0436,natsukinakasone,sh1meji,shuheiasaka,sotatakasuka"
4898,16493170,"Yash Agarwal","2026-07-20 14:11:01",440.7,2,yash502
4899,16375717,"Yosuke KOBAYASHI","2026-06-18 00:26:04",440.3,2,pichotaro
4900,16404910,"Torin Steil","2026-07-08 04:10:36",440.3,2,torinsteil
4901,16406513,Light&Thunder,"2026-07-15 19:18:49",440.3,2,yerne39
4902,16483887,TTT.Nakamura,"2026-07-20 15:20:09",439.8,2,tttnakamura
4903,16371514,"Ryosuke Nagamatsu","2026-06-21 12:40:27",439.6,1,festival911
4904,16587161,"Jonathan Amdam","2026-07-27 19:22:11",439.5,2,jonathanamdam
4905,16466201,"Hideo Mamiya","2026-07-27 14:03:33",439.0,2,mamihide
4906,16378961,Tresure,"2026-06-28 00:27:31",438.9,2,yukitakarada
4907,16398484,"YOGA RAJ 1503","2026-07-14 15:37:59",437.8,2,"edwingohkul,maghicr,sridharsridhar24,yogaraj1503"
4908,16516306,DARSIC-261614,"2026-07-28 12:13:25",437.8,2,"rp1614,shashank831013"
4909,16385235,datascientists,"2026-07-23 06:47:45",437.3,2,"aoao0314,eidaisakakibara,yuta0108"
4910,16386705,ミラクレ,"2026-06-28 00:37:40",437.3,2,mirakure
4911,16392908,DeeRang25,"2026-06-24 00:33:26",437.2,2,deerang25
4912,16439980,Rafiozoo,"2026-06-27 14:59:45",437.2,2,rafiozoo
4913,16512103,OpenGrab,"2026-07-10 12:23:42",437.2,2,"mandadivinaykumar,vikasgurram"
4914,16404551,"Arnav Dagli","2026-07-08 16:00:03",437.1,2,arnavdagli
4915,16530385,"Emmett Wilson","2026-07-11 18:19:10",437.1,2,emmettmlwilson
4916,16474601,"Tatsu Miya","2026-07-26 17:55:15",436.6,2,ttsmiya
4917,16372763,"nicolas maine","2026-06-16 18:13:19",436.5,2,nicolasmaine
4918,16397257,"Hare Miyashiro","2026-06-26 10:54:38",436.3,1,haremiyashiro
4919,16493362,Lewbei,"2026-07-13 15:02:18",436.2,2,lewbei
4920,16590781,"imnot xuanan","2026-07-25 10:47:46",436.1,1,imnotxuanan
4921,16372634,oji12_king,"2026-06-22 09:57:04",436.0,2,oji12king
4922,16579444,"Shreyas Chaudhary","2026-07-21 09:22:12",436.0,2,shreyascppsc
4923,16530602,Mikyan_みきゃん,"2026-07-28 14:01:41",435.8,2,"kumakubon,mikanjuice333"
4924,16384264,"suzy su","2026-06-25 22:25:04",435.4,2,suzysu997
4925,16372827,"Tetsuya A","2026-06-20 11:32:29",435.4,2,tetsuyaa
4926,16389784,"River (River_jp)","2026-07-06 13:21:43",435.2,2,riverriverjp
4927,16374281,Nebraskinator,"2026-07-13 01:33:11",435.1,2,zacharyruhe
4928,16490471,"Paul Baker","2026-07-13 20:08:10",435.0,2,pbchill
4929,16386905,kfuku,"2026-06-18 17:59:18",434.9,1,kfukumr
4930,16382184,"Ren Yamazaki","2026-06-18 10:27:18",434.7,2,renyamazaki
4931,16474154,らむはち,"2026-07-23 05:27:22",434.6,2,"ramhachi888,tasutasuku"
4932,16598342,"Siddhu Jaykay","2026-07-28 16:38:00",434.5,2,siddhujaykay
4933,16418640,anagosan110,"2026-06-30 04:00:26",434.0,2,anagosan110
4934,16380332,"Oikawa Kota","2026-06-18 10:47:55",434.0,2,oikawakota
4935,16375488,"sidney gautrau","2026-07-08 13:36:31",433.9,2,sidneygautrau
4936,16425536,"Tsuyoshi Chiba","2026-07-16 10:50:52",433.7,2,tsuyoshichiba
4937,16404430,"Chris Tiso","2026-06-20 22:51:10",433.7,1,christiso
4938,16470125,"Anthony Guerrera","2026-07-01 22:50:12",433.6,2,anthonyguerrera
4939,16564741,"Xinyue Zhang","2026-07-23 15:07:33",433.6,2,xinyuezhang333
4940,16415198,原田純平,"2026-07-17 13:57:57",433.6,2,jumpei0618
4941,16384875,"Subhy Affara","2026-07-28 17:17:18",433.4,2,subhyaffara
4942,16381543,"hiroaki obana","2026-06-22 15:19:30",433.3,2,hiroakiobana
4943,16374294,anthonychiang000,"2026-06-19 04:37:15",433.3,2,anthonychiang000
4944,16376114,Shuren_Akane,"2026-06-23 01:07:00",433.2,2,shurenakane
4945,16452396,Reossann,"2026-07-19 16:45:56",432.9,2,"nonnumber,reossann"
4946,16472206,yk-3141,"2026-07-27 04:07:32",432.9,2,yk3141
4947,16550405,"Lalit Kishore R","2026-07-22 06:17:26",432.8,2,lalitkishorer
4948,16371886,Mudkip_88,"2026-07-01 19:19:39",432.5,2,mudkip88
4949,16387084,Takuma_Tsuji,"2026-07-28 16:23:58",432.1,2,takumatsujigatai
4950,16589837,"Arvind CR","2026-07-23 14:28:23",432.0,2,arvindcr
4951,16385096,okicom富田,"2026-06-22 07:15:47",432.0,2,okicom
4952,16580198,"takashi suzuki","2026-07-28 03:07:13",431.1,2,ap0424ts
4953,16416048,pop-ketle,"2026-07-28 05:08:47",430.2,2,popketle
4954,16381070,"team asayan","2026-06-22 11:41:08",430.2,2,aseanonpu
4955,16378927,ushironoko,"2026-07-03 05:35:16",430.1,2,ushironoko
4956,16375323,drektmr,"2026-06-17 08:06:42",430.1,2,drektmr
4957,16497278,"Yev Barkalov","2026-07-09 23:40:47",429.7,2,yevbarkalov
4958,16373978,Halcy8312,"2026-07-17 23:50:59",429.5,2,halcy8312
4959,16515245,tiraJoon,"2026-07-19 23:09:26",429.5,2,"junmiaotiao,mercurialspe"
4960,16388368,bruxelles,"2026-06-26 06:43:55",429.2,2,bruxelles
4961,16374517,matsuda2929,"2026-06-16 18:24:32",429.2,1,matsuda2929
4962,16376887,ktk,"2026-06-21 16:45:06",429.1,2,ktk309872
4963,16382027,UrbanFox,"2026-06-21 19:57:39",429.1,2,urbanfox000
4964,16384853,"Breno Mazza","2026-07-12 22:41:33",429.1,2,brenomazza
4965,16381438,"Shintaro Sekimoto","2026-06-28 13:48:26",428.9,2,tarowork
4966,16550736,raikoku,"2026-07-17 16:08:49",428.6,2,raikoku
4967,16607498,"John Bradley","2026-07-28 01:58:42",428.3,1,delkore
4968,16388066,Ryu_san,"2026-07-05 17:18:47",428.1,2,ryusan
4969,16473558,"Pavel Kerbel","2026-07-02 14:58:38",428.1,2,"milanakerbel,pavelkerbel"
4970,16390820,"Steele Schauer","2026-07-09 22:12:33",427.8,2,steeleschauer2
4971,16378969,nekukoro,"2026-06-27 16:18:38",427.8,2,nekukoro
4972,16451265,"Jack Hunter","2026-06-29 22:24:28",427.6,2,jackhunter1
4973,16492304,"Samuels Winstons","2026-07-10 06:37:21",427.3,2,samuelswinstons
4974,16410950,"Mesut Gözdemir","2026-07-01 20:41:00",427.2,2,gfkfu123
4975,16380743,"Ashutosh Agarwal","2026-07-28 16:31:13",427.1,2,ashutoshagarwal088
4976,16466138,yoonick,"2026-07-03 11:57:48",427.0,2,yoonick
4977,16404981,"Plural of him","2026-07-20 19:09:08",426.6,2,"arnavajain,inuekang"
4978,16380359,"Mysterious Rock Inn","2026-07-01 08:59:31",426.2,2,"jesusarizapo,p0t1t0"
4979,16436150,HATODADON,"2026-06-28 14:50:17",425.8,2,"hatodadon,hiflygon"
4980,16584567,"Pengchao Zheng","2026-07-22 12:43:41",425.8,2,pengchaozheng
4981,16578786,"galuh budi","2026-07-23 10:40:50",425.6,2,galuhbudi
4982,16406030,"Devesh Dua","2026-07-04 16:32:10",425.5,2,deveshdua
4983,16448074,xiaocidontrun,"2026-07-26 22:24:45",425.5,2,"limbogliu,xiaocidontrun,yanchengpan1"
4984,16515606,ihansel,"2026-07-22 06:59:22",425.3,2,ihansel
4985,16373838,"Dan Ah Tou","2026-06-19 04:02:33",425.0,2,dlahtou
4986,16382354,Namito,"2026-07-12 00:02:10",424.9,2,nakazawakazuki
4987,16385138,mashirome,"2026-06-20 04:28:52",424.9,2,mashirome
4988,16374741,sironekosama,"2026-07-26 14:50:11",424.7,2,sironekosama
4989,16380340,loveispoison,"2026-07-01 15:13:46",424.6,2,loveispoison
4990,16382540,taya,"2026-06-24 08:32:14",424.1,2,"eitokoyama,hottotto,tayanggggggg"
4991,16425412,ggbong,"2026-07-27 01:03:32",424.0,2,ggbong
4992,16398070,"keisuke ito","2026-07-21 03:03:51",424.0,2,itoksk
4993,16378716,Nqcqlx,"2026-06-17 09:03:54",423.9,2,nqcqlx
4994,16444983,"Yan Enrique","2026-07-28 07:18:39",423.8,2,yanenrique
4995,16403468,鈴木裕登,"2026-07-20 06:26:32",423.7,2,yuto0731
4996,16531767,Tomo,"2026-07-20 12:22:35",423.5,2,tomohirokawakami
4997,16397604,sato7564,"2026-06-28 10:35:37",423.5,2,sato7564
4998,16393556,for2ne,"2026-07-02 17:15:40",423.1,1,hiroyasufukutomi
4999,16537691,"Mai iss Duniya ka papa hu papa","2026-07-27 04:18:24",423.1,2,"adityapandey202,kerry43"
5000,16385623,yabami,"2026-07-13 05:45:48",422.8,2,yabami
5001,16385608,yukichacha0227,"2026-06-24 15:23:00",422.7,2,yukichacha0227
5002,16388823,Danielvo59,"2026-07-11 10:47:59",422.4,2,danielvo59
5003,16540872,occer,"2026-07-16 19:54:47",422.3,1,occerjung
5004,16392353,"Ryusei Nishide","2026-07-23 04:50:06",422.2,2,nishidedev
5005,16428055,"Johannes Reber","2026-06-27 19:33:10",421.8,2,johannesreber
5006,16412222,3.14159265,"2026-07-26 07:26:06",421.7,2,yumasaitou
5007,16536926,MochiMochi-AI-2027,"2026-07-14 21:35:30",421.7,2,mochi2027
5008,16373335,Miyatanian,"2026-07-02 16:36:32",421.4,2,miyatanian
5009,16381052,ZM0526,"2026-06-25 08:18:18",421.2,2,zm0526
5010,16375661,kokoa,"2026-07-02 17:52:51",420.9,2,aoiokayama
5011,16385362,"Chrono IT Channel","2026-06-30 01:39:20",420.9,2,chronoit
5012,16377569,あかくま屋,"2026-06-21 13:26:04",420.5,2,akakumaya
5013,16422001,MaggyoWIMPS,"2026-06-27 19:24:21",420.4,2,maggyowimps
5014,16379498,ちょろ,"2026-06-21 15:15:10",420.4,2,shogoharamaki
5015,16430413,松野恭成,"2026-07-27 23:02:55",419.6,2,mk9872
5016,16513388,"Direk Rukrach","2026-07-12 15:27:12",419.6,2,derekrukrach
5017,16515163,Helee,"2026-07-26 02:36:01",419.6,2,helee99
5018,16466723,susutem,"2026-07-26 14:32:35",419.5,2,susutem
5019,16379569,Maikidantyou(Kusopocket),"2026-06-23 09:02:34",419.4,2,maikidantyou
5020,16388335,Ludicolocolo,"2026-06-18 14:28:20",419.3,2,nobuhikoyamaguchi
5021,16379212,uenohara-s,"2026-06-25 01:14:01",419.0,2,uenoharas
5022,16417519,ChenXiaoLin04,"2026-07-06 07:45:03",418.9,2,chenxiaolin04
5023,16448593,pkm-agent,"2026-07-28 15:24:43",418.5,2,"eddyqiyangliu,feny6313,heyteartt,pagejuju"
5024,16394403,TDENIS,"2026-07-28 06:22:59",418.4,2,thibaultdenis
5025,16511083,spekinos,"2026-07-09 06:37:48",417.8,1,spekinos
5026,16489219,pompom,"2026-07-24 05:22:09",417.6,1,"jiwookim0109,obok127"
5027,16384092,Zenith08,"2026-06-19 05:38:16",417.3,2,zenith08
5028,16411158,"Amon Shibata","2026-07-05 00:36:51",417.2,2,amonshibata
5029,16377755,TAKUMI7775,"2026-06-18 06:23:49",417.1,2,takumi7775
5030,16396679,takahi526,"2026-06-26 22:35:41",416.6,2,takahi526
5031,16387426,Sonika20000002,"2026-06-19 18:11:49",416.1,2,sonika20000002
5032,16570799,Gabriel,"2026-07-22 16:01:50",416.1,2,azaki09
5033,16377803,山本卓哉,"2026-06-25 14:36:59",415.7,2,pockypen
5034,16446821,"luis derares","2026-07-28 05:24:35",415.5,2,luisderares
5035,16372348,"masahiro katayama","2026-06-25 08:04:27",415.4,2,masahiro2007
5036,16514278,"Ahmed Mustafa Ahmed","2026-07-20 00:56:11",415.3,2,ahmmahahm
5037,16512710,f7e6n5g4,"2026-07-19 07:41:00",415.3,2,"chensongwang,f7e6n5g4"
5038,16397117,"Zach Lindsey","2026-07-22 02:01:08",415.2,2,zlindsey
5039,16532644,GiRoRo,"2026-07-12 00:28:53",415.1,2,younghyukkim
5040,16552595,"Kiryu Mochizuki","2026-07-22 13:38:17",415.0,2,kiryumochizuki
5041,16531516,"X namaridama","2026-07-27 18:44:38",414.9,2,"miuranaoto,xnamaridama"
5042,16393423,Takk,"2026-07-08 03:06:38",414.9,2,takkume
5043,16465286,"JunWoo “Junu1229” Kim","2026-07-09 10:13:28",414.9,2,junwoojunu1229kim
5044,16382266,nagisora,"2026-07-10 06:35:50",414.8,2,nagisora
5045,16418733,mutou,"2026-06-26 16:12:19",414.2,1,mutou0610
5046,16390182,Waha,"2026-06-20 16:37:45",414.2,2,tanawatrun
5047,16396076,"Ryoya Tanoue","2026-07-10 13:08:02",414.2,2,"hiroyasuito,ryoyatanoue,taiseiito9"
5048,16381451,MAXIMUMDataScience,"2026-07-06 09:33:09",414.2,2,maximumdatascience
5049,16401278,ba,"2026-07-25 14:26:43",414.0,2,yusukebaba
5050,16484209,"Balasubramanian Venkataraman","2026-07-04 11:38:57",414.0,2,bvenkat2025rvc
5051,16384138,"Raghav Pant","2026-06-19 00:13:38",413.8,2,raghavpant131
5052,16515820,"fujikawa ikuya","2026-07-28 08:36:15",413.7,2,fujikawaikuya
5053,16375067,GrossmanLabs,"2026-06-23 13:09:23",413.4,2,kingisaac
5054,16385477,Te2hiro,"2026-06-22 13:54:27",412.8,2,te2hiro
5055,16490009,HarshithaBNV,"2026-07-10 11:53:02",412.6,2,harshithabnv
5056,16488829,RinAdriann,"2026-07-07 06:55:54",412.6,2,rindraadriansyah
5057,16402504,Fusahiko@555,"2026-07-12 05:57:02",412.3,2,fusahuko555fusahiko
5058,16586422,"madhur fritsch","2026-07-26 16:05:25",412.3,1,madhurfritsch
5059,16460621,xia0910,"2026-07-21 13:14:41",412.1,2,xia0910
5060,16433852,"Anup Patil","2026-06-28 13:55:20",412.1,2,anuppatil29
5061,16389505,Perunari,"2026-06-21 17:28:19",411.8,2,perunari
5062,16386593,inarikujirawanko,"2026-07-27 03:41:22",411.6,2,"k2wanko,kujirachan,kukoinari"
5063,16382644,ラーメンたべたい　,"2026-06-23 14:13:50",411.6,2,ramentabetai
5064,16385667,おべんとう,"2026-07-17 11:47:12",411.2,2,"chocolatekuma,chouette11"
5065,16380307,Awajima,"2026-06-20 03:26:02",411.0,2,awajima
5066,16371806,hida1211,"2026-07-27 15:53:56",411.0,2,hida1211
5067,16379966,akay,"2026-06-17 21:40:33",410.8,2,keonevans
5068,16406908,TomCAT,"2026-06-21 12:07:36",410.8,1,tnekocat
5069,16572402,louiebbb1198,"2026-07-25 20:26:49",410.4,2,louiebbb1198
5070,16382995,onechan1,"2026-07-22 06:10:19",410.1,2,onechan1
5071,16377478,imamutya,"2026-06-21 23:52:32",409.8,2,imamutya
5072,16375899,MamMr,"2026-07-27 00:22:30",409.7,2,miranistamakino
5073,16418303,"Yuki Ikeda","2026-07-12 23:08:08",409.1,2,yuki521ike
5074,16383788,"hector cardenas","2026-06-26 03:53:43",409.0,2,hectorcardenas
5075,16392432,af21081,"2026-06-19 14:53:30",409.0,2,af21081
5076,16399632,"Hikaru Ebihara","2026-06-22 12:55:30",408.9,2,hikaruebihara
5077,16381342,nenmaku,"2026-06-22 08:48:35",408.7,2,nenmaku
5078,16386420,中村友哉,"2026-06-28 13:10:45",408.7,2,tomoya585858
5079,16554672,"Benjamin Liu","2026-07-28 11:36:00",408.7,2,benjamin8964
5080,16398054,yakiniku555,"2026-07-11 18:03:36",408.2,2,yakiniku555
5081,16475041,segehez,"2026-07-07 17:51:27",407.8,2,segehez
5082,16582651,kwonj0815@gmail.com,"2026-07-21 17:59:16",407.4,1,kwonj0815gmailcom
5083,16376868,yuuuki1111,"2026-07-28 07:06:39",407.1,2,yuuuki1111
5084,16405385,"TAKUMARU KOBO","2026-06-22 11:39:18",406.9,2,takumababa
5085,16541272,Iminabo,"2026-07-20 23:12:16",406.8,1,iminabo
5086,16377101,"Ahmet Abdullah Gültekin","2026-07-02 00:30:13",406.7,2,"abdullahgultekin,glsmgltkn"
5087,16434648,"Kaneko Mio","2026-07-13 16:27:57",406.0,2,kanekomio
5088,16451442,xe_non,"2026-07-12 01:11:26",405.9,2,xenon2234
5089,16514185,"Optimal Prime","2026-07-11 14:38:24",405.2,2,caelix
5090,16386147,ren-ai,"2026-06-28 11:33:07",404.8,2,rensakurazawa
5091,16399989,"The Weeknd","2026-06-26 07:11:12",404.8,2,th3w33knd
5092,16380074,hiru0118,"2026-06-21 03:46:05",404.8,2,hiru0118
5093,16492361,"Xuanyi Liao","2026-07-06 08:52:55",404.5,2,xuanyiliao
5094,16399727,IShun,"2026-06-23 03:02:20",404.3,2,shunyaihira
5095,16380554,Kazuki.kkkoizumi,"2026-06-21 10:25:53",404.2,2,kazukikkkoizumi
5096,16516351,taiseiu,"2026-07-16 21:40:40",404.2,2,taiseiu
5097,16389725,wartauk,"2026-06-21 14:27:43",404.1,2,wartauk
5098,16600209,lchEricChina,"2026-07-28 13:14:10",404.1,2,lchericchina
5099,16417046,"Daniel Carnahan","2026-07-15 01:51:42",403.9,2,danielcarnahan
5100,16375871,Yuta,"2026-06-17 17:07:10",403.7,1,yutaecon
5101,16535369,WUHAOZHE618,"2026-07-27 00:50:59",403.4,2,wuhaozhe618
5102,16410394,Allgea,"2026-07-27 19:29:59",403.1,2,allgae
5103,16450789,"YUZO BABA","2026-07-09 12:46:40",402.9,2,yuzobaba
5104,16374323,"Harsh Patel","2026-07-28 04:48:05",402.8,2,harshpatel1692
5105,16385487,GemNo.9,"2026-06-21 19:28:39",402.4,2,gemno9
5106,16582078,sorte1,"2026-07-22 12:26:27",402.2,2,sorte1
5107,16382423,Vinit,"2026-06-28 14:38:23",402.1,2,ryotsuu
5108,16418917,SeiichiroIshii,"2026-06-25 19:03:53",401.9,2,seiichiroishii
5109,16581586,Raichu,"2026-07-25 16:19:08",401.8,2,"hiteshs235,kadityasrinivas"
5110,16428762,Tomy,"2026-07-02 12:05:09",401.6,2,tomycabrer
5111,16377288,ItsEvie,"2026-06-26 03:38:57",401.3,2,itsevie
5112,16400652,Martin,"2026-06-23 18:20:52",400.9,1,autotech85
5113,16479613,"Morgan Wilson","2026-07-08 02:16:08",400.5,1,morganwilson99
5114,16383319,"StormGrid Lab","2026-07-12 20:29:49",400.2,2,stormgridlab
5115,16373099,まっさん,"2026-06-17 07:46:33",399.5,1,ms3bf3
5116,16498861,"Chelsea boots","2026-07-09 06:26:05",399.4,2,jy0121
5117,16388987,ryamamon,"2026-06-21 10:52:38",399.3,1,ryamamotoo
5118,16462677,"Nicola Li","2026-07-22 01:14:56",398.8,2,yuhaoli95
5119,16495659,"Numaya AI","2026-07-09 01:26:42",398.7,2,syedrizwanm
5120,16373277,cherlilly,"2026-06-18 15:06:43",398.7,2,cherlilly
5121,16404489,"Cayce Crushers","2026-06-22 05:05:21",398.4,2,"desmondcayce,edgarecayce"
5122,16376386,"TAKAMASA SHIMA","2026-06-23 08:13:51",398.4,2,takamasashima
5123,16375051,"Berk Ozak","2026-06-23 13:44:35",398.3,2,berkozak
5124,16377908,"Yuto Asano","2026-06-17 09:51:05",398.2,2,yutoasano
5125,16381448,"[Deleted] 91a15118-4b67-4743-9d3d-30db5dad7efe","2026-06-19 14:37:32",397.3,2,del=1d5f1316dfcdeedb
5126,16385556,sysullf,"2026-07-01 12:22:35",397.2,2,lilefei
5127,16435186,"Blaine Hill","2026-06-26 16:30:34",397.2,1,bthill111
5128,16568857,Feitan,"2026-07-21 14:02:22",397.0,2,feitandodatascience
5129,16382903,"Carlos David Andrade","2026-06-26 16:13:30",396.6,2,carlosdavidandrade
5130,16391131,"Master Yoio","2026-06-20 13:56:43",396.6,2,masteryoio
5131,16417401,"Alejandro Espinoza","2026-06-26 02:37:42",396.5,2,aleespinoza
5132,16460261,lalalasu,"2026-07-27 03:58:50",396.3,2,lalalasu
5133,16609128,"Hữu Phước Phạm Quang","2026-07-28 10:26:39",396.3,1,huphcphmquang
5134,16442135,Regulus2838,"2026-06-28 10:13:37",396.1,2,regulus2838
5135,16586721,suhaizhou,"2026-07-26 16:02:03",395.7,2,suhaizhou
5136,16372819,CIARANA,"2026-07-28 11:04:55",395.7,2,ci4r4n4
5137,16573582,"Gregory Daley","2026-07-20 07:09:32",395.5,2,gregorydaley
5138,16375493,"Roman Rozen","2026-07-25 08:58:00",395.3,2,romanrozen
5139,16385157,Schw1Eg0,"2026-07-21 04:24:58",394.8,2,schw1eg0
5140,16602856,GuerillaMoon,"2026-07-28 07:19:07",394.8,2,guerillamoon
5141,16399811,梅田真宙,"2026-07-12 20:47:27",394.5,2,mahiro770
5142,16393980,"Abraham P. Jaison","2026-06-21 07:16:20",394.4,2,abrahampjaison
5143,16375062,"Yuki Nakatsuka","2026-07-10 22:09:42",394.1,2,yukinakatsuka
5144,16376243,EfReI,"2026-06-22 14:15:21",394.1,2,"hikaruaohara,itoasahi,michiakimese"
5145,16381245,"Bolt Up","2026-06-19 05:14:06",394.1,2,boltup
5146,16383045,nethakase,"2026-06-23 01:52:14",394.0,2,nethakase
5147,16599261,"Adrien Danzon","2026-07-26 10:11:18",393.9,2,adriendanzon
5148,16373586,zono819,"2026-06-28 06:22:04",393.5,2,zono819
5149,16481180,"Abhishek Jain","2026-07-26 14:33:40",393.5,2,abhiiiish
5150,16382347,Takeshi&maria,"2026-06-23 11:00:52",393.1,2,takeshimaria
5151,16378082,King-Hal,"2026-06-21 13:30:28",393.1,2,kinghalto
5152,16424435,"Abish Pius","2026-07-14 19:11:41",393.0,2,abishpius
5153,16404922,gonchaaan,"2026-06-21 01:18:30",392.8,1,gonchaaan
5154,16608709,KYA,"2026-07-28 08:26:31",392.7,1,kairyota
5155,16465292,WUJIAHAO,"2026-07-05 18:47:27",392.7,2,wujiahao2003
5156,16376474,itofuki,"2026-06-22 10:55:00",392.3,2,itofuki
5157,16538120,"Chenye Yao","2026-07-27 16:21:02",392.1,2,daveyao
5158,16589147,"Andrew Kuo","2026-07-24 03:14:10",391.8,2,andrewisalive
5159,16380646,mmasato,"2026-06-23 11:24:11",391.4,2,mizogakimasato
5160,16378844,いもぺ,"2026-07-28 09:15:38",391.3,2,keimsd
5161,16462138,Testete,"2026-07-28 10:27:37",390.9,2,testeteteste
5162,16408104,kanamen,"2026-06-23 03:22:47",390.8,1,hisashi0523
5163,16385366,tahiro,"2026-07-06 16:18:04",390.7,2,tahiro
5164,16375203,"Daylon Crider","2026-06-19 01:44:06",390.1,2,dayloncrider
5165,16377611,"Vishwas Mishra","2026-07-11 12:42:55",389.9,2,vishwasmishra1234
5166,16377529,nya,"2026-06-17 16:51:50",389.8,2,jerryishihara
5167,16372405,かーーき,"2026-07-07 16:02:03",389.8,2,kaaaki
5168,16601880,"Joe W.","2026-07-28 11:13:28",389.5,2,jowalz
5169,16395646,KatR,"2026-07-28 16:42:22",389.4,2,katherinerich
5170,16372228,MinkMinkMink,"2026-06-19 11:43:46",389.0,2,minkminkmink
5171,16373136,藤田聖矢,"2026-07-07 08:19:56",388.5,2,emiliasabao
5172,16466148,T-Sumida,"2026-07-02 10:39:59",388.4,2,tmyksmd
5173,16591284,"Xiaofei Zhao","2026-07-28 04:19:50",388.3,2,"jianiye0077,lucifer2806,xiaofeizhaoh2o"
5174,16531062,Breaking1800,"2026-07-22 21:57:26",387.7,2,breaking1800
5175,16371615,NimaPoke,"2026-07-18 02:55:34",387.6,2,"ingma6,iykuetboo"
5176,16419160,"Yuki Ito","2026-07-24 08:39:18",387.6,2,yukitotikuy
5177,16382662,"Rafael Flor Rodríguez-Rabadán","2026-06-25 07:02:07",387.4,2,rafaelflor
5178,16463564,星野水木,"2026-07-21 00:29:03",387.1,2,hm3766
5179,16405470,okayuHY,"2026-06-23 18:33:07",386.7,2,okayuhy
5180,16375632,huurou,"2026-06-18 10:01:07",386.1,2,windwolf0721
5181,16384637,chanta093,"2026-06-18 10:06:34",386.0,2,chanta093093
5182,16594742,NinjaAviral,"2026-07-27 18:30:55",385.9,2,ninjaaviral
5183,16376174,seigou,"2026-07-24 04:33:14",385.8,2,arimitsuseigou
5184,16386287,高橋拓夢,"2026-06-23 05:25:50",385.6,2,orangettk
5185,16532896,"Arnaud Champetier","2026-07-18 06:33:40",385.6,2,arnaudchampetier
5186,16463769,"Mandy Lin","2026-07-26 00:44:34",385.4,2,ydnamlin
5187,16415067,"irelia 0/11/2","2026-06-23 12:47:21",385.3,1,tok1t4
5188,16392904,nori_wave,"2026-06-22 03:20:59",385.2,2,noriwave
5189,16372984,marusho,"2026-06-24 12:17:30",385.1,2,shomaruoka
5190,16465714,"chakaravarthi j","2026-07-04 05:29:52",384.9,2,chakaravarthij
5191,16374832,"ARNAV PANDEY","2026-06-18 09:39:55",384.8,2,arnavsuiiiiiiiiiiii
5192,16385004,dodecagon,"2026-06-19 21:41:50",384.6,2,dodecagon
5193,16391327,"Lazaros Avramidis","2026-06-19 11:50:16",384.2,1,lazarosavramidis
5194,16470079,"Lili Zhang Adams","2026-07-06 21:21:54",383.9,2,lilizhangadams
5195,16391911,"Kuga Miyabi","2026-06-21 05:08:47",383.6,2,kugamiyabi
5196,16391290,"Karthik Ragulan","2026-06-20 03:23:52",383.6,2,karthikragulan
5197,16446186,"pysong wang","2026-06-30 17:06:34",383.5,2,pysongwang
5198,16376890,"Takanori Abe","2026-06-19 12:19:08",383.5,2,takanoriabe
5199,16437129,"eito iguchi","2026-07-18 07:39:34",383.4,1,eitoiguchi
5200,16442856,higaki,"2026-07-28 10:05:28",383.2,2,higaki
5201,16394526,sharakoon,"2026-06-27 07:49:03",382.8,2,sanataria
5202,16414446,Nidy,"2026-07-26 14:09:11",382.7,2,"huihungchen0606,nikolayganozov"
5203,16386594,YutoWatanabe,"2026-06-18 14:05:28",382.3,2,opyuto
5204,16408681,"Gestalt Lab","2026-06-28 18:25:05",381.6,2,dlougen
5205,16378777,kotatok,"2026-06-22 02:48:33",381.4,2,kotatok
5206,16379424,大津俊雅,"2026-07-08 13:36:44",381.4,2,shungao114
5207,16450319,RYOTOMIYAMA,"2026-07-21 04:35:44",381.3,2,ryotomiyama
5208,16371729,gaony,"2026-06-27 09:28:54",381.2,2,gaony571
5209,16473215,kite_Eater1,"2026-07-03 04:52:40",381.1,1,kiteeater1
5210,16374996,Altair,"2026-06-27 15:02:31",381.0,2,altair168
5211,16381236,JOKER777,"2026-06-18 16:50:25",381.0,1,joker777hk
5212,16420625,"Shreyash Vora","2026-07-16 05:52:01",380.3,1,shreyashvora
5213,16401016,hdttnk,"2026-07-05 11:57:04",380.0,2,hdttnk
5214,16419667,Down_Town_robato,"2026-06-27 07:49:25",379.6,2,downtownrobato
5215,16403797,RamaswamyBala,"2026-06-25 15:22:05",379.5,2,ramaswamybala
5216,16398428,Techolve,"2026-06-27 00:59:37",379.2,2,"heki0824,ytaichi"
5217,16372510,SHUN_04,"2026-06-17 21:49:08",378.6,2,yshunt
5218,16397811,DaisukeHiguchi1126,"2026-06-26 05:59:55",378.4,2,daisukehiguchi1126
5219,16447576,Yohanchen,"2026-07-07 16:01:29",378.4,2,yohanchen
5220,16372742,soraKING44,"2026-06-28 15:24:38",378.3,2,soraking44
5221,16382187,"philip next","2026-07-14 13:52:51",377.5,2,"auhulu,philipnext"
5222,16474775,"John Paul Curada","2026-07-02 17:36:53",377.3,2,jeypiic
5223,16379205,和弥江口,"2026-07-03 23:37:36",377.2,2,suumo2246
5224,16375849,onigiri_meal,"2026-06-19 03:40:48",376.9,2,nozonozonozo
5225,16378872,Kuni05,"2026-07-28 09:32:08",376.6,1,kuni05
5226,16380393,"Aarit Haldar","2026-06-24 08:28:27",376.5,2,aarithaldar
5227,16436762,jhjh,"2026-06-28 18:47:16",376.5,1,jhcaii
5228,16463045,biubiubiu~,"2026-07-28 01:09:47",376.2,2,mengvision
5229,16376959,s.kawabata0318,"2026-06-19 03:30:01",375.7,2,skawabata0318
5230,16392604,naisow,"2026-06-23 07:07:44",375.4,2,naisow
5231,16373925,NaOH,"2026-07-14 03:19:30",375.2,2,naoh1181
5232,16484246,notyear,"2026-07-04 06:43:11",374.9,2,notyear
5233,16565557,"Xin Hang Xu 123","2026-07-23 04:18:00",374.8,2,xinhangxu123
5234,16591408,"Mario Cicala","2026-07-26 05:57:05",374.7,2,mariocicala
5235,16374660,nenten,"2026-07-08 17:11:07",373.9,2,nenten
5236,16574216,teyosan1229,"2026-07-25 08:46:24",373.8,2,teyosan1229
5237,16385639,Hi_Atlier,"2026-07-04 08:31:20",373.5,1,hiatlier
5238,16384656,Bulbaflare,"2026-06-19 17:23:52",373.4,2,bulbaflare
5239,16410840,DavideVNT,"2026-06-25 10:39:31",373.1,2,davidevnt
5240,16388691,EW2028,"2026-07-09 17:45:01",373.0,1,ew2028
5241,16379050,"Benedek Brandschott","2026-06-19 21:19:32",372.7,3,benedekbrandschott
5242,16417455,"Soichiro Yamada","2026-07-24 14:23:47",372.6,2,soichiroyamada
5243,16451238,HIROkkkki,"2026-07-01 12:00:05",371.8,2,hirokkkki
5244,16599534,"Abhay Singh","2026-07-25 19:16:35",371.7,2,zhockden
5245,16483598,anmadev,"2026-07-17 18:34:47",371.5,1,anmadev
5246,16385088,kz_stst,"2026-07-27 16:21:44",370.7,2,kzstst
5247,16382280,oooooootu,"2026-06-17 16:40:59",370.7,2,oooooootu
5248,16438219,Jarl_Bulbasaur,"2026-06-27 01:17:12",370.0,1,jarlbulbasaur
5249,16377495,"Trevor Eliot","2026-07-27 03:14:29",370.0,2,tgeliot
5250,16558247,nakano_kano_shimai,"2026-07-28 13:28:10",369.7,2,"kodaimano,nakanokanoshimai,soracoco"
5251,16562830,"Seong-Min Park","2026-07-19 15:09:44",369.7,2,xcrossai
5252,16379344,"yuki #4","2026-06-24 23:41:08",369.5,2,yukikizuka
5253,16372825,"Sanc Tuary","2026-06-16 16:29:18",369.3,2,sanctvsize
5254,16385837,asarinoyado,"2026-06-29 07:21:50",369.2,1,asarinoyado
5255,16379804,kidnanarya,"2026-06-19 12:02:06",368.9,2,kidnanarya
5256,16387181,tofumagi,"2026-07-24 15:09:55",368.6,2,tofumagi
5257,16441533,kazuki0123,"2026-07-28 13:20:29",368.1,2,kazuki0123
5258,16551529,Keimannn,"2026-07-16 05:04:06",368.0,1,keimannn
5259,16443790,lveshi,"2026-06-27 20:00:43",368.0,2,lveshi
5260,16380853,"kokuto k","2026-06-20 02:46:38",367.8,2,kokutok
5261,16379220,"AJINKYA CHINTAWAR","2026-06-17 14:43:42",367.8,2,ajinkyachintawar
5262,16500400,YW_o2@begginer,"2026-07-08 13:26:35",367.7,1,yusansoo2
5263,16395261,"bird 01","2026-06-28 15:33:34",367.4,1,bird01
5264,16384590,"Jermaine Wiggins","2026-06-21 03:41:07",367.3,2,jermainewiggins
5265,16376118,bengle,"2026-07-04 03:19:10",366.5,2,bengle
5266,16376572,renoyu,"2026-06-26 01:50:50",366.3,2,renoyu
5267,16372111,"Andrew Lee","2026-06-21 18:51:25",366.2,2,andrewlee23023
5268,16398461,kaito2140,"2026-06-20 16:46:31",366.2,2,kaito2140
5269,16430137,mqi666,"2026-06-25 21:31:31",365.7,1,mqi666
5270,16377933,kiyomaro026,"2026-07-20 13:15:03",365.7,2,kiyomaro026
5271,16584936,colderlyr,"2026-07-22 10:01:03",365.6,2,colderlyr
5272,16382486,Maximiliano,"2026-06-24 00:45:12",365.0,2,maximim
5273,16396044,"Silas Kinsman","2026-06-20 13:58:58",364.6,1,silaskinsman
5274,16377853,"hina-no is all you need","2026-06-19 23:21:43",364.5,2,tyokousagi
5275,16500473,"Ryoichi Hosokawa","2026-07-17 16:46:55",364.4,2,ryo1hosokawa
5276,16489962,foreveryl,"2026-07-19 13:19:44",364.3,1,foreveryl
5277,16382464,tudoumono,"2026-06-18 16:57:57",364.2,1,tudoumono
5278,16442621,Ryota-Sasaki023,"2026-07-02 23:02:27",364.1,2,ryotasasaki023
5279,16406382,"[Deleted] 6b0fd188-7934-48ef-9477-b2651411d504","2026-06-21 12:14:43",364.0,1,del=334890a20add4b7c
5280,16447225,Pippi,"2026-07-09 10:48:36",363.9,2,"atuy1219,bitterc0ffee,ittaono,pippi0523"
5281,16390584,lostejas,"2026-06-25 02:10:39",363.9,2,lostejas
5282,16386032,sy0718,"2026-06-26 10:11:49",363.4,2,sy0718
5283,16373352,kenn,"2026-07-28 11:45:57",363.4,2,ikasumi
5284,16377745,MECHINE,"2026-06-29 09:52:47",363.2,2,nainglinwai
5285,16378460,nnnnio_pppira,"2026-06-22 13:04:10",363.1,2,itokashi
5286,16413120,りんなな,"2026-07-01 11:04:14",361.8,2,hirosaitou
5287,16492584,snow_n,"2026-07-08 09:43:15",361.8,2,snowtown5454
5288,16569256,"Agustín Suazo Zavando","2026-07-24 12:14:02",361.8,2,agustnsuazozavando
5289,16573286,Ligka,"2026-07-20 06:35:30",361.7,2,trnhquanghngii
5290,16491486,"Guilherme Gusman","2026-07-07 21:14:14",361.3,2,guilhermegusman
5291,16575019,qqjling333,"2026-07-21 08:01:24",361.1,2,qqjling333
5292,16387494,桜草メイ,"2026-06-19 00:58:37",360.8,2,sakuramay999
5293,16466550,TxMk2,"2026-07-08 16:26:56",360.7,2,tetsuu
5294,16396408,"Benard Otieno","2026-06-25 13:15:06",360.5,2,benoch
5295,16373898,"tomek kur","2026-06-17 11:02:41",360.5,2,tomekkur
5296,16442332,Gabriele,"2026-07-26 18:34:08",360.1,2,gzigurella
5297,16449630,"Enoch Kwak","2026-07-04 01:42:22",359.5,2,redcom55
5298,16388897,antimaterial,"2026-07-28 05:37:37",359.3,2,"antimaterial,taiya702"
5299,16377654,"Ding Ma","2026-07-24 16:42:01",359.3,2,dingma61
5300,16569081,"Kim Adam","2026-07-27 02:10:12",359.2,2,kimadam
5301,16459396,LingLingToshite,"2026-07-25 05:54:52",358.9,2,lingtoshitehiroki
5302,16375679,HanaMew,"2026-07-02 10:12:02",358.9,2,hanamew
5303,16392644,mamahi,"2026-06-25 07:16:56",358.8,2,mamahi
5304,16565561,RK-JP,"2026-07-26 23:25:15",358.6,2,kaggleryok
5305,16505964,s_aoki_kaggle,"2026-07-17 08:38:14",358.6,2,saokikaggle
5306,16377212,Nekoneko,"2026-06-19 08:13:57",358.3,2,mcnekoneko
5307,16402993,erde,"2026-06-20 15:44:14",358.3,1,erdedelrey
5308,16444567,"Muhammad Hayyan Akhtar ","2026-06-28 09:31:24",357.5,2,muhammadhayyanakhtar
5309,16373544,kawanot,"2026-06-21 23:15:35",357.1,2,kawano
5310,16582275,"Chukka Venugopalam","2026-07-26 14:48:05",356.8,2,chukkavenugopalam
5311,16402467,shota.y,"2026-06-29 14:02:40",356.3,2,thimons13
5312,16420021,田中紘章,"2026-07-26 02:20:05",356.0,2,hiroakitanakaaaa
5313,16408879,Septem27,"2026-07-08 14:59:33",356.0,2,hirataira
5314,16391177,ohige0831,"2026-06-18 21:09:42",355.8,1,ohige0831
5315,16378204,DOMinators,"2026-06-17 12:06:08",355.4,1,nisargvashi
5316,16392764,"Hachi TCG","2026-06-25 04:13:33",355.4,2,hachitcg
5317,16377131,Kalameet,"2026-06-23 03:29:28",355.2,2,kalameetvsgough
5318,16383966,"Brandon Khuu","2026-07-03 16:41:30",355.0,2,brandonkhuu
5319,16535420,sayav01,"2026-07-13 01:12:32",354.9,1,kellysayav01
5320,16372507,Tsukusim,"2026-06-16 14:11:12",354.8,2,tsukusim
5321,16385557,gakushiai,"2026-07-05 01:19:31",354.4,2,gakushiai
5322,16445566,"Vigneshmurali Iyer","2026-07-02 10:04:39",354.1,1,vigneshmuraliiyer
5323,16483323,かしゅー,"2026-07-08 03:22:14",354.0,2,popcashew
5324,16472619,Silverlight,"2026-07-28 01:06:20",353.9,2,mohammedhajjaj
5325,16445056,"naoto harada000001","2026-07-01 15:07:08",353.7,2,naotoharada000001
5326,16424877,flower_DJSHS,"2026-06-24 06:16:46",353.3,2,flowerdjshs
5327,16513515,"IRON GM","2026-07-11 07:56:24",353.0,2,irongm
5328,16411139,"Jiajing Cheng","2026-07-28 06:14:22",352.5,2,jiajingcheng
5329,16405219,kunugirasuku,"2026-06-24 12:13:38",352.4,2,"daigosakai,sanamichoro"
5330,16395594,"Sunil kumar Rana","2026-07-26 13:22:51",352.3,1,sunilkumarrana01
5331,16540807,"Travis Trego","2026-07-15 02:31:11",351.8,2,travistrego45
5332,16393950,huchkw,"2026-06-19 16:05:35",351.8,2,huchkw
5333,16514793,cuijj7,"2026-07-10 07:24:18",351.2,1,cuijj7
5334,16445813,yuyu_kato,"2026-06-28 12:42:52",351.1,2,yuyukato
5335,16373134,mishio,"2026-07-15 14:56:19",350.9,2,myosin340
5336,16444493,"Ha huy","2026-06-29 10:42:13",350.9,2,hahuyy
5337,16393491,"Mostafa Sherif","2026-06-23 08:05:14",350.7,2,raxor23
5338,16444848,"Josh Mcateer","2026-06-30 12:56:51",350.6,2,joshmcateer
5339,16383293,AK,"2026-06-17 17:09:45",350.6,2,aksi23412
5340,16549531,Samuel1212,"2026-07-17 18:54:54",350.5,2,samuel1212
5341,16516255,SixGODD,"2026-07-28 11:23:20",349.9,2,"sixgodd,yaoxun"
5342,16371702,rong,"2026-06-29 12:54:54",349.7,2,rong284
5343,16388674,thyme20010113,"2026-06-18 15:15:27",348.7,2,thyme20010113
5344,16389063,takoyaki_taiyaki,"2026-06-18 15:52:12",348.4,2,takoyakitaiyaki
5345,16373625,yaphanqiii,"2026-07-12 10:38:22",348.1,2,yaphanqiii
5346,16374860,"Bryson Tang","2026-06-16 20:16:26",347.9,1,brysontang
5347,16381545,okuokuyt,"2026-06-17 21:30:22",347.4,2,okuokuyt
5348,16383541,harapeco_onakasuita,"2026-07-12 13:24:18",347.0,2,harapecoonakasuita
5349,16381287,Bondo,"2026-06-26 13:33:29",346.3,2,emulsion
5350,16379298,usubazzz,"2026-06-22 14:55:19",346.0,2,usubazzz
5351,16379339,"WintoMT mo","2026-06-20 04:31:20",345.9,2,wintomtmo
5352,16499704,songp__1218,"2026-07-13 15:32:12",345.7,1,songp1218
5353,16588583,"Hilarion Hernandez","2026-07-24 16:27:52",345.7,2,hilarionhernandez
5354,16379491,Tsutsu_01,"2026-06-18 01:43:49",345.4,2,foopa66666
5355,16374570,kenimuku,"2026-06-17 12:30:23",344.9,2,ponjuice
5356,16418015,アルセオーガ,"2026-07-24 02:16:44",344.9,1,aruseoga
5357,16374535,"Hibiki Nagadome","2026-06-19 12:48:29",344.8,1,hibikinagadome
5358,16399670,Vookmarket,"2026-06-26 12:39:02",344.8,2,bookmarked
5359,16378301,fuku_support,"2026-06-22 05:52:19",344.6,2,fukusupport
5360,16596962,patchmeifucan.ko,"2026-07-28 04:14:18",344.1,1,tiktoktrendz
5361,16541485,Arn2011,"2026-07-28 06:34:51",344.0,2,arnelperezposadas
5362,16600163,AndreasEdo,"2026-07-27 14:39:49",342.9,2,andreasedo
5363,16548641,"Leo Jeel","2026-07-28 16:35:39",342.7,2,"bankkobe,leojeel"
5364,16474542,"Ozan Coltekin","2026-07-02 16:56:33",342.2,2,ozancoltekin
5365,16483363,Fare42,"2026-07-14 00:03:59",342.1,1,fare42
5366,16376260,TATEHA,"2026-06-29 07:23:41",342.1,2,tateha
5367,16372178,Kaiman2110,"2026-06-16 14:35:40",342.0,1,kaiman2110
5368,16372987,fie_plachta,"2026-07-21 08:05:38",341.6,2,fieplachta
5369,16392887,AnkushSnigh,"2026-06-25 10:09:35",341.2,2,ankushsnigh
5370,16382822,"Naoki Takagi","2026-06-29 17:20:03",341.1,1,naokitakagi
5371,16389434,matsu12,"2026-07-07 14:04:53",340.5,2,matsu12
5372,16546767,fernandezppablo,"2026-07-22 23:50:13",340.5,2,fernandezppablo
5373,16402852,秋田優斗,"2026-06-24 07:05:57",340.3,2,yutoakita
5374,16561012,"macbook air m4","2026-07-27 07:51:52",340.3,2,anonimniygeniy
5375,16459993,"Shengyuan Yin","2026-07-27 11:39:07",340.0,2,flaming0
5376,16405010,te1111,"2026-06-28 06:14:06",339.6,2,te1111
5377,16372035,"Keita Kakinuma","2026-06-16 12:58:54",339.5,1,raimuchan
5378,16374085,Shun.K.Kobayashi,"2026-07-02 22:37:03",339.1,1,shunkkobayashi
5379,16398509,Alvin_Lee,"2026-06-27 09:18:13",338.9,2,kangweilee
5380,16600167,"David Babu","2026-07-27 05:50:12",338.9,2,davidacad10
5381,16395195,Nineso,"2026-06-27 03:54:19",338.8,2,timothylovett
5382,16530975,"M.Muaaz Hussain","2026-07-11 11:05:08",338.8,2,mmuaazhussain
5383,16373459,yuarth,"2026-07-04 06:52:22",338.7,2,yuarth
5384,16388982,Ryutaro,"2026-06-18 13:43:21",338.5,1,ryutaroha
5385,16409161,KD,"2026-06-21 17:04:42",338.5,2,kodaihoshi
5386,16395818,"Ryan Talcoff","2026-07-03 16:39:47",338.4,2,ryantalcoff
5387,16375677,"JoJo Lerner","2026-06-21 01:59:19",338.4,1,jojolerner
5388,16394646,"What’s Next 4","2026-07-19 03:49:28",338.1,2,"legnograph,tazawa2002,ytajima"
5389,16381779,"Sugiyama Tomoki","2026-07-25 08:22:52",337.9,2,tomoki114
5390,16375039,"Atharva Walawalkar","2026-07-25 04:17:38",337.7,2,atharvawalawalkar
5391,16395420,"Dirk Moreno Arias","2026-06-22 13:06:13",337.3,2,dirkmorenoarias
5392,16555163,"Verjin Vargheese","2026-07-16 18:56:14",337.2,2,verjinvargheese
5393,16407114,Gaarv,"2026-06-24 14:28:46",336.9,2,gaarv1911
5394,16462895,REX1314,"2026-07-03 15:15:20",336.9,2,rex1314
5395,16561132,"Danilo Tavares","2026-07-24 03:03:44",336.6,2,danilotlim
5396,16463331,kokonoka,"2026-07-20 07:11:53",336.3,2,kokonoka
5397,16395091,wani,"2026-06-24 21:09:27",336.0,2,yosukekashiwagi
5398,16579869,zhujiaruii,"2026-07-22 01:27:28",335.5,1,zhujiaruii
5399,16375328,Hum1060,"2026-06-16 22:26:03",335.4,1,kimimimimi
5400,16379276,ASDA,"2026-07-01 14:09:22",334.7,2,akiwakabayashi
5401,16447014,setsuhei,"2026-07-25 23:28:51",334.4,2,kaomori
5402,16413989,hrkunno,"2026-06-29 07:24:52",334.1,2,hrkunno
5403,16604105,HuiJuan.Yu,"2026-07-27 12:48:07",334.1,2,chuyuni
5404,16382121,yiyi,"2026-06-17 16:25:45",333.7,2,ystoke
5405,16404896,"Takuma Miwa","2026-06-18 04:13:58",333.3,1,"ichemy,piro3112,takumamiwa"
5406,16441611,MIutrix,"2026-07-22 11:21:15",333.2,2,miutrix
5407,16599857,ethain,"2026-07-27 19:44:38",332.9,1,ethanwchen
5408,16490825,"Jedidiah Hernandez","2026-07-12 20:12:23",332.7,2,jedihernandez
5409,16436713,金澤俊介,"2026-07-17 07:40:18",332.6,1,zawawa1830
5410,16396813,Luscaassz,"2026-06-24 20:30:18",331.6,1,luscaassz
5411,16421588,HSB,"2026-07-01 23:28:13",331.4,1,matteomanzari
5412,16536756,naoto_n,"2026-07-17 03:16:11",331.1,2,naotonishiura
5413,16412895,"AJAY JAIKRISHNAN","2026-07-15 14:19:37",331.0,2,ajayjaikrishnan
5414,16376857,okubyfire,"2026-06-18 12:12:08",331.0,2,okubyfire
5415,16379426,works.management,"2026-06-26 06:21:07",330.9,2,worksmanagement
5416,16542100,"LSQ LLL","2026-07-26 03:48:37",330.7,2,lsqlll
5417,16384411,Deobot,"2026-06-23 05:41:35",330.7,2,deobot
5418,16448345,"Daiki Mukaiyama","2026-07-04 03:06:19",330.6,2,daikimukaiyama
5419,16386249,"Aditya Singh","2026-06-19 11:25:23",330.6,2,adityasingh157735
5420,16390838,MC1127,"2026-07-10 12:08:32",330.6,2,mc1127
5421,16430412,"Eslam Elzamkan","2026-06-25 04:46:46",330.5,1,eslamelzamkan
5422,16415978,"Florian Tanguy","2026-06-23 01:56:37",330.4,2,floriantanguy
5423,16383230,"Florian Brunotte","2026-06-19 21:02:04",330.2,2,florianbrunotte
5424,16586450,"Sayandeep Dutta","2026-07-22 18:15:53",330.2,2,duttasam
5425,16374568,RubenGG94,"2026-06-16 18:50:35",330.1,1,rubengg94
5426,16380797,hirohiso,"2026-07-05 07:22:01",330.0,1,hironoriirie
5427,16382861,"Sima Sinha","2026-07-10 05:56:37",329.7,2,simasinha
5428,16433780,"Ezaiyah Jolly","2026-07-03 16:11:48",329.4,1,ezaiyahjolly
5429,16411041,"Koh Ma2ko","2026-07-19 05:35:44",329.3,2,kohma2ko
5430,16375826,"Keita Shimada","2026-06-22 07:04:25",329.0,2,keishi01
5431,16373426,Kintaro,"2026-06-18 18:01:47",329.0,2,kintaro03
5432,16404975,alvanli,"2026-07-25 14:14:56",328.9,2,alvanli
5433,16538348,Woong,"2026-07-24 09:53:28",328.3,2,jcwleo
5434,16381180,RG,"2026-06-18 04:02:04",328.1,2,reo777
5435,16392476,"Yuki Kawakami123","2026-06-23 15:42:41",327.8,2,yukikawakami123
5436,16461002,PLReddy23,"2026-07-03 17:46:07",327.5,2,plreddy23
5437,16441760,Hideshima,"2026-07-28 08:46:23",327.3,2,hideshima
5438,16416328,"Mathieu Bartels","2026-06-23 14:34:54",327.2,2,vincomnis
5439,16478055,"Rishabh Pandia","2026-07-03 01:50:59",326.8,2,rishabhpandia
5440,16485315,Kachi,"2026-07-28 04:50:37",326.7,2,taketake0000
5441,16374810,まきしゅうた,"2026-06-16 22:12:44",326.3,2,maxxxine
5442,16382436,"沙裕傑（jay sha）","2026-07-27 06:28:22",326.2,2,jayshayu
5443,16533813,"table spoonful","2026-07-13 14:02:10",326.2,2,tablespoonful
5444,16407281,"Kisan Al Gaib","2026-07-02 07:44:16",326.0,2,"ayushmansingh27,fanserudraksh,gauravbdamor,nikhilpathaksvnit"
5445,16397628,BrendaScarleth,"2026-06-20 23:57:22",325.8,2,"brendascarleth,josangelsanchez"
5446,16434188,"Keith Fu","2026-06-30 14:54:52",325.6,1,kkeithf
5447,16403373,syosinsya,"2026-06-20 19:01:41",325.5,2,syosinsya
5448,16513379,"Nimesh Lokhande","2026-07-18 13:01:34",325.5,2,nimeshlokhande
5449,16474961,kfnsosz1,"2026-07-04 09:04:09",325.1,2,kfnsosz1
5450,16380841,"Mudkip's Machines","2026-06-30 21:56:39",324.8,2,freddyh1
5451,16419610,"Hải Đăng","2026-06-24 10:01:12",324.5,2,haidang2405
5452,16581570,SeanMcPokemon,"2026-07-22 13:38:51",324.5,2,seerss
5453,16510722,"Vupeen Thapa magar","2026-07-11 18:19:13",324.4,2,vupeenthapamagar
5454,16448770,"Hermes Lu","2026-07-24 09:45:44",324.1,1,hermeslu
5455,16510964,"Prince Radadiya","2026-07-13 11:02:34",323.9,2,princeradadia
5456,16381346,MKTRIP,"2026-06-17 14:27:23",323.6,1,koheikamijima
5457,16578092,lscategory,"2026-07-21 01:48:56",323.3,1,lscategory
5458,16438009,cheesecake,"2026-07-14 04:52:59",323.1,2,chelseaaurel
5459,16389403,HLKT,"2026-07-28 14:40:01",322.9,2,terawiseman
5460,16381171,Sameeigaman,"2026-07-04 12:42:27",322.7,2,sameeigaman
5461,16380262,"sleeping aqua","2026-06-20 23:52:53",322.3,1,sleepingaqua
5462,16373326,kanade73,"2026-06-16 15:42:04",322.2,1,knd703
5463,16425341,"Abhinav Kotnala","2026-06-24 06:44:40",321.8,1,abhinavkotnala
5464,16382632,"Tuna Xiao","2026-07-26 06:24:08",321.8,2,tunaxiao
5465,16395385,JKong,"2026-06-19 15:34:20",321.2,1,kmt2001
5466,16436562,"Sasaki Shoya","2026-06-26 07:37:26",320.1,1,sasakishoya
5467,16392230,fjtk005,"2026-06-19 05:24:36",320.1,1,fjtk005
5468,16400551,"Jaisal K Jain","2026-07-09 13:51:57",320.0,2,jaisalkjain
5469,16380292,esu_oshawott,"2026-06-17 10:20:51",319.5,1,esuoshawott
5470,16380430,ADNOH,"2026-07-08 11:54:22",319.2,1,adnoh2003
5471,16406732,fanta1127,"2026-06-27 10:10:06",318.9,2,fanta1127
5472,16585008,"Aram Feurriegel","2026-07-26 06:41:53",318.1,2,aramfeurriegel
5473,16438492,"Kiran Vitly","2026-06-27 16:04:01",317.9,2,kiranvitly
5474,16427313,"Zane Cheung","2026-06-25 07:30:28",317.9,2,zhengyuanchuang
5475,16377491,TKYOinK,"2026-06-28 15:36:02",317.8,2,tkyoink
5476,16418935,"M Irfan Shahid","2026-06-25 08:04:41",317.8,2,mirfanshahid
5477,16432009,Mizunooo,"2026-07-04 12:46:31",317.4,1,mizunooo
5478,16548340,"Oleh Okilko","2026-07-17 01:31:55",317.4,2,olehokilko
5479,16393227,"SPARSH PATEL","2026-07-26 12:36:22",317.3,2,sparsh123456789
5480,16386584,"AnDy Trần","2026-06-18 06:42:46",317.3,1,andytrn
5481,16510186,プレーン,"2026-07-09 04:11:35",317.2,2,plainyo
5482,16380218,"SATOYUKI HATA","2026-06-17 10:11:55",316.9,1,satoyukihata
5483,16507083,viber3221,"2026-07-08 10:38:33",316.5,2,viber3221
5484,16411031,"Tai Yoda","2026-06-22 05:50:35",316.4,1,taiyoda
5485,16386335,nanamituki,"2026-06-18 12:29:42",316.4,1,nanamituki
5486,16388948,"yuki #5","2026-06-22 14:14:08",316.3,2,gozboy
5487,16380463,"Genocide Hashimoto","2026-07-01 09:26:32",316.2,2,cerberushashimoto
5488,16406817,kwsk0907,"2026-06-21 15:07:12",316.1,2,kwsk0907
5489,16379286,"Zheng Tang","2026-07-15 01:30:44",315.9,2,zhengtang1120
5490,16414959,"Andre Luiz Barbosa","2026-07-15 01:09:07",315.8,2,andreluizbarbosa
5491,16463755,"Hwan Chang","2026-07-01 22:23:34",315.6,1,hwanchang
5492,16385281,hide29,"2026-06-18 17:47:29",315.6,1,hide29
5493,16512249,awee,"2026-07-27 05:40:50",315.5,2,aweertw
5494,16374192,juice-le,"2026-06-22 06:36:05",315.5,2,juicele
5495,16405050,HarukiArai,"2026-06-21 05:32:09",315.4,2,akasa18890
5496,16585697,hiwatashi_masaru6688,"2026-07-26 12:53:43",315.2,1,hiwatashimasaru6688
5497,16426063,ter4,"2026-07-04 19:26:29",315.1,2,ter2610
5498,16383707,"Quentin Barbarat","2026-06-17 20:22:18",315.1,1,sunbr0
5499,16405331,EnoMi4mg,"2026-06-21 05:29:27",314.8,2,enomi4mg
5500,16441783,"Ryohei Nakamura","2026-06-27 13:32:14",314.5,2,ryohei0822
5501,16498973,"Akhyar Safrudin","2026-07-23 14:29:30",314.4,2,akhyarsafrudin
5502,16544052,SuperBigZabuton,"2026-07-15 00:47:46",314.4,1,superbigzabuton
5503,16482080,"Diksha Shakya","2026-07-03 17:20:31",314.2,1,dikshash2007
5504,16531108,YUYA,"2026-07-11 07:45:02",313.8,2,yuyaizumikawa
5505,16384963,"Takuya Shinozaki","2026-06-18 18:57:35",313.4,1,takushino
5506,16589012,Zefirrr,"2026-07-28 15:08:11",313.4,2,zefirrrr
5507,16454330,RK1101,"2026-07-03 04:17:54",313.4,2,rk1101
5508,16380968,KH_shadow,"2026-06-17 14:48:42",313.2,2,khshadow
5509,16536150,"Itto Hattori","2026-07-12 19:04:12",313.2,1,ittohattori
5510,16388974,brave-心勇-heart,"2026-06-20 16:19:15",313.2,2,braveheart
5511,16377124,"Lee Tai Peng","2026-06-20 02:23:04",313.0,1,leetaipeng
5512,16516667,"Shoki Suzuki","2026-07-28 14:46:51",312.9,2,shokisuzuki
5513,16414460,CANGHAI,"2026-06-30 02:24:51",312.7,2,bingzhenjiang
5514,16537659,"Psy Duck","2026-07-24 22:29:40",312.2,2,"ajiang52,preddy5"
5515,16482869,"Liam Davies","2026-07-03 23:57:46",311.9,1,liamdavies1
5516,16592335,Quasar,"2026-07-26 11:04:27",311.8,2,pranaaaav
5517,16382530,lilylily26,"2026-07-05 06:53:10",311.6,2,lilylily26
5518,16505808,"Aru Ohta","2026-07-26 19:15:51",311.3,1,aruohta
5519,16397125,"Yu Zhang","2026-06-21 01:27:33",311.2,2,zhangyu0217
5520,16421728,"VSKi Li","2026-06-27 04:24:32",311.0,2,vskili
5521,16473379,"taku tou","2026-07-03 06:36:22",310.7,1,takutou
5522,16377345,ChawanutCharoenthammachoke,"2026-06-17 07:00:16",310.0,1,championest
5523,16425055,"yasu. 78","2026-06-25 07:04:02",309.8,2,yasu78
5524,16421831,MewVMAX,"2026-06-23 17:52:29",309.7,2,iskw0816
5525,16382133,"stray dog","2026-06-21 03:52:46",309.6,2,straydogman
5526,16415249,"James Shi 8808","2026-06-29 09:44:31",309.5,1,jamesshi8808
5527,16461200,"Visruth Kakaumani","2026-06-30 18:26:55",309.3,1,visruthk
5528,16387994,"Manoj Gowda BG","2026-06-28 02:13:07",309.3,2,manojgowdabg
5529,16554714,caoyifan,"2026-07-27 08:24:10",309.1,2,caoyifan520
5530,16412232,kibinyan,"2026-07-02 15:12:00",309.1,2,kibinyan
5531,16375341,gospellkawa,"2026-07-01 06:32:44",309.1,1,gospellkawa
5532,16388869,program,"2026-07-27 13:28:18",308.7,2,panagiotapanora
5533,16379875,Mystique　Kobayashi,"2026-07-03 14:15:31",308.6,2,aniotamain
5534,16386288,"maimai #2","2026-06-18 05:44:45",308.6,1,maimai392618
5535,16415112,pokabu1104,"2026-07-05 21:57:00",307.6,2,pokabu1104
5536,16395404,André🇧🇷,"2026-06-19 17:56:37",307.5,2,andrefernand
5537,16383493,KanaeKanae,"2026-07-24 06:56:04",307.2,2,kanaekanae
5538,16438767,"Madhav Suresh","2026-07-26 05:08:53",307.2,2,madhavsuresh2006
5539,16454285,"Jamie Dixon","2026-07-28 02:32:43",306.8,2,jamiedixon
5540,16376048,"Narumi Miyazawa","2026-06-20 10:24:55",306.2,1,narumimiyazawa
5541,16400909,bu,"2026-06-20 10:35:57",306.2,1,yabuuchikazuhide
5542,16372635,"Yuki TASHIRO","2026-06-16 14:02:31",305.3,1,yukitashiro
5543,16587953,tohar009,"2026-07-24 11:32:13",305.3,1,tohar009
5544,16378031,"[Deleted] 87d00d5e-2534-45ed-b859-3d272112a525","2026-06-18 08:29:25",305.2,1,del=bc4901e0aedfd722
5545,16376435,Cada,"2026-06-24 13:38:27",305.2,2,daikikagesaki
5546,16382071,大田重吉,"2026-06-17 15:55:38",305.2,1,jukichiota
5547,16372801,mingjiang,"2026-06-18 12:22:24",304.9,2,ayuthu
5548,16566011,"Saida Alipanahova","2026-07-26 20:18:38",304.7,2,saidaalipanahova
5549,16422640,"Sapiens Livre","2026-06-27 03:42:23",304.5,2,sapienslivre
5550,16381467,"Jon Duea","2026-06-18 19:28:08",304.2,1,jonduea
5551,16371582,"Lizzi Ti","2026-07-24 10:09:50",304.1,2,lizziti
5552,16412933,"Hongbin Guokaggle","2026-07-27 04:32:22",303.4,2,hongbinguokaggle
5553,16481916,야돈꼬리,"2026-07-05 18:01:19",303.2,2,"ggamjin,hyunkn"
5554,16376568,KENMANGG,"2026-06-17 04:17:39",302.9,2,kenmangg
5555,16443273,satojkovic,"2026-07-06 15:41:06",302.8,1,satojkovic
5556,16396322,KDelapeace,"2026-06-20 20:05:34",302.3,2,kdelapeace
5557,16451295,"Yu Tomita","2026-07-11 06:09:10",302.1,2,yu0228
5558,16376473,"Taro Nagasawa","2026-06-17 04:02:31",301.9,1,taronagasawa
5559,16406019,torawo_2002,"2026-06-22 13:22:06",301.8,1,torawo2002
5560,16373883,Aregus,"2026-06-20 01:08:51",301.1,2,aregus
5561,16412835,czhhhhh,"2026-06-24 03:43:59",301.0,2,czhhhhh
5562,16430461,Cafelatte1,"2026-06-25 01:52:04",300.8,1,cafelatte1
5563,16609693,"Solve Langseth","2026-07-28 14:51:39",300.7,1,solvelangseth
5564,16429785,Sama,"2026-07-10 02:28:52",300.6,2,samacorp
5565,16380641,guregu321,"2026-06-17 11:50:43",300.4,1,guregu321
5566,16388436,"Alexey Akinshchikov","2026-06-20 22:26:28",300.3,1,akinshchikov
5567,16385575,Charon,"2026-07-28 07:53:48",300.2,2,charon9
5568,16512480,炒粉真好吃zzz,"2026-07-11 01:35:12",299.9,1,chaofen
5569,16381098,orchidee8081,"2026-06-21 14:06:52",299.8,2,orchidee8081
5570,16373498,瀬川尚紀（おしるこ）,"2026-06-16 15:44:20",299.6,1,oshiruko620
5571,16385914,Yu_053f,"2026-07-07 06:03:48",299.5,1,yu053f
5572,16372904,sati1996,"2026-06-23 04:20:24",299.4,1,sati1996
5573,16385753,Miyashin,"2026-06-20 05:51:59",298.7,1,"pirakazu,shinyamiyai"
5574,16575543,ViLLagerD,"2026-07-24 14:05:00",298.5,1,villagerd
5575,16384497,"patchgi (パッチギ)","2026-06-18 21:21:39",298.4,2,patchgi
5576,16414464,littlecitizen,"2026-06-23 16:18:07",298.2,1,littlecitizen
5577,16540590,"Giovanni Andrea Picarelli","2026-07-23 10:36:19",298.1,1,giovannipicarelli
5578,16372901,tarinta,"2026-07-05 14:50:29",297.8,2,tarinta
5579,16538212,Parthasaradhy,"2026-07-26 16:50:05",297.8,2,parthasaradhy
5580,16377651,PeterOldriver,"2026-06-21 07:14:12",297.7,1,peteroldriver
5581,16448701,"Cheddy G","2026-07-01 07:51:35",297.5,1,edgargmz3000
5582,16386866,yeonggil7,"2026-06-20 11:27:37",296.9,1,yeonggil7
5583,16408600,yuyumaru,"2026-06-28 08:29:14",296.5,2,yuyumaru
5584,16377061,kaggle.omusubi,"2026-06-17 06:09:25",296.5,1,kaggleomusubi
5585,16380844,東城立憲,"2026-06-29 14:35:50",296.3,2,"masaharudesu,tatsunoritojo"
5586,16441807,ymdkk,"2026-07-13 13:59:59",295.9,2,ymdkk7evievi
5587,16374429,Kawake1,"2026-06-16 18:30:23",295.3,1,kawake1
5588,16377488,hagglemekaggle,"2026-06-22 19:11:05",294.6,2,hagglemekaggle
5589,16372783,yakitori55,"2026-06-19 03:13:32",294.4,2,yakitori55
5590,16381876,"Sutieng Sin","2026-06-23 13:00:05",294.3,1,sutiengsin
5591,16485003,"YU SANOGAWA","2026-07-04 09:16:51",294.2,1,yusanogawa
5592,16401940,Damocan,"2026-06-27 12:33:23",293.8,2,ryokaieda
5593,16401206,"Tomonari Inagaki","2026-06-22 03:21:04",293.6,2,tomonariinagaki
5594,16452120,"Yoonseok Jeong","2026-07-05 14:33:51",293.6,2,peptu17
5595,16373658,nianag0,"2026-07-03 05:31:44",293.6,2,daichimuraoka
5596,16391821,黒田海斗,"2026-06-20 12:46:28",293.4,2,kaitokuroda
5597,16376815,vetsin,"2026-06-21 22:14:47",293.4,2,vetsin
5598,16383828,"Electro Knight","2026-07-14 07:34:31",293.2,2,"electroknight,mister2005,yashpradhan0712"
5599,16391215,"Klenio Padilha","2026-06-23 07:09:52",292.9,2,kleniopadilha
5600,16430759,Millerbyte,"2026-07-26 08:53:26",292.8,2,millerbyte
5601,16431421,Oscarmoon09,"2026-07-09 17:04:05",292.1,2,oscarmoon09
5602,16454740,STS1106,"2026-07-06 08:50:36",291.5,2,sts1106
5603,16381151,KIHA-X,"2026-06-17 14:27:54",291.4,2,"moosan6363,plainoaks"
5604,16598873,ihatebaselines.com,"2026-07-26 16:44:03",290.8,2,rvaurs
5605,16391111,"carlos marquez","2026-06-18 22:25:40",290.3,1,carlosjmarq
5606,16406656,hana_c,"2026-07-26 15:33:53",290.3,2,hanacreation
5607,16561591,"Alex Cook","2026-07-24 06:06:21",290.2,2,alexhcook
5608,16477818,"Matej Orevski","2026-07-28 11:19:43",290.0,2,matejorevski
5609,16568735,豆腐メンタル,"2026-07-20 02:23:01",289.5,1,"ekiben2313,milicoder"
5610,16583265,"Imran Ahamed","2026-07-21 21:31:59",289.2,2,immu4989
5611,16475008,"Charles A Herbst","2026-07-26 20:22:57",288.3,2,charlesaherbst
5612,16386367,TCre15,"2026-06-25 08:10:06",288.3,2,tcre15
5613,16387825,T_death,"2026-06-18 12:38:42",287.4,1,tdeath1729
5614,16490501,blip_scandal808,"2026-07-05 14:59:19",287.2,1,blipscandal808
5615,16582736,"Sayandeep Ghosh","2026-07-22 17:56:30",287.0,2,sayandeepghosh
5616,16575489,atsushi11o7,"2026-07-28 13:32:02",286.9,2,atsushi11o7
5617,16496026,"Daarani B","2026-07-28 05:16:29",286.9,2,daaranib
5618,16375936,CHS,"2026-06-23 05:51:48",286.6,2,chs113
5619,16384549,ReefSnax,"2026-06-29 20:54:46",286.5,2,reefsnax
5620,16385614,Leekyung,"2026-07-13 20:55:17",286.0,2,ryanfiorentino
5621,16392664,ryogaga,"2026-06-21 08:33:20",285.9,2,ryogaaka
5622,16555384,"Umeshh Nanda","2026-07-20 18:01:18",285.7,1,umeshhnanda
5623,16393689,"Ken-ichi Ishii","2026-06-19 09:16:39",285.2,1,furoki141
5624,16597012,jiekeluomu,"2026-07-25 05:50:41",285.2,1,jiekeluomu
5625,16413931,"Ryu K","2026-06-22 14:04:09",284.7,2,ryukhakikhaki
5626,16482678,"MMR Донор","2026-07-23 18:23:11",284.6,2,asimandia
5627,16411122,"Léo Bouscarrat","2026-06-22 16:39:27",284.4,2,lbouscarrat
5628,16461856,"jarin islam shova","2026-07-09 13:01:57",283.9,1,jarinislamshova
5629,16393058,"Takahiro Cho","2026-06-24 06:23:21",283.8,2,takahirocho
5630,16552083,SaltyCode,"2026-07-28 11:21:30",283.7,2,saltycode
5631,16418364,"beast in SIMOKITAZAWA","2026-06-28 08:36:50",283.3,2,beastinsimokitazawa
5632,16432537,vividmind,"2026-06-25 17:31:18",283.0,1,frozenorb
5633,16572750,"Matthew Blake Ward","2026-07-26 10:07:06",282.9,2,matthewblakeward
5634,16394441,"green gum","2026-06-20 03:34:39",282.9,2,greengum
5635,16385395,ischca,"2026-06-26 15:29:36",282.8,2,ischca
5636,16384868,"tutumi taira","2026-07-24 19:31:51",282.4,2,tutumitaira
5637,16396233,"Mostly What","2026-07-28 13:37:46",282.3,2,mostlywhat
5638,16384315,alekh,"2026-07-24 15:14:21",281.2,2,aleksanderhan
5639,16377468,"Gaku Shimoyama","2026-06-20 09:42:09",281.1,2,gakushimoyama
5640,16495694,AeroBliss,"2026-07-08 12:58:45",280.8,2,anandx1
5641,16418045,SGY2512,"2026-07-26 10:10:49",280.8,2,sgy2512
5642,16377706,Heracr0ss,"2026-06-17 06:30:24",280.0,2,heracr0ss
5643,16533840,"Eshan Das","2026-07-12 08:27:52",279.6,2,eshandas27
5644,16384009,"Haoyu Yan","2026-06-17 23:44:27",277.5,1,haoyuyan742
5645,16371851,heart_mugi,"2026-07-07 17:40:44",277.4,2,heartmugi
5646,16381967,true-machida,"2026-06-18 13:29:25",277.1,1,truemachida
5647,16380536,shuto,"2026-06-21 14:32:09",277.0,2,ino3838
5648,16536324,Mimi030,"2026-07-21 02:35:43",276.6,1,mimi030
5649,16450819,"fumihito mori","2026-07-02 00:28:20",276.4,2,fumihitomori
5650,16388065,toko2222,"2026-06-21 15:18:33",276.4,2,toko2222
5651,16485913,enaryu,"2026-07-04 13:36:15",276.3,1,enaryu
5652,16407486,"Abhishek Raghuwanshi","2026-06-26 22:46:02",275.5,2,abhishek9905
5653,16373123,"PLUS OMI","2026-06-18 14:36:59",275.3,2,plusomi
5654,16373279,ShoKSE,"2026-06-16 15:57:29",275.3,2,shokse
5655,16382320,"Hiroki WAKAMATSU","2026-06-18 17:00:50",274.9,2,hawk1125
5656,16373598,"Ahmed A.","2026-06-18 17:10:03",273.7,2,archie40004
5657,16386196,Seiyaishikawa,"2026-07-13 13:20:31",273.7,1,seiyaishikawa
5658,16441310,"asida shun","2026-06-27 14:15:26",273.5,1,asidashun
5659,16422590,"YOGESH M","2026-07-23 09:00:32",273.5,2,yogeshm4216
5660,16382604,Hattoriiiiii,"2026-07-06 10:24:46",273.2,2,hattoriiiiii
5661,16372230,"yuji nunome","2026-07-25 12:03:42",273.1,1,yujinunome
5662,16458444,"Wei Hsiang Lin111","2026-07-13 23:47:14",273.1,2,weihsianglin111
5663,16378733,Quinten21,"2026-06-19 19:00:37",272.9,2,quinten21
5664,16608810,icelemon2004,"2026-07-28 15:13:24",272.4,2,"guanghuchen,icelemon2004,mustard64"
5665,16506041,"Manish Kumar Kumawat","2026-07-17 04:59:54",272.3,1,manishkkumawat
5666,16557185,kennyxwu,"2026-07-17 21:19:34",272.1,2,kennyxwu
5667,16394199,茅島新矢,"2026-06-23 06:42:39",272.1,2,shinyalll
5668,16395377,cazzie003,"2026-07-03 14:01:36",271.8,2,cazzie003
5669,16534993,浦山拓樹,"2026-07-12 11:33:27",271.8,1,nekoze000
5670,16392807,"PRADEEP HEBBALLI","2026-06-30 13:35:03",271.7,2,pradeephebballi
5671,16381320,Larpmaxxing,"2026-06-19 01:33:52",271.5,2,williamandrian
5672,16380308,yamayuki_poke,"2026-06-17 10:24:34",271.1,1,yamayukipoke
5673,16454448,"elijah ledger","2026-07-01 14:27:46",271.1,2,elijahledger
5674,16383509,"Ryan Rumble","2026-07-25 15:53:54",270.8,2,ryanrumble
5675,16464909,"Saku Daku","2026-07-01 10:52:37",270.0,2,sakudaku
5676,16401628,YukiIde,"2026-06-28 08:23:53",269.6,2,yidey1231
5677,16393876,Needleham,"2026-06-19 19:20:49",269.5,2,needleham
5678,16597926,"Ziyang Luo","2026-07-25 10:25:39",269.5,1,luoziyang1
5679,16473277,"Mr. Bro","2026-07-18 08:58:59",269.4,2,mustafasevndk
5680,16392744,tsubas,"2026-06-21 10:02:51",268.7,1,tsubas
5681,16542130,Seventie,"2026-07-23 06:25:40",268.5,2,shaikabdussattar
5682,16588502,"Andrea Yang","2026-07-28 13:02:20",268.2,1,andreayang1201
5683,16398828,"Thomas Vu","2026-06-23 22:29:31",268.1,2,thomasjvu
5684,16406438,"Hiroyuki Jodai","2026-06-24 12:07:11",267.8,2,hiroyukijodai
5685,16378155,"Cem Secim","2026-06-19 05:42:09",267.7,2,cemsecim1981
5686,16535971,"Egor Urvanov","2026-07-12 19:38:35",267.5,1,egorurvanov
5687,16397133,Simon-the-sorcerer,"2026-07-24 19:01:17",266.9,2,simonwiller
5688,16381387,Josh,"2026-06-18 14:00:58",266.0,2,joshkun
5689,16380986,hiong-e,"2026-06-23 10:29:59",265.4,2,hionge
5690,16514517,QuentinChambers,"2026-07-10 01:45:13",264.1,1,qkchambers
5691,16593854,"Mohit Rawat","2026-07-24 15:14:39",264.1,1,rawatmohit
5692,16437200,"Pengfei Zhou","2026-06-30 19:21:54",264.1,1,mumiao2000
5693,16404528,"Why Is It So","2026-06-25 23:20:43",264.0,2,whyisitso
5694,16383668,Eigetuin,"2026-06-26 06:15:52",263.8,2,h0geh0ge
5695,16377717,"Le Chaton Fat","2026-06-18 13:47:02",262.2,2,anmatngu
5696,16514943,stunningvn,"2026-07-10 09:47:38",261.4,2,dedquoc
5697,16379184,"Shota Yamazaki","2026-06-20 15:18:35",260.4,2,shotaymzk1231
5698,16379938,takagi.y,"2026-06-21 03:19:27",260.2,2,takagiy
5699,16378441,Seiha,"2026-06-18 09:59:47",260.0,2,emilphilvinod
5700,16382485,"Farley Law","2026-06-19 01:09:40",260.0,2,farley852
5701,16386194,"Simon Holk","2026-06-29 00:40:37",259.9,2,simonholk
5702,16608724,"laomei chen","2026-07-28 08:30:51",259.6,1,laomeichen
5703,16380472,Nailin2005,"2026-06-17 19:18:24",258.7,2,nailin2005
5704,16385851,くさまかずき,"2026-07-10 07:28:15",258.4,2,kusanbia
5705,16452715,BeesRock,"2026-07-03 00:30:40",258.0,2,beesrock
5706,16436168,"FATE GATE","2026-06-29 05:18:34",257.5,1,souravrajakxcd
5707,16376699,Lumina-jp,"2026-06-20 10:36:52",257.4,2,luminajp
5708,16572715,LangZhong,"2026-07-26 14:20:18",257.1,2,langzhong
5709,16390725,"Suneet Kumar Saini","2026-06-18 22:57:52",256.3,2,suneetsaini
5710,16375208,hike_on_bush,"2026-06-18 21:52:00",256.1,2,hikeonbush
5711,16383283,"wouter roels","2026-06-19 17:52:53",256.0,2,wouterroels
5712,16403782,"Juan Francisco Ortega Aguilar","2026-07-07 04:23:57",255.3,2,chamakov
5713,16517914,Xion4242,"2026-07-16 20:33:57",255.2,2,xion4242
5714,16400681,MKLeon,"2026-06-21 15:02:03",255.2,2,mkleon
5715,16456612,Eason0203,"2026-07-27 04:56:53",255.1,2,"eason0203,soichironishimori"
5716,16588105,Ternuraz,"2026-07-27 00:20:38",255.1,1,ternuraz
5717,16376444,Vishys,"2026-06-19 02:59:47",255.0,2,vishys2487
5718,16583840,"GuangQuan HU","2026-07-23 01:20:24",253.6,2,guangquanhu
5719,16472261,"Seiji Gobara","2026-07-16 08:58:38",253.1,2,seijigobara
5720,16551341,"Yixuan Lin","2026-07-28 05:25:07",252.6,2,reiinoki
5721,16377067,yoruno281,"2026-06-20 03:22:18",251.5,2,yoruno281
5722,16427478,"Arun R.noa","2026-06-29 12:36:15",251.2,1,zorornoa
5723,16399000,"Hardik Yerne","2026-07-05 06:55:08",250.9,2,hardikyerne
5724,16463611,kimlee,"2026-07-04 09:43:40",250.3,2,kimlee2
5725,16570114,"James Palmer","2026-07-27 23:31:28",249.4,2,jpalmer2
5726,16449398,"Mukesh Patil","2026-07-21 23:25:35",249.1,2,speedforceyt
5727,16386972,Apocalypse7,"2026-07-13 09:48:56",249.0,2,apocalypse7
5728,16408500,Joe722,"2026-06-22 09:50:56",248.6,2,joe722
5729,16387025,"Varun Rao","2026-07-13 03:12:53",248.2,2,varunraosfanlkan
5730,16568986,VVl_74ml,"2026-07-27 17:52:25",247.7,2,vvl74ml
5731,16402252,"Ryosuke Inoda","2026-06-20 13:48:58",246.7,2,ryosukeinoda
5732,16376791,k.wata,"2026-07-01 14:48:11",246.3,2,wararaki
5733,16386898,koppen9029,"2026-06-18 09:51:29",245.9,2,koppen9029
5734,16553328,"Aarav Bajya","2026-07-19 08:38:35",245.2,2,aaravbajya
5735,16484413,haha750,"2026-07-16 14:44:14",245.0,2,haha750
5736,16421859,Amalgam,"2026-07-17 08:08:56",244.8,2,zqgk52ar
5737,16405708,kmj200392,"2026-06-23 02:25:32",244.3,2,kmj200392
5738,16406408,Kazukichi,"2026-06-28 04:22:15",244.2,2,kazu0202
5739,16440572,YuKawamura,"2026-06-30 09:21:31",243.8,2,yukawamura1988
5740,16488171,"JINGWEN JIANG","2026-07-08 00:13:51",242.4,2,skylarswift
5741,16485309,"Samuel Tran","2026-07-07 12:29:27",241.6,2,rainyhawk
5742,16373623,curosfaiya,"2026-06-18 15:21:02",241.4,2,curosfaiya
5743,16399723,RRR1712,"2026-06-25 09:43:10",241.2,2,rrr1712
5744,16392317,Ezra,"2026-06-26 04:41:52",240.1,2,ezra0182
5745,16552563,"Sanyam Jain","2026-07-28 04:04:41",239.3,2,sjain03
5746,16407141,さやのーず,"2026-07-17 05:29:24",239.1,2,"alorphas,jenga0556,sayanotsu"
5747,16393435,piooone,"2026-06-24 03:01:42",238.3,2,piooone
5748,16549085,"moh muh","2026-07-16 12:41:05",236.9,2,mohmuh
5749,16371603,あーしこそがろりこ,"2026-06-17 11:10:21",235.9,2,roriko
5750,16374089,rikulist,"2026-07-15 15:14:06",235.9,2,rikulist
5751,16412060,AlizzeZhang,"2026-06-26 06:03:22",235.5,2,alizzezhang
5752,16384670,Suuuiiii4,"2026-06-17 22:23:02",234.9,2,bharath111l
5753,16414732,SOVEREIGN,"2026-06-26 14:23:25",233.9,2,bosmina
5754,16485972,"Himanshu Pandey","2026-07-05 08:14:24",232.8,2,userxx14
5755,16436746,yoshitown,"2026-06-26 12:45:39",231.3,1,yoshitown
5756,16435646,"Ankita Priyadarsini Mallik","2026-06-26 11:29:48",230.8,1,ankitapmallik
5757,16390817,"Brista T","2026-07-08 22:59:39",230.0,2,bristat
5758,16427200,"Richard Nam","2026-06-24 18:32:42",229.7,1,namrichard
5759,16430455,"Morro do CPV","2026-07-06 23:03:55",228.4,2,sishimiwa
5760,16375982,elroy3141,"2026-06-18 08:45:04",226.6,2,elroy3141
5761,16383442,ryokiti,"2026-07-16 08:32:51",224.7,2,ryokiti
5762,16372009,qtarou1111,"2026-06-16 13:49:16",224.4,1,qtarou1111
5763,16538772,"Umair Khan","2026-07-13 12:44:42",222.8,1,umairmuzaffarkhan
5764,16375436,sho-t,"2026-07-01 14:53:04",222.7,2,shojabon
5765,16560102,"Nur Hadi Budhy","2026-07-21 13:58:32",222.4,2,nurhadibudhy
5766,16480906,Natyu,"2026-07-03 22:59:24",222.1,2,nathanlaoue
5767,16376034,いもぞん,"2026-06-19 02:51:24",221.9,1,imozon0821
5768,16430322,"Harsh Chaudhary ml","2026-06-26 22:38:51",221.7,2,harshchaudharyml
5769,16548714,"sriya atluri","2026-07-23 05:24:52",221.4,2,sriyaatluri123
5770,16509577,Bidoofuses,"2026-07-21 02:45:21",221.2,2,rishigottumukkala
5771,16386285,"Koshiro Yamada","2026-06-23 06:02:08",220.0,2,koshiroyamada
5772,16376284,paraina,"2026-07-07 13:41:28",219.8,2,paraina
5773,16608802,"Keiko San","2026-07-28 08:44:39",217.6,1,keikosan
5774,16376052,Amarett,"2026-06-17 01:11:42",217.4,1,amaret51
5775,16461995,deady_ogae,"2026-07-05 16:43:45",217.3,2,deadyy
5776,16387264,"Stepan Antonov","2026-07-21 17:03:58",216.9,2,stepanantonov
5777,16404753,"Kelvin Lin BU","2026-06-23 17:49:58",216.0,2,kelvinlinbu
5778,16380832,"TakuyAI Obara","2026-06-19 00:07:52",215.2,2,takuyaiobara
5779,16377152,nometoko,"2026-06-27 09:20:41",215.2,1,nometoko
5780,16453886,Yugi64,"2026-07-14 19:24:54",214.6,2,yugii64
5781,16398463,Pino,"2026-06-21 09:52:23",214.1,2,pppinocchio
5782,16530662,"Nguyên Lương Sĩ","2026-07-11 09:38:50",211.8,2,nguynlngs
5783,16373890,"sou yamaguchi","2026-07-27 15:19:38",208.4,2,souyamaguchi
5784,16424465,yut,"2026-06-24 13:22:06",204.8,2,yutezuka
5785,16402931,feodora49,"2026-07-04 12:39:18",203.9,1,feodora49
5786,16399744,tomoniyukiwo,"2026-07-05 06:41:01",203.8,2,tomoniyukiwo
5787,16372753,nashu,"2026-07-25 19:36:25",203.2,2,nashu361
5788,16391020,Kouawph,"2026-07-18 13:01:29",202.6,2,kouawph
5789,16377166,solu199,"2026-06-22 07:24:45",202.5,2,solu199
5790,16509522,"Anthony Toffetti","2026-07-22 19:19:42",201.8,2,anthonytoffetti
5791,16382905,"Mark Bistrean-Chirodea","2026-07-26 10:01:54",201.7,1,markbistreanchirodea
5792,16410790,Nozopo,"2026-07-07 12:35:46",201.3,2,nozopo
5793,16411727,TBBJason,"2026-07-22 19:15:16",201.2,2,tbbjason
5794,16395211,"Alfath Rayyan","2026-06-20 14:34:02",200.6,2,newbieez
5795,16452272,Lennox,"2026-07-27 00:00:29",200.4,2,zephyrlennox
5796,16486079,Akash10pj,"2026-07-04 18:47:21",200.0,2,akash10pj
5797,16418125,ky_penyo,"2026-07-09 05:01:51",199.6,2,kypenyo
5798,16391488,"Rhythm Mecha","2026-06-19 04:11:26",199.4,1,rhythmmecha
5799,16391780,"Wyatt Ethier","2026-06-19 04:42:35",199.0,1,wyattethier
5800,16383609,"Raid al maani","2026-06-23 15:42:32",196.5,2,raidalmaani
5801,16443093,"Minh Hiếu Nguyễn filial","2026-07-04 08:51:29",196.3,1,minhhiunguynfilial
5802,16557448,"Ikeda Wataru","2026-07-27 04:27:24",195.8,2,ikedawataru
5803,16373229,qwegat,"2026-06-17 06:20:12",195.7,1,qwegat
5804,16398023,kuromaru10yen,"2026-06-27 02:19:16",195.4,2,kuromaru10yen
5805,16375875,romanohu,"2026-06-17 05:34:40",194.5,1,romanohu
5806,16378864,ZH1K1NG,"2026-06-18 07:12:15",194.2,2,zh1k1ng
5807,16540422,Matrix,"2026-07-17 07:32:32",192.5,2,shadab7621
5808,16394639,"Felix Allistar","2026-07-08 10:48:10",191.3,2,felixallistar
5809,16429192,Reki,"2026-07-13 00:03:22",190.7,2,ruichardliu
5810,16415046,"Kulwinder Kapoor","2026-06-23 02:06:31",190.7,1,kulwinderkapoor
5811,16417439,"Do Hyun Nam","2026-07-03 04:18:52",189.7,2,dollis
5812,16389369,岡村卓磨,"2026-07-20 06:41:29",189.7,2,okamue
5813,16495746,alkoxy42,"2026-07-14 04:03:25",186.1,1,alkoxy42
5814,16512183,"Md Omar Sunny","2026-07-10 09:38:42",185.9,2,funnyai1234
5815,16434664,ss527936,"2026-06-26 15:36:38",185.6,2,ss527936
5816,16383425,"Simon Côté","2026-06-17 17:26:47",184.3,1,simoncote
5817,16384042,AMIBEN,"2026-07-20 19:20:41",184.2,2,"amiben,charlessonnet"
5818,16425181,kazunokooo,"2026-06-24 16:47:45",183.9,2,higasiyamakazuki
5819,16397800,"haruhi s","2026-06-20 03:00:36",181.7,1,haruhis
5820,16419093,ApoloVTGC,"2026-07-26 11:02:53",181.1,2,apolovtgc
5821,16559056,"Muhammad Waseem Akram","2026-07-17 17:02:14",180.9,1,hackerwasii
5822,16395061,SandeepBits,"2026-06-24 19:21:14",180.1,2,sandeepbits
5823,16458050,"Haoyuan Zhou","2026-06-30 10:17:16",180.1,2,christmashuang
5824,16437500,EclipseHW,"2026-06-26 11:34:53",180.1,2,eclipsehw
5825,16405023,"Donald Galliano III","2026-06-25 12:20:40",179.7,1,donaldgalliano
5826,16378595,UMRgurashi,"2026-06-18 08:50:46",179.6,2,umrgurashi
5827,16473243,mintia-3433,"2026-07-23 13:17:55",179.5,2,tmitani
5828,16380972,"Shinichiro NAKAMURA","2026-06-22 03:57:29",178.2,1,snaka0213
5829,16497790,"Hussain Ather","2026-07-08 04:08:46",177.7,2,hussainather
5830,16445015,matsutomo,"2026-07-05 05:11:03",176.1,2,"ootakoyakioo,tomo252"
5831,16534683,atula,"2026-07-27 13:06:55",175.4,2,tagore15
5832,16376761,otomarukanta,"2026-06-17 09:52:47",174.8,1,otomarukanta
5833,16378222,aka9999,"2026-06-18 13:58:24",173.3,2,ky0822
5834,16376627,"Avik Das","2026-07-15 07:17:13",173.0,2,avikdas567
5835,16554443,"Aaditya Kumar","2026-07-28 05:28:29",172.4,2,kumar15aadi
5836,16491869,"Ryan Susman","2026-07-12 01:29:52",170.4,2,darkmatter2222
5837,16492331,"Coen Hewes","2026-07-16 03:32:16",168.7,2,coenhewes
5838,16602800,"pencil red","2026-07-26 19:24:04",167.2,1,pencilred
5839,16416942,Gilobear,"2026-06-24 21:07:01",161.2,2,"gilobear,netphone"
5840,16395748,"Laerti Shabani","2026-06-19 18:45:15",158.7,2,laertishabani
5841,16377247,"P.J Leek","2026-07-26 06:52:38",157.8,2,pjleek
5842,16424238,"Sahaj Deep Singh","2026-07-28 14:51:00",156.4,2,sahajdeepsingh9877
5843,16390012,"Emanuele Sicurella","2026-06-22 16:31:40",155.4,2,emanuelesicurella
5844,16381407,"Yu Kodate","2026-06-17 14:40:12",154.6,2,yukodate
5845,16498491,"Palla Anjani Pravarsha","2026-07-07 13:41:06",154.1,1,pallaanjanipravarsha
5846,16387119,うめくみ,"2026-06-25 08:35:18",149.9,2,umebosi
5847,16444343,"ANON TOKYO","2026-07-06 09:16:15",148.3,2,caichilin
5848,16585714,"Xian Geyi","2026-07-26 11:17:18",142.2,2,geyixian
5849,16404676,"The Lion Pride","2026-06-21 00:13:30",141.8,1,jdeleeuw
5850,16372682,"Claws V2","2026-07-28 14:52:36",141.0,2,hweowe
5851,16599410,Teolian,"2026-07-27 02:55:08",140.7,1,teolian
5852,16510761,"Ivam Tran","2026-07-25 12:05:17",139.0,2,ivamtran
5853,16447968,"Harnoor Singh","2026-06-29 17:24:16",138.5,2,harnoorsingh798
5854,16372872,"Kirby Tran","2026-07-04 19:48:49",136.8,2,kirbytran
5855,16452649,Mualli,"2026-06-30 16:26:58",132.7,2,mualli
5856,16440893,둔갑숨기,"2026-06-28 18:13:38",132.5,1,kig1235
5857,16464668,"thelecy funga","2026-07-08 05:39:16",131.9,1,thelecyfunga
5858,16561340,samehand,"2026-07-18 01:14:32",126.3,1,samehand
5859,16541666,JuniCastro,"2026-07-14 02:48:29",125.8,1,junicastro
5860,16549280,"Selvin Macwan","2026-07-17 09:04:00",121.3,2,selvin3
5861,16541751,RainTian004,"2026-07-28 03:17:52",113.8,2,raintian004
5862,16373480,naotoyo,"2026-06-16 16:13:39",110.5,1,naotoyo
5863,16508318,"Hayato #2","2026-07-08 22:23:39",110.0,1,hayatonorohayato
5864,16377222,brackylove,"2026-06-27 03:26:46",106.7,1,brackylove
5865,16536178,"Robin Huang","2026-07-27 23:25:19",105.9,1,huangrobin
5866,16516685,"Julien Richaume","2026-07-12 10:47:24",102.2,1,julienrichaume
5867,16496336,mojiki,"2026-07-07 14:55:08",101.0,1,mojiki
5868,16380227,8et4,"2026-06-20 18:58:58",100.9,2,lab8et4
5869,16382846,ta2yakwhr,"2026-06-17 16:40:45",100.8,1,ta2yakwhr
5870,16410712,Stitch,"2026-07-26 13:52:26",80.9,2,mitsuaccessjam
5871,16378758,hex,"2026-06-17 08:10:42",79.1,1,lgvrlv
5872,16396031,pino,"2026-06-19 19:29:56",64.4,1,ntk1104
5873,16386597,Aicy14,"2026-06-24 10:20:07",58.0,2,aicy14
5874,16388649,orecci,"2026-06-19 15:29:11",33.5,2,orecci
5875,16391813,Takashiki,"2026-06-19 04:33:20",4.8,1,takashiki
5876,16392917,Joshua,"2026-06-24 11:52:18",-44.9,2,joshuathinks
5877,16414408,"tanaka yamada","2026-06-28 09:46:46",-254.8,2,tanakayamada
